target_state,lever,intensity,interaction,seed,target_inflow_rate,target_social_cost,chain_share,housing_rejection,job_rejection,coorigin_clustering,parameter_profile,beta_current_state_used
NY,combined,0.0,medium,301,0.004027777777777778,0.04170740184953936,0.0,0.0,0.20301794447683252,0.16916681559039773,calibrated,3.82
NY,combined,0.0,medium,302,0.005694444444444445,-0.023229528171158025,0.14634146341463414,0.025,0.1990843346553093,0.1672871892950777,calibrated,3.82
NY,combined,0.0,medium,303,0.004027777777777778,-0.036144669169236254,0.0,0.0,0.20139648212860506,0.18172436502925007,calibrated,3.82
NY,combined,0.0,medium,304,0.006666666666666667,-0.03988248078661707,0.08333333333333333,0.0,0.19904924038004623,0.19109839232492842,calibrated,3.82
NY,combined,0.0,medium,305,0.0044444444444444444,0.009212330513470831,0.03125,0.0,0.20034957187620084,0.1812447795637225,calibrated,3.82
NY,combined,0.0,medium,306,0.0044444444444444444,-0.008724701919937586,0.1875,0.0,0.20135365034603414,0.181904615320813,calibrated,3.82
NY,combined,0.0,medium,307,0.004722222222222222,0.026107750700899907,0.0,0.0625,0.20071871720994136,0.17849172385750423,calibrated,3.82
NY,combined,0.0,medium,308,0.004027777777777778,-0.008893268386679422,0.0,0.0,0.198584105313373,0.1791246992213705,calibrated,3.82
NY,combined,0.5,medium,301,0.011527777777777777,-0.011004708403485526,0.25301204819277107,0.0641025641025641,0.1570060204752398,0.1789463255943976,calibrated,3.82
NY,combined,0.5,medium,302,0.012916666666666667,-0.055784346903299725,0.25806451612903225,0.012195121951219513,0.1566373749821569,0.17523699692757663,calibrated,3.82
NY,combined,0.5,medium,303,0.009444444444444445,-0.060100235568595665,0.20588235294117646,0.04411764705882353,0.1594265267763479,0.18508753507507344,calibrated,3.82
NY,combined,0.5,medium,304,0.010972222222222222,-0.03741261458891248,0.189873417721519,0.013888888888888888,0.16356863370466498,0.19193772271597384,calibrated,3.82
NY,combined,0.5,medium,305,0.008333333333333333,-0.030450490274478992,0.26666666666666666,0.05084745762711865,0.156599924524145,0.18842652071682384,calibrated,3.82
NY,combined,0.5,medium,306,0.010416666666666666,-0.01605845884472382,0.2,0.04411764705882353,0.15665205581365518,0.17573272250493543,calibrated,3.82
NY,combined,0.5,medium,307,0.00986111111111111,-0.032193014183652224,0.2112676056338028,0.0,0.15596268130342594,0.17492861951075517,calibrated,3.82
NY,combined,0.5,medium,308,0.011805555555555555,-0.04221805509491066,0.3411764705882353,0.0,0.1555398916571169,0.17942815660059167,calibrated,3.82
NY,combined,1.0,medium,301,0.019166666666666665,-0.055923978773352125,0.2898550724637681,0.046875,0.12256890078914569,0.18419154757982759,calibrated,3.82
NY,combined,1.0,medium,302,0.021527777777777778,-0.14143904890361986,0.4,0.10625,0.11722209893001156,0.20861743345952785,calibrated,3.82
NY,combined,1.0,medium,303,0.02125,-0.10742050324801693,0.3006535947712418,0.05405405405405406,0.13141473044689353,0.21239636118668018,calibrated,3.82
NY,combined,1.0,medium,304,0.024166666666666666,-0.13668720925081243,0.41379310344827586,0.058823529411764705,0.12285383386060478,0.20997971495165788,calibrated,3.82
NY,combined,1.0,medium,305,0.02013888888888889,-0.09993491510516184,0.3724137931034483,0.07333333333333333,0.12272958799671063,0.20250263602938476,calibrated,3.82
NY,combined,1.0,medium,306,0.020694444444444446,-0.10898657979695205,0.33557046979865773,0.07482993197278912,0.12638412745081926,0.21039683741173262,calibrated,3.82
NY,combined,1.0,medium,307,0.021388888888888888,-0.09147189484120803,0.3116883116883117,0.053691275167785234,0.11846028469493552,0.1874717447423147,calibrated,3.82
NY,combined,1.0,medium,308,0.021527777777777778,-0.09854621561961885,0.47096774193548385,0.08108108108108109,0.1220539009511269,0.1992835486168713,calibrated,3.82
NY,combined,1.5,medium,301,0.03791666666666667,-0.18900786301207598,0.5787545787545788,0.22018348623853212,0.11569493294851452,0.280049733683518,calibrated,3.82
NY,combined,1.5,medium,302,0.042916666666666665,-0.21687697351798257,0.5889967637540453,0.22070844686648503,0.1077851102724952,0.3134910838917944,calibrated,3.82
NY,combined,1.5,medium,303,0.03902777777777778,-0.18522965015446413,0.5658362989323843,0.24633431085043989,0.12748539656999194,0.3059147323597972,calibrated,3.82
NY,combined,1.5,medium,304,0.041805555555555554,-0.21291720989838497,0.584717607973422,0.21203438395415472,0.10768542882904271,0.3260926428258199,calibrated,3.82
NY,combined,1.5,medium,305,0.0375,-0.17770984439532878,0.5851851851851851,0.22641509433962265,0.12741174178496995,0.2886134529611473,calibrated,3.82
NY,combined,1.5,medium,306,0.03875,-0.21424096882902133,0.6236559139784946,0.19444444444444445,0.10835759270320905,0.309032887113577,calibrated,3.82
NY,combined,1.5,medium,307,0.035972222222222225,-0.1988358195796983,0.6023166023166023,0.19932432432432431,0.10975896538925933,0.2786893324653977,calibrated,3.82
NY,combined,1.5,medium,308,0.03666666666666667,-0.16259465576661425,0.5303030303030303,0.21019108280254778,0.108525712945311,0.2773619923617121,calibrated,3.82
NY,combined,2.0,medium,301,0.056805555555555554,-0.25483981118047877,0.7090464547677262,0.37748344370860926,0.11773638730043341,0.45781357735662537,calibrated,3.82
NY,combined,2.0,medium,302,0.06347222222222222,-0.31828951616295914,0.7527352297592997,0.3561643835616438,0.10988759626493587,0.5411089938146477,calibrated,3.82
NY,combined,2.0,medium,303,0.059722222222222225,-0.28942523836868916,0.7441860465116279,0.37400950871632327,0.12274259988549556,0.507724966560249,calibrated,3.82
NY,combined,2.0,medium,304,0.0675,-0.32959049787322475,0.7839506172839507,0.2985781990521327,0.11145795116433403,0.5760149984986637,calibrated,3.82
NY,combined,2.0,medium,305,0.06,-0.2878504861295959,0.7546296296296297,0.37480314960629924,0.12440909374329778,0.47738085997407237,calibrated,3.82
NY,combined,2.0,medium,306,0.06125,-0.28327568507091994,0.7120181405895691,0.3178694158075601,0.10365077232506902,0.5040302744662433,calibrated,3.82
NY,combined,2.0,medium,307,0.06125,-0.2716522810559528,0.7188208616780045,0.36436597110754415,0.10632476551803581,0.48322154757668445,calibrated,3.82
NY,combined,2.0,medium,308,0.05583333333333333,-0.26545774159399343,0.7338308457711443,0.336283185840708,0.10817379465551324,0.4484217006563974,calibrated,3.82
NY,combined,2.5,medium,301,0.07583333333333334,-0.3403001361711092,0.7783882783882784,0.48314606741573035,0.11480874865270442,0.6694950008691004,calibrated,3.82
NY,combined,2.5,medium,302,0.08402777777777778,-0.41471329297209464,0.8115702479338843,0.4279877425944842,0.11199100652678023,0.8591691809194947,calibrated,3.82
NY,combined,2.5,medium,303,0.07875,-0.3602352110469723,0.781305114638448,0.4725050916496945,0.12354544588934352,0.7208036462493919,calibrated,3.82
NY,combined,2.5,medium,304,0.08513888888888889,-0.41032502275166044,0.8123980424143556,0.3848648648648649,0.10789605613668805,0.8245100301482956,calibrated,3.82
NY,combined,2.5,medium,305,0.08305555555555555,-0.3617359881418233,0.802675585284281,0.45554445554445555,0.12415986215380842,0.7743986104152306,calibrated,3.82
NY,combined,2.5,medium,306,0.08069444444444444,-0.3679879959460639,0.8141135972461274,0.4258271077908218,0.10111573914938667,0.7721359607601044,calibrated,3.82
NY,combined,2.5,medium,307,0.08069444444444444,-0.37743397172279874,0.8141135972461274,0.434279705573081,0.10725653754561253,0.7663540057740791,calibrated,3.82
NY,combined,2.5,medium,308,0.08083333333333333,-0.3723145204481084,0.7852233676975945,0.443169968717414,0.11186979386515972,0.7376644061089636,calibrated,3.82
NY,combined,3.0,medium,301,0.09527777777777778,-0.41472388276468397,0.8615160349854227,0.5588235294117647,0.11345309981460533,0.9217566066438487,calibrated,3.82
NY,combined,3.0,medium,302,0.09152777777777778,-0.44350784611589356,0.8437025796661608,0.5353075170842825,0.1046890985460298,0.9382268946510433,calibrated,3.82
NY,combined,3.0,medium,303,0.09277777777777778,-0.4159339704275963,0.8338323353293413,0.5528040786598689,0.11846046175522801,0.9187612517131837,calibrated,3.82
NY,combined,3.0,medium,304,0.09652777777777778,-0.4565756027955514,0.8517985611510791,0.490521327014218,0.10421461693377815,0.9573675282215781,calibrated,3.82
NY,combined,3.0,medium,305,0.0926388888888889,-0.4127556114064245,0.8725637181409296,0.5542691751085383,0.1239053168414236,0.9222779667726028,calibrated,3.82
NY,combined,3.0,medium,306,0.09180555555555556,-0.43675735781876646,0.848714069591528,0.522007722007722,0.09926235914014901,0.940993823953824,calibrated,3.82
NY,combined,3.0,medium,307,0.09333333333333334,-0.4332558943906313,0.8571428571428571,0.5449852507374632,0.10631335680388164,0.9316404370932473,calibrated,3.82
NY,combined,3.0,medium,308,0.09305555555555556,-0.4226197333127903,0.8492537313432836,0.540641312453393,0.10520262551403015,0.9159564662896258,calibrated,3.82
NY,combined,3.5,medium,301,0.09944444444444445,-0.45145914682638927,0.8756983240223464,0.6044417767106842,0.11247855215547371,0.9700881730328645,calibrated,3.82
NY,combined,3.5,medium,302,0.09680555555555556,-0.4688910571266241,0.8479196556671449,0.5913978494623656,0.10270831394908891,0.9866666666666667,calibrated,3.82
NY,combined,3.5,medium,303,0.0961111111111111,-0.44725775948402313,0.8439306358381503,0.620872641509434,0.12360945369669375,0.9767530627552297,calibrated,3.82
NY,combined,3.5,medium,304,0.1,-0.4733072419338472,0.8486111111111111,0.5520694259012016,0.11099173218103282,0.9702623181416284,calibrated,3.82
NY,combined,3.5,medium,305,0.09777777777777778,-0.44533188727786077,0.8764204545454546,0.6014805675508945,0.12518211025760356,0.9669007855990842,calibrated,3.82
NY,combined,3.5,medium,306,0.09777777777777778,-0.44657580909422945,0.8267045454545454,0.5965453423812461,0.10551613354531512,0.9570208369408366,calibrated,3.82
NY,combined,3.5,medium,307,0.09833333333333333,-0.4533047487581505,0.8785310734463276,0.6038415366146459,0.10575273102390981,0.9670089089654308,calibrated,3.82
NY,combined,3.5,medium,308,0.10055555555555555,-0.4577149425760413,0.8784530386740331,0.5979443772672309,0.10857550589780612,0.9701724714487686,calibrated,3.82
NY,combined,4.0,medium,301,0.10291666666666667,-0.4622023861468971,0.8596491228070176,0.6523279352226721,0.1133375530404863,0.9900724637681159,calibrated,3.82
NY,combined,4.0,medium,302,0.09930555555555555,-0.4742804167192145,0.8531468531468531,0.6223103057757644,0.10328896725528514,0.9933333333333333,calibrated,3.82
NY,combined,4.0,medium,303,0.09986111111111111,-0.4547618870579443,0.8581363004172462,0.6531038080333855,0.12257444467273676,0.9933333333333333,calibrated,3.82
NY,combined,4.0,medium,304,0.10277777777777777,-0.48182812185314583,0.8756756756756757,0.5988372093023255,0.11077503190339603,0.9866896551724138,calibrated,3.82
NY,combined,4.0,medium,305,0.10166666666666667,-0.44866093358951126,0.8620218579234973,0.6441036488630354,0.12620020801082962,0.9867282537175943,calibrated,3.82
NY,combined,4.0,medium,306,0.09888888888888889,-0.47315349662401096,0.8539325842696629,0.6317548746518106,0.10417112504170867,0.9867424242424242,calibrated,3.82
NY,combined,4.0,medium,307,0.10208333333333333,-0.47923262704953495,0.8775510204081632,0.6416799574694312,0.11339154029929745,0.99,calibrated,3.82
NY,combined,4.0,medium,308,0.10236111111111111,-0.47052025779775913,0.8507462686567164,0.6371443907675792,0.10817895842294084,0.9900248756218906,calibrated,3.82
NY,combined,5.0,medium,301,0.10513888888888889,-0.47322886551401244,0.8546895640686922,0.6791248860528715,0.11286156766225351,0.99,calibrated,3.82
NY,combined,5.0,medium,302,0.10222222222222223,-0.4887006884042219,0.8614130434782609,0.6679592825981581,0.10720182932918071,1.0,calibrated,3.82
NY,combined,5.0,medium,303,0.10444444444444445,-0.47089920970493876,0.8417553191489362,0.670760510155881,0.11917300395552595,1.0,calibrated,3.82
NY,combined,5.0,medium,304,0.10416666666666667,-0.5008929270983913,0.8666666666666667,0.6273160402329275,0.11197460270893907,0.9933563218390805,calibrated,3.82
NY,combined,5.0,medium,305,0.10486111111111111,-0.4756563693607308,0.8596026490066225,0.6742883807746151,0.12140781544243939,1.0,calibrated,3.82
NY,combined,5.0,medium,306,0.10388888888888889,-0.4780004562354436,0.8516042780748663,0.6622807017543859,0.10529803912233589,1.0,calibrated,3.82
NY,combined,5.0,medium,307,0.10486111111111111,-0.48012449036669824,0.8701986754966887,0.6857271499324629,0.10914648751074495,0.9966666666666667,calibrated,3.82
NY,combined,5.0,medium,308,0.10694444444444444,-0.4836590296242798,0.8727272727272727,0.6639772187944946,0.11056205212619875,1.0,calibrated,3.82
NY,combined,6.0,medium,301,0.10777777777777778,-0.48787139298412113,0.8530927835051546,0.6682027649769585,0.11475756255644111,1.0,calibrated,3.82
NY,combined,6.0,medium,302,0.10388888888888889,-0.4958063939752248,0.8328877005347594,0.6571146245059288,0.1085763268232912,1.0,calibrated,3.82
NY,combined,6.0,medium,303,0.10527777777777778,-0.4821014677701447,0.8482849604221636,0.6663489037178265,0.11786467346784259,1.0,calibrated,3.82
NY,combined,6.0,medium,304,0.10625,-0.5094609238247827,0.8457516339869281,0.6126760563380281,0.11348077663711692,1.0,calibrated,3.82
NY,combined,6.0,medium,305,0.1063888888888889,-0.48159397021739464,0.835509138381201,0.672961768770152,0.12227160588026637,0.9966666666666667,calibrated,3.82
NY,combined,6.0,medium,306,0.10541666666666667,-0.49504528985122664,0.8590250329380764,0.6558094312105007,0.11009124761916743,1.0,calibrated,3.82
NY,combined,6.0,medium,307,0.1063888888888889,-0.48021698645820865,0.8746736292428199,0.6780354706684857,0.10896677787188602,1.0,calibrated,3.82
NY,combined,6.0,medium,308,0.1075,-0.49332230723937,0.8591731266149871,0.6547733847637416,0.10824400643168101,1.0,calibrated,3.82
NY,combined,0.0,strong,301,0.0033333333333333335,-0.016958409956872398,0.041666666666666664,0.0,0.20098424836281972,0.18681771337425807,calibrated,3.82
NY,combined,0.0,strong,302,0.005,-0.04042006098906636,0.16666666666666666,0.0,0.20290881434212923,0.18075274504061634,calibrated,3.82
NY,combined,0.0,strong,303,0.004583333333333333,-0.0320470442093649,0.06060606060606061,0.03225806451612903,0.1971262355947241,0.18750345838462606,calibrated,3.82
NY,combined,0.0,strong,304,0.004861111111111111,-0.02002127698495719,0.02857142857142857,0.05555555555555555,0.19885747373045257,0.19911849430303932,calibrated,3.82
NY,combined,0.0,strong,305,0.0043055555555555555,0.05626934980235083,0.0967741935483871,0.0,0.19873913024510634,0.1926119148213138,calibrated,3.82
NY,combined,0.0,strong,306,0.007083333333333333,-0.08328769176190999,0.11764705882352941,0.021739130434782608,0.20037499004876244,0.19315136278738096,calibrated,3.82
NY,combined,0.0,strong,307,0.0043055555555555555,-0.06727495198816279,0.0967741935483871,0.0,0.19768621024122537,0.18215217419158664,calibrated,3.82
NY,combined,0.0,strong,308,0.005138888888888889,-0.051307714323506046,0.10810810810810811,0.027777777777777776,0.199204275709981,0.18828158774945739,calibrated,3.82
NY,combined,0.5,strong,301,0.009305555555555555,-0.06853927778167414,0.2835820895522388,0.046875,0.1568096281305796,0.18225401004364217,calibrated,3.82
NY,combined,0.5,strong,302,0.011805555555555555,-0.10269749260310793,0.2235294117647059,0.024390243902439025,0.15688178925506222,0.173753927675331,calibrated,3.82
NY,combined,0.5,strong,303,0.010555555555555556,-0.08969393918912641,0.3026315789473684,0.07042253521126761,0.15751063867020415,0.1882676797386531,calibrated,3.82
NY,combined,0.5,strong,304,0.011527777777777777,-0.06624072159148851,0.1566265060240964,0.02564102564102564,0.15940870617998446,0.19508166193492607,calibrated,3.82
NY,combined,0.5,strong,305,0.010138888888888888,-0.046219244953032625,0.2054794520547945,0.043478260869565216,0.1567758334711485,0.19229589745389414,calibrated,3.82
NY,combined,0.5,strong,306,0.009722222222222222,-0.06433009629769045,0.21428571428571427,0.015151515151515152,0.1580875715974171,0.19134703069600542,calibrated,3.82
NY,combined,0.5,strong,307,0.010416666666666666,-0.05092959589069498,0.21333333333333335,0.04225352112676056,0.1535154820360325,0.18118639822989113,calibrated,3.82
NY,combined,0.5,strong,308,0.011805555555555555,-0.03769491165881438,0.24705882352941178,0.02666666666666667,0.15479342707028843,0.1777169983492959,calibrated,3.82
NY,combined,1.0,strong,301,0.021111111111111112,-0.11503879312580698,0.35526315789473684,0.0684931506849315,0.12213092853137146,0.20744240080242582,calibrated,3.82
NY,combined,1.0,strong,302,0.02638888888888889,-0.15144209338228645,0.47368421052631576,0.13793103448275862,0.1175027557781222,0.21516145222632627,calibrated,3.82
NY,combined,1.0,strong,303,0.02361111111111111,-0.11933957658653149,0.45294117647058824,0.09770114942528736,0.12956172369790633,0.21709644852256427,calibrated,3.82
NY,combined,1.0,strong,304,0.026111111111111113,-0.15367675316603352,0.4734042553191489,0.07526881720430108,0.1258590071704556,0.23806796023629895,calibrated,3.82
NY,combined,1.0,strong,305,0.02388888888888889,-0.11775230181307146,0.47674418604651164,0.125,0.12543698595179534,0.22003314128570367,calibrated,3.82
NY,combined,1.0,strong,306,0.02388888888888889,-0.11957066384178584,0.3430232558139535,0.07386363636363637,0.12402424294507536,0.22685735515410674,calibrated,3.82
NY,combined,1.0,strong,307,0.024166666666666666,-0.11830669343886703,0.5459770114942529,0.14606741573033707,0.12100795071589088,0.21598573196603307,calibrated,3.82
NY,combined,1.0,strong,308,0.025,-0.11111225556435862,0.39444444444444443,0.09944751381215469,0.12118394612030176,0.21738868527650132,calibrated,3.82
NY,combined,1.5,strong,301,0.04013888888888889,-0.1905669333942538,0.5432525951557093,0.2638888888888889,0.11196246186617805,0.3070577962860778,calibrated,3.82
NY,combined,1.5,strong,302,0.04666666666666667,-0.24425632382715334,0.6696428571428571,0.2761904761904762,0.11374768223510177,0.3645789648240063,calibrated,3.82
NY,combined,1.5,strong,303,0.03958333333333333,-0.19989218086182753,0.5859649122807018,0.27520435967302453,0.12816872249492262,0.3168726299670104,calibrated,3.82
NY,combined,1.5,strong,304,0.041805555555555554,-0.21234611009853024,0.5514950166112956,0.23497267759562843,0.10884349099507085,0.3219427262836835,calibrated,3.82
NY,combined,1.5,strong,305,0.041666666666666664,-0.20309381866690288,0.5933333333333334,0.3053435114503817,0.12527645944232876,0.3223989011337635,calibrated,3.82
NY,combined,1.5,strong,306,0.04541666666666667,-0.24090052763955772,0.672782874617737,0.26715686274509803,0.11161091208466467,0.3531108571191079,calibrated,3.82
NY,combined,1.5,strong,307,0.03958333333333333,-0.20209758007870277,0.6140350877192983,0.28610354223433243,0.10671562508461041,0.30083632206456706,calibrated,3.82
NY,combined,1.5,strong,308,0.043333333333333335,-0.21720122069476128,0.6730769230769231,0.2907268170426065,0.11169245155060714,0.30580619764812184,calibrated,3.82
NY,combined,2.0,strong,301,0.058472222222222224,-0.27551077457036366,0.7197149643705463,0.44269340974212035,0.11831347118572678,0.46591928755664735,calibrated,3.82
NY,combined,2.0,strong,302,0.06763888888888889,-0.34508285848780995,0.7535934291581109,0.40897435897435896,0.10762228375181064,0.6289899402761585,calibrated,3.82
NY,combined,2.0,strong,303,0.06236111111111111,-0.30116422746124666,0.7371937639198218,0.4426450742240216,0.12010691683355605,0.5479257210452197,calibrated,3.82
NY,combined,2.0,strong,304,0.07458333333333333,-0.35819565557775657,0.770949720670391,0.3680823680823681,0.10872452707270397,0.6816444626072213,calibrated,3.82
NY,combined,2.0,strong,305,0.06444444444444444,-0.2980325074251014,0.7952586206896551,0.4489528795811518,0.1243317959310964,0.5133329187708845,calibrated,3.82
NY,combined,2.0,strong,306,0.065,-0.30740778025591975,0.7628205128205128,0.43495400788436267,0.10407646534705582,0.5493429165773827,calibrated,3.82
NY,combined,2.0,strong,307,0.06125,-0.2886311679652307,0.7120181405895691,0.42756680731364277,0.1021376452762316,0.4986756173571514,calibrated,3.82
NY,combined,2.0,strong,308,0.06194444444444445,-0.282209110334185,0.7466367713004485,0.44010767160161507,0.10800717047754431,0.49902142160358326,calibrated,3.82
NY,combined,2.5,strong,301,0.0811111111111111,-0.36104885472528075,0.8013698630136986,0.5459057071960298,0.11014287478819008,0.7748517548960535,calibrated,3.82
NY,combined,2.5,strong,302,0.08819444444444445,-0.44405425935736564,0.84251968503937,0.4896551724137931,0.10953023032349211,0.9376870985265314,calibrated,3.82
NY,combined,2.5,strong,303,0.08680555555555555,-0.3959838841700126,0.8144,0.5254378648874062,0.12409802762921185,0.8875168214435395,calibrated,3.82
NY,combined,2.5,strong,304,0.09041666666666667,-0.4189788714634615,0.8463901689708141,0.4765217391304348,0.10956565696690872,0.8998774629788336,calibrated,3.82
NY,combined,2.5,strong,305,0.08569444444444445,-0.39003203541002757,0.826580226904376,0.5017421602787456,0.12916030672811718,0.8425661384666884,calibrated,3.82
NY,combined,2.5,strong,306,0.08916666666666667,-0.41201885419583184,0.8769470404984424,0.4935511607910576,0.10053859485504739,0.9002430795648316,calibrated,3.82
NY,combined,2.5,strong,307,0.08708333333333333,-0.41334150797543556,0.8341307814992025,0.4978317432784042,0.10908614535877198,0.8662318820623329,calibrated,3.82
NY,combined,2.5,strong,308,0.08555555555555555,-0.40340466694815574,0.8522727272727273,0.4791666666666667,0.10713332032174795,0.8656650020538507,calibrated,3.82
NY,combined,3.0,strong,301,0.09847222222222222,-0.4299012510908907,0.8871650211565585,0.5951035781544256,0.12051544491798576,0.9735321345321345,calibrated,3.82
NY,combined,3.0,strong,302,0.0925,-0.45432640416395853,0.8648648648648649,0.5628491620111732,0.10860795273623236,0.9704120362489767,calibrated,3.82
NY,combined,3.0,strong,303,0.09375,-0.43193868721177664,0.837037037037037,0.5978191148171905,0.11912869215420697,0.976792510486985,calibrated,3.82
NY,combined,3.0,strong,304,0.0973611111111111,-0.468879937361831,0.854493580599144,0.5413165266106442,0.11008747649742999,0.9834252873563216,calibrated,3.82
NY,combined,3.0,strong,305,0.09583333333333334,-0.4350659153831949,0.8623188405797102,0.580983606557377,0.12514978807480168,0.9768440767910097,calibrated,3.82
NY,combined,3.0,strong,306,0.0948611111111111,-0.45645487777647265,0.8872620790629575,0.5659986178299931,0.10628389565799885,0.9702277996715928,calibrated,3.82
NY,combined,3.0,strong,307,0.09583333333333334,-0.4393365643785377,0.8608695652173913,0.5626721763085399,0.10371247589443405,0.9769052548555653,calibrated,3.82
NY,combined,3.0,strong,308,0.09625,-0.4392856951385507,0.8672438672438673,0.5848329048843187,0.10472055637087237,0.9704162539542787,calibrated,3.82
NY,combined,3.5,strong,301,0.09986111111111111,-0.44042662507521746,0.8678720445062587,0.6395474137931034,0.11734638628277098,0.9933333333333333,calibrated,3.82
NY,combined,3.5,strong,302,0.09722222222222222,-0.4694131868307217,0.8385714285714285,0.6247848537005164,0.10301482857145368,1.0,calibrated,3.82
NY,combined,3.5,strong,303,0.09861111111111111,-0.44512741959123153,0.8661971830985915,0.6338028169014085,0.11444117304910445,0.9867333388893519,calibrated,3.82
NY,combined,3.5,strong,304,0.1,-0.4760655206828466,0.8666666666666667,0.5903834449178332,0.10675552610674338,0.9800973256134548,calibrated,3.82
NY,combined,3.5,strong,305,0.09805555555555556,-0.45320252023396396,0.8583569405099151,0.6179710144927536,0.12499776254395234,0.9868235294117648,calibrated,3.82
NY,combined,3.5,strong,306,0.09833333333333333,-0.4647540502439914,0.8573446327683616,0.5905118601747815,0.10618455389221633,1.0,calibrated,3.82
NY,combined,3.5,strong,307,0.09972222222222223,-0.4709696536008168,0.8844011142061281,0.6255681818181819,0.1083968754395956,0.9966666666666667,calibrated,3.82
NY,combined,3.5,strong,308,0.10027777777777777,-0.46199701009596794,0.8739612188365651,0.6061502069781195,0.10906320844316947,0.9867441860465116,calibrated,3.82
NY,combined,4.0,strong,301,0.10333333333333333,-0.45436915966941416,0.8481182795698925,0.6676328502415458,0.11349909320286694,0.99,calibrated,3.82
NY,combined,4.0,strong,302,0.09916666666666667,-0.47494630212099337,0.8473389355742297,0.6511017838405037,0.104135873901809,0.9966666666666665,calibrated,3.82
NY,combined,4.0,strong,303,0.10097222222222223,-0.4627564574458931,0.8720770288858322,0.6593462717058223,0.1251364910113433,1.0,calibrated,3.82
NY,combined,4.0,strong,304,0.10402777777777777,-0.49134765913256395,0.8691588785046729,0.624731182795699,0.10634793411060983,0.9966666666666667,calibrated,3.82
NY,combined,4.0,strong,305,0.10125,-0.45698937406845325,0.8710562414266118,0.6533538146441372,0.12340580766476551,0.9900447427293066,calibrated,3.82
NY,combined,4.0,strong,306,0.10097222222222223,-0.46567348283490306,0.8528198074277854,0.6469355683603981,0.10443224215821367,1.0,calibrated,3.82
NY,combined,4.0,strong,307,0.10222222222222223,-0.47181725855523954,0.8682065217391305,0.6650246305418719,0.11008282617784686,0.9966666666666667,calibrated,3.82
NY,combined,4.0,strong,308,0.10208333333333333,-0.4822383250424682,0.8829931972789116,0.6505404014410705,0.10915505677312598,0.9866666666666667,calibrated,3.82
NY,combined,5.0,strong,301,0.10597222222222222,-0.4795991542286977,0.8335517693315858,0.6757129714811407,0.11355101247696732,0.9966666666666667,calibrated,3.82
NY,combined,5.0,strong,302,0.10166666666666667,-0.49046641315536327,0.8401639344262295,0.6727272727272727,0.10566617142004321,0.9966666666666667,calibrated,3.82
NY,combined,5.0,strong,303,0.10305555555555555,-0.47377828916890646,0.8544474393530997,0.6774042950513539,0.11951014173422768,0.9966666666666667,calibrated,3.82
NY,combined,5.0,strong,304,0.10486111111111111,-0.5005818287803409,0.8556291390728477,0.6296101159114857,0.11087138356681199,1.0,calibrated,3.82
NY,combined,5.0,strong,305,0.10513888888888889,-0.4718504339112837,0.8520475561426685,0.6791320406278855,0.1227544506244511,0.9966666666666667,calibrated,3.82
NY,combined,5.0,strong,306,0.10430555555555555,-0.47690632029772556,0.8615179760319573,0.6717123935666982,0.10682898677509982,0.9966666666666667,calibrated,3.82
NY,combined,5.0,strong,307,0.10569444444444444,-0.4771531359258553,0.8580814717477004,0.6830601092896175,0.10980622751634748,1.0,calibrated,3.82
NY,combined,5.0,strong,308,0.10611111111111111,-0.48909911770818615,0.8534031413612565,0.6696554978763568,0.1084468836079685,1.0,calibrated,3.82
NY,combined,6.0,strong,301,0.10861111111111112,-0.4876758485238164,0.8542199488491049,0.6689529035208047,0.11402620188275392,1.0,calibrated,3.82
NY,combined,6.0,strong,302,0.10305555555555555,-0.49915858505632665,0.8436657681940701,0.6576354679802956,0.10976691060157329,1.0,calibrated,3.82
NY,combined,6.0,strong,303,0.105,-0.4803533665270352,0.8544973544973545,0.6710588235294118,0.1182186704828102,1.0,calibrated,3.82
NY,combined,6.0,strong,304,0.10625,-0.5086244964858715,0.8549019607843137,0.6186440677966102,0.1148725581041405,1.0,calibrated,3.82
NY,combined,6.0,strong,305,0.10652777777777778,-0.4844059387608258,0.833116036505867,0.6719038817005545,0.12157102431424255,1.0,calibrated,3.82
NY,combined,6.0,strong,306,0.10583333333333333,-0.49556238808096353,0.8543307086614174,0.6573088092933205,0.10796854920143804,0.9966666666666667,calibrated,3.82
NY,combined,6.0,strong,307,0.10652777777777778,-0.48780469219441536,0.8761408083441982,0.6751592356687898,0.111839398785145,1.0,calibrated,3.82
NY,combined,6.0,strong,308,0.10861111111111112,-0.49341621203014785,0.8861892583120204,0.6548247719635142,0.10849832211031474,1.0,calibrated,3.82
NY,combined,0.0,weak,301,0.003611111111111111,-0.010684652113403172,0.038461538461538464,0.0,0.19781702094539041,0.16604035404604237,calibrated,3.82
NY,combined,0.0,weak,302,0.005416666666666667,-0.07017832103620673,0.05128205128205128,0.0,0.200202658716347,0.16257605395425248,calibrated,3.82
NY,combined,0.0,weak,303,0.0038888888888888888,0.02823079767211002,0.0,0.0,0.1986735491855353,0.17100319226809668,calibrated,3.82
NY,combined,0.0,weak,304,0.005694444444444445,-0.045098550730564804,0.07317073170731707,0.0,0.1991058736674011,0.17432599468183618,calibrated,3.82
NY,combined,0.0,weak,305,0.005138888888888889,-0.04800949793199829,0.16216216216216217,0.0,0.20153058210015676,0.17217872269575732,calibrated,3.82
NY,combined,0.0,weak,306,0.005277777777777778,-0.028671807715585588,0.07894736842105263,0.030303030303030304,0.1990383304352079,0.17494241710688022,calibrated,3.82
NY,combined,0.0,weak,307,0.003611111111111111,0.009213415090423996,0.11538461538461539,0.0,0.20108212973303527,0.1784289962338596,calibrated,3.82
NY,combined,0.0,weak,308,0.004861111111111111,-0.006007722222169776,0.05714285714285714,0.0,0.19863822602856596,0.16730389154338904,calibrated,3.82
NY,combined,0.5,weak,301,0.009166666666666667,-0.030138563935631784,0.15151515151515152,0.015873015873015872,0.15505117122956608,0.1686900642772792,calibrated,3.82
NY,combined,0.5,weak,302,0.009722222222222222,-0.056906326332921114,0.15714285714285714,0.015625,0.1589786531201621,0.17028174307606228,calibrated,3.82
NY,combined,0.5,weak,303,0.00875,-0.01357910247200503,0.14285714285714285,0.0,0.158325774162308,0.16745335294601882,calibrated,3.82
NY,combined,0.5,weak,304,0.009166666666666667,-0.038888389174776,0.12121212121212122,0.017241379310344827,0.16084904351403748,0.18132168564719514,calibrated,3.82
NY,combined,0.5,weak,305,0.008055555555555555,-0.02666069831280293,0.1206896551724138,0.0,0.15716398305730164,0.1773856355111832,calibrated,3.82
NY,combined,0.5,weak,306,0.009027777777777777,-0.012729452965465479,0.1076923076923077,0.0,0.15523290181464938,0.1735588594042757,calibrated,3.82
NY,combined,0.5,weak,307,0.009166666666666667,-0.024575524668208903,0.15151515151515152,0.0,0.15703081323419082,0.16676606911551764,calibrated,3.82
NY,combined,0.5,weak,308,0.008055555555555555,-0.04240800289977321,0.08620689655172414,0.06779661016949153,0.15496197991912974,0.17234227342175482,calibrated,3.82
NY,combined,1.0,weak,301,0.01861111111111111,-0.05601810596264315,0.2537313432835821,0.046511627906976744,0.12289983874878622,0.18708756461125495,calibrated,3.82
NY,combined,1.0,weak,302,0.016944444444444446,-0.10924472430663479,0.30327868852459017,0.025210084033613446,0.1214580143533986,0.18636736783931915,calibrated,3.82
NY,combined,1.0,weak,303,0.021388888888888888,-0.07465222687239649,0.2857142857142857,0.04794520547945205,0.12794289907482662,0.20150619162724734,calibrated,3.82
NY,combined,1.0,weak,304,0.01902777777777778,-0.09202886674122954,0.35766423357664234,0.061068702290076333,0.1242216772218463,0.19374040402461973,calibrated,3.82
NY,combined,1.0,weak,305,0.020277777777777777,-0.08880656438891012,0.3698630136986301,0.05755395683453238,0.12795444718984414,0.1992839680517129,calibrated,3.82
NY,combined,1.0,weak,306,0.022916666666666665,-0.12313736676118267,0.3515151515151515,0.08125,0.12485055593590542,0.20939334415360197,calibrated,3.82
NY,combined,1.0,weak,307,0.02125,-0.09405880172135386,0.4444444444444444,0.06802721088435375,0.12489983880902744,0.19614153053482872,calibrated,3.82
NY,combined,1.0,weak,308,0.01972222222222222,-0.10437068462442003,0.323943661971831,0.043478260869565216,0.11847508669136941,0.18963709825312297,calibrated,3.82
NY,combined,1.5,weak,301,0.03388888888888889,-0.15814383362559595,0.5204918032786885,0.16911764705882354,0.11546065431656315,0.25912319292496555,calibrated,3.82
NY,combined,1.5,weak,302,0.035555555555555556,-0.20751683449743147,0.5625,0.1524822695035461,0.10322812005375237,0.27381159509632563,calibrated,3.82
NY,combined,1.5,weak,303,0.034305555555555554,-0.15142924801424973,0.4251012145748988,0.15730337078651685,0.1291886414787111,0.26293027008400416,calibrated,3.82
NY,combined,1.5,weak,304,0.034583333333333334,-0.17430634669690265,0.4819277108433735,0.11026615969581749,0.110466215332281,0.2717624901814635,calibrated,3.82
NY,combined,1.5,weak,305,0.03638888888888889,-0.1738517932339347,0.5687022900763359,0.2079207920792079,0.12434007896833656,0.2662674459728925,calibrated,3.82
NY,combined,1.5,weak,306,0.035416666666666666,-0.17220712260390575,0.5254901960784314,0.10852713178294573,0.10812845964699229,0.2781240893551638,calibrated,3.82
NY,combined,1.5,weak,307,0.035416666666666666,-0.15928288365674556,0.5686274509803921,0.2062937062937063,0.10663328087469683,0.25891622608843357,calibrated,3.82
NY,combined,1.5,weak,308,0.03347222222222222,-0.14779286179178183,0.48132780082987553,0.1881918819188192,0.10521448351136924,0.24129535382154776,calibrated,3.82
NY,combined,2.0,weak,301,0.05611111111111111,-0.23543648800784886,0.7153465346534653,0.3056092843326886,0.11579670004121673,0.39999665937318035,calibrated,3.82
NY,combined,2.0,weak,302,0.05722222222222222,-0.2782354351639002,0.6456310679611651,0.2859778597785978,0.10833077571847206,0.4625975606580486,calibrated,3.82
NY,combined,2.0,weak,303,0.05305555555555556,-0.24946616959623966,0.7120418848167539,0.3626373626373626,0.12008627646154617,0.4197168721887944,calibrated,3.82
NY,combined,2.0,weak,304,0.058611111111111114,-0.2910705433960936,0.7725118483412322,0.26136363636363635,0.10905700623342314,0.46406180729136426,calibrated,3.82
NY,combined,2.0,weak,305,0.05305555555555556,-0.25659969012189643,0.6910994764397905,0.29878048780487804,0.12699054841108556,0.40098386264170927,calibrated,3.82
NY,combined,2.0,weak,306,0.05763888888888889,-0.2641807446351367,0.6771084337349398,0.22469635627530365,0.10095056087096105,0.46024785743864677,calibrated,3.82
NY,combined,2.0,weak,307,0.049305555555555554,-0.21696749250469163,0.6084507042253521,0.30638297872340425,0.10460393466319469,0.3591271601004193,calibrated,3.82
NY,combined,2.0,weak,308,0.056666666666666664,-0.2448661170596047,0.7034313725490197,0.28166351606805295,0.10876264977957067,0.4268477186315346,calibrated,3.82
NY,combined,2.5,weak,301,0.07291666666666667,-0.32962584413189144,0.7847619047619048,0.4059040590405904,0.11294099480200666,0.6220201820312085,calibrated,3.82
NY,combined,2.5,weak,302,0.07416666666666667,-0.3671110916759127,0.7677902621722846,0.36768447837150126,0.10620704510503415,0.6881828378272966,calibrated,3.82
NY,combined,2.5,weak,303,0.07305555555555555,-0.3316960436175369,0.7661596958174905,0.39950372208436724,0.12359217249841963,0.6527889118664508,calibrated,3.82
NY,combined,2.5,weak,304,0.08041666666666666,-0.35892430146367416,0.7651122625215889,0.32323232323232326,0.10724209352436069,0.7161716553548545,calibrated,3.82
NY,combined,2.5,weak,305,0.07305555555555555,-0.3263630097560421,0.7737642585551331,0.4251207729468599,0.12705419221468592,0.6237058452015579,calibrated,3.82
NY,combined,2.5,weak,306,0.07486111111111111,-0.34722005867680605,0.7829313543599258,0.36235595390524966,0.10266467445192447,0.683660112782493,calibrated,3.82
NY,combined,2.5,weak,307,0.07166666666666667,-0.3303943312136016,0.7810077519379846,0.4248768472906404,0.10428850840799513,0.5950110165566523,calibrated,3.82
NY,combined,2.5,weak,308,0.07597222222222222,-0.35207765577288685,0.8153564899451554,0.39880239520958083,0.11111508979440173,0.6689129093059298,calibrated,3.82
NY,combined,3.0,weak,301,0.08777777777777777,-0.3890869726686605,0.8180379746835443,0.5281803542673108,0.11402061655620051,0.8118711363266056,calibrated,3.82
NY,combined,3.0,weak,302,0.09083333333333334,-0.4298777139703664,0.8241590214067278,0.4578853046594982,0.10676253122403967,0.8933874323999775,calibrated,3.82
NY,combined,3.0,weak,303,0.08819444444444445,-0.3990251464361368,0.8566929133858268,0.5307262569832403,0.12023213614113937,0.8755102809964528,calibrated,3.82
NY,combined,3.0,weak,304,0.09097222222222222,-0.41846271212909547,0.8442748091603054,0.4332706766917293,0.1088210223925725,0.8481981981367482,calibrated,3.82
NY,combined,3.0,weak,305,0.09,-0.40521611182929085,0.8379629629629629,0.5004255319148936,0.12380552571485509,0.8637708776074061,calibrated,3.82
NY,combined,3.0,weak,306,0.0875,-0.40742516528553574,0.8396825396825397,0.4867957746478873,0.10061270470014366,0.8517044568758607,calibrated,3.82
NY,combined,3.0,weak,307,0.08722222222222223,-0.4051514972084757,0.8057324840764332,0.48389982110912344,0.10492354120721435,0.829872306920838,calibrated,3.82
NY,combined,3.0,weak,308,0.08930555555555555,-0.39003667728446995,0.8491446345256609,0.4906779661016949,0.11082033805413442,0.8309963284073288,calibrated,3.82
NY,combined,3.5,weak,301,0.09708333333333333,-0.4410528389985263,0.8483547925608012,0.5648957632817754,0.11356399211596922,0.9344752385943661,calibrated,3.82
NY,combined,3.5,weak,302,0.09458333333333334,-0.44909063638908603,0.8458149779735683,0.561501042390549,0.10340060221783032,0.9445034446069498,calibrated,3.82
NY,combined,3.5,weak,303,0.09444444444444444,-0.4331771820319186,0.8514705882352941,0.581950895819509,0.12025296668679906,0.9413189630033492,calibrated,3.82
NY,combined,3.5,weak,304,0.09861111111111111,-0.46172762447623844,0.8633802816901408,0.5070318282753515,0.10631351014932887,0.9412571637051614,calibrated,3.82
NY,combined,3.5,weak,305,0.0975,-0.4351417788198922,0.8675213675213675,0.5776762402088773,0.11955983794963472,0.9408670976538228,calibrated,3.82
NY,combined,3.5,weak,306,0.09555555555555556,-0.45662933730229394,0.8401162790697675,0.5621584699453552,0.10233061246286558,0.9605619480519481,calibrated,3.82
NY,combined,3.5,weak,307,0.09597222222222222,-0.44767779099193544,0.8639652677279306,0.5721925133689839,0.10696142213091482,0.9474543124232565,calibrated,3.82
NY,combined,3.5,weak,308,0.09652777777777778,-0.4442270311375426,0.8618705035971223,0.5640326975476839,0.10624325845844752,0.9314938658172416,calibrated,3.82
NY,combined,4.0,weak,301,0.10097222222222223,-0.44885833572113526,0.8679504814305364,0.6267916207276737,0.11481078037533499,0.9636642756579895,calibrated,3.82
NY,combined,4.0,weak,302,0.09875,-0.4725908157441307,0.849507735583685,0.6146256529309344,0.10449733558985895,0.9834373394966615,calibrated,3.82
NY,combined,4.0,weak,303,0.09888888888888889,-0.4525032291844489,0.8553370786516854,0.628140703517588,0.12510478184700413,0.9735897435897436,calibrated,3.82
NY,combined,4.0,weak,304,0.10013888888888889,-0.48082564010041595,0.8765603328710125,0.5727908455181182,0.1087585477534116,0.9670076696893056,calibrated,3.82
NY,combined,4.0,weak,305,0.10013888888888889,-0.4566506943215438,0.8432732316227461,0.6331685886875343,0.1239624553206382,0.9702393127521648,calibrated,3.82
NY,combined,4.0,weak,306,0.09972222222222223,-0.4668357717190014,0.8607242339832869,0.6122209165687427,0.1064717838599274,0.9767821067821069,calibrated,3.82
NY,combined,4.0,weak,307,0.10055555555555555,-0.47186506668920764,0.8812154696132597,0.6236619718309859,0.10913865165211471,0.9706763285024155,calibrated,3.82
NY,combined,4.0,weak,308,0.10111111111111111,-0.47308830682911923,0.8585164835164835,0.6050321825629023,0.10798931335950031,0.9834311779164303,calibrated,3.82
NY,combined,5.0,weak,301,0.10555555555555556,-0.47549667351531144,0.8447368421052631,0.6679227508243052,0.1151285120018848,0.9933557046979865,calibrated,3.82
NY,combined,5.0,weak,302,0.10208333333333333,-0.4754952319102296,0.8340136054421768,0.6597118728266269,0.10111327883230659,0.9933333333333333,calibrated,3.82
NY,combined,5.0,weak,303,0.10361111111111111,-0.46638306976011457,0.8525469168900804,0.6726584673604541,0.11978212041988624,0.9933333333333333,calibrated,3.82
NY,combined,5.0,weak,304,0.10458333333333333,-0.5074801309251572,0.8565737051792829,0.6178067318132465,0.10887542746853984,0.9933333333333333,calibrated,3.82
NY,combined,5.0,weak,305,0.10513888888888889,-0.4678642622002363,0.8665785997357992,0.6702881435994331,0.12599537410846262,1.0,calibrated,3.82
NY,combined,5.0,weak,306,0.10333333333333333,-0.48433345382307413,0.8481182795698925,0.6573705179282868,0.1019466719179501,0.9933333333333333,calibrated,3.82
NY,combined,5.0,weak,307,0.10444444444444445,-0.4800566169295472,0.8816489361702128,0.6755743084857009,0.10881228624872802,0.9800951395050774,calibrated,3.82
NY,combined,5.0,weak,308,0.10625,-0.4853147286899932,0.8705882352941177,0.6579457364341085,0.11034333827701688,0.99,calibrated,3.82
NY,combined,6.0,weak,301,0.10833333333333334,-0.4873982070499545,0.8461538461538461,0.6599247412982127,0.11405145454054032,1.0,calibrated,3.82
NY,combined,6.0,weak,302,0.10277777777777777,-0.49935679324495413,0.8527027027027027,0.6554832248372559,0.10699229611262857,0.9966666666666667,calibrated,3.82
NY,combined,6.0,weak,303,0.10680555555555556,-0.4836389589119324,0.8504551365409623,0.6636750118091639,0.12012131915229007,1.0,calibrated,3.82
NY,combined,6.0,weak,304,0.10652777777777778,-0.505584074809612,0.8409387222946545,0.6079607415485279,0.11556943963251465,1.0,calibrated,3.82
NY,combined,6.0,weak,305,0.10666666666666667,-0.4818775345810336,0.84765625,0.6696220251983201,0.1183136456459442,1.0,calibrated,3.82
NY,combined,6.0,weak,306,0.1063888888888889,-0.4847118072045301,0.8550913838120104,0.6560232220609579,0.10744035029985492,1.0,calibrated,3.82
NY,combined,6.0,weak,307,0.10680555555555556,-0.48274174734095093,0.8686605981794538,0.6685159500693482,0.11078948906019857,0.9966666666666667,calibrated,3.82
NY,combined,6.0,weak,308,0.1076388888888889,-0.4895498833260066,0.8722580645161291,0.6574029707714423,0.10772211362573185,0.9966666666666667,calibrated,3.82
NY,employment,0.0,medium,301,0.004027777777777778,0.04170740184953936,0.0,0.0,0.20301794447683252,0.16916681559039773,calibrated,3.82
NY,employment,0.0,medium,302,0.005694444444444445,-0.023229528171158025,0.14634146341463414,0.025,0.1990843346553093,0.1672871892950777,calibrated,3.82
NY,employment,0.0,medium,303,0.004027777777777778,-0.036144669169236254,0.0,0.0,0.20139648212860506,0.18172436502925007,calibrated,3.82
NY,employment,0.0,medium,304,0.006666666666666667,-0.03988248078661707,0.08333333333333333,0.0,0.19904924038004623,0.19109839232492842,calibrated,3.82
NY,employment,0.0,medium,305,0.0044444444444444444,0.009212330513470831,0.03125,0.0,0.20034957187620084,0.1812447795637225,calibrated,3.82
NY,employment,0.0,medium,306,0.0044444444444444444,-0.008724701919937586,0.1875,0.0,0.20135365034603414,0.181904615320813,calibrated,3.82
NY,employment,0.0,medium,307,0.004722222222222222,0.026107750700899907,0.0,0.0625,0.20071871720994136,0.17849172385750423,calibrated,3.82
NY,employment,0.0,medium,308,0.004027777777777778,-0.008893268386679422,0.0,0.0,0.198584105313373,0.1791246992213705,calibrated,3.82
NY,employment,0.5,medium,301,0.006666666666666667,-0.0019843156346991265,0.14583333333333334,0.0,0.1564842252193354,0.17168592767311658,calibrated,3.82
NY,employment,0.5,medium,302,0.008055555555555555,-0.046677609096432086,0.22413793103448276,0.019230769230769232,0.15622922387404928,0.1700512587824721,calibrated,3.82
NY,employment,0.5,medium,303,0.005833333333333334,-0.007428277051389741,0.07142857142857142,0.024390243902439025,0.1568612992961488,0.17857024042643627,calibrated,3.82
NY,employment,0.5,medium,304,0.00625,-0.020430838890816726,0.06666666666666667,0.0,0.15967185255849078,0.1851229477514227,calibrated,3.82
NY,employment,0.5,medium,305,0.005555555555555556,-0.054648747672588635,0.0,0.02702702702702703,0.15890044726458072,0.18693935583182011,calibrated,3.82
NY,employment,0.5,medium,306,0.006388888888888889,-0.0323445321200634,0.13043478260869565,0.023255813953488372,0.15940345212325643,0.18677613456997438,calibrated,3.82
NY,employment,0.5,medium,307,0.006944444444444444,-0.010140141157934664,0.1,0.0,0.1565527641759,0.1788597671446751,calibrated,3.82
NY,employment,0.5,medium,308,0.007083333333333333,-0.039872005221950835,0.1568627450980392,0.0,0.15548083543982952,0.1783868425626179,calibrated,3.82
NY,employment,1.0,medium,301,0.007222222222222222,-0.030601358147141464,0.038461538461538464,0.06,0.12347627556546185,0.17233179812800586,calibrated,3.82
NY,employment,1.0,medium,302,0.009444444444444445,-0.059245524972680375,0.17647058823529413,0.045454545454545456,0.12367301359894017,0.1731161973018432,calibrated,3.82
NY,employment,1.0,medium,303,0.006527777777777778,-0.03803879405292918,0.06382978723404255,0.024390243902439025,0.1338693476071441,0.17940752479117905,calibrated,3.82
NY,employment,1.0,medium,304,0.008333333333333333,-0.07286949970884124,0.18333333333333332,0.11864406779661017,0.12734661086428903,0.18273145097411156,calibrated,3.82
NY,employment,1.0,medium,305,0.007916666666666667,-0.04900226941189428,0.15789473684210525,0.03571428571428571,0.12578837996336475,0.1795443547629658,calibrated,3.82
NY,employment,1.0,medium,306,0.008194444444444445,-0.06557885424435284,0.0847457627118644,0.03508771929824561,0.12967180299700556,0.19306115809161903,calibrated,3.82
NY,employment,1.0,medium,307,0.00875,-0.0461107817468765,0.1111111111111111,0.06557377049180328,0.12226191195575935,0.1845844566042972,calibrated,3.82
NY,employment,1.0,medium,308,0.006527777777777778,-0.03932790206700342,0.1276595744680851,0.0,0.12301604149550131,0.17676752455056982,calibrated,3.82
NY,employment,1.5,medium,301,0.00986111111111111,-0.025355601694081315,0.18309859154929578,0.175,0.11838762881748584,0.18072799304830023,calibrated,3.82
NY,employment,1.5,medium,302,0.01138888888888889,-0.08174201034521639,0.18292682926829268,0.19148936170212766,0.10628952455040147,0.17901705614345617,calibrated,3.82
NY,employment,1.5,medium,303,0.011805555555555555,-0.05101502792693224,0.21176470588235294,0.09523809523809523,0.12690845134562126,0.18022325757550922,calibrated,3.82
NY,employment,1.5,medium,304,0.011111111111111112,-0.07755693747427558,0.1375,0.0641025641025641,0.11264921046865188,0.18634723234354264,calibrated,3.82
NY,employment,1.5,medium,305,0.008333333333333333,-0.024023708414404082,0.11666666666666667,0.09523809523809523,0.12492123849269433,0.18219898682945584,calibrated,3.82
NY,employment,1.5,medium,306,0.011666666666666667,-0.0410295142217465,0.2976190476190476,0.08536585365853659,0.10634785310704588,0.18459563732336523,calibrated,3.82
NY,employment,1.5,medium,307,0.01138888888888889,-0.019373180076407995,0.18292682926829268,0.10465116279069768,0.11244659981384797,0.18334656803344343,calibrated,3.82
NY,employment,1.5,medium,308,0.010555555555555556,-0.038532964992670865,0.18421052631578946,0.027777777777777776,0.10833683014709194,0.17690052599828,calibrated,3.82
NY,employment,2.0,medium,301,0.012361111111111111,-0.07110298072103272,0.2247191011235955,0.19801980198019803,0.1159952810083442,0.1780816542250961,calibrated,3.82
NY,employment,2.0,medium,302,0.01361111111111111,-0.0985082701210311,0.25510204081632654,0.11428571428571428,0.09812696042122689,0.1754071153428377,calibrated,3.82
NY,employment,2.0,medium,303,0.015,-0.04906619587248299,0.24074074074074073,0.19327731092436976,0.12399480307859728,0.19288608206422844,calibrated,3.82
NY,employment,2.0,medium,304,0.014722222222222222,-0.09813650157846046,0.3584905660377358,0.1794871794871795,0.10515279706406601,0.19496510700770794,calibrated,3.82
NY,employment,2.0,medium,305,0.01375,-0.07282534038738642,0.2828282828282828,0.14018691588785046,0.13453628309157378,0.18597557837558204,calibrated,3.82
NY,employment,2.0,medium,306,0.013333333333333334,-0.0835982817065503,0.34375,0.17475728155339806,0.1039402239313746,0.17999908540299087,calibrated,3.82
NY,employment,2.0,medium,307,0.01125,-0.04939535885124061,0.16049382716049382,0.17777777777777778,0.0992980283432442,0.1822884382470222,calibrated,3.82
NY,employment,2.0,medium,308,0.011944444444444445,-0.07572461928391423,0.16279069767441862,0.2079207920792079,0.10730447695162287,0.18403088303176962,calibrated,3.82
NY,employment,2.5,medium,301,0.012777777777777779,-0.059123938947139854,0.2608695652173913,0.2169811320754717,0.10850008851131854,0.1901140937988553,calibrated,3.82
NY,employment,2.5,medium,302,0.015694444444444445,-0.1004585148740687,0.30973451327433627,0.25735294117647056,0.09745064517597951,0.17721570839986772,calibrated,3.82
NY,employment,2.5,medium,303,0.014861111111111111,-0.09045788858385076,0.35514018691588783,0.2714285714285714,0.12174167507800841,0.19122669321157693,calibrated,3.82
NY,employment,2.5,medium,304,0.014305555555555556,-0.10694088621302579,0.22330097087378642,0.29850746268656714,0.10683085903500789,0.19240609504228565,calibrated,3.82
NY,employment,2.5,medium,305,0.014583333333333334,-0.06406918009277679,0.3619047619047619,0.2558139534883721,0.13181208658667912,0.18291868710184156,calibrated,3.82
NY,employment,2.5,medium,306,0.014583333333333334,-0.09319189356823977,0.34285714285714286,0.2835820895522388,0.10087257452888358,0.1857275649713884,calibrated,3.82
NY,employment,2.5,medium,307,0.014027777777777778,-0.07090548609929584,0.36633663366336633,0.2734375,0.09958718257330036,0.18328253375109915,calibrated,3.82
NY,employment,2.5,medium,308,0.014305555555555556,-0.08087673786451377,0.3786407766990291,0.2923076923076923,0.10645836224038947,0.18535022023316927,calibrated,3.82
NY,employment,3.0,medium,301,0.014722222222222222,-0.09359711225092542,0.2830188679245283,0.3055555555555556,0.11532249395333316,0.19165437197224325,calibrated,3.82
NY,employment,3.0,medium,302,0.015,-0.0892240792488199,0.3148148148148148,0.42696629213483145,0.0959669387880953,0.1822664283726188,calibrated,3.82
NY,employment,3.0,medium,303,0.016944444444444446,-0.07046843724203697,0.30327868852459017,0.4032258064516129,0.1261966947361949,0.19462313562637845,calibrated,3.82
NY,employment,3.0,medium,304,0.016944444444444446,-0.12199698332311265,0.2786885245901639,0.30303030303030304,0.10466965638088284,0.18813341323724384,calibrated,3.82
NY,employment,3.0,medium,305,0.01625,-0.0882749467618518,0.3076923076923077,0.3419354838709677,0.12537136558140136,0.1843549468509137,calibrated,3.82
NY,employment,3.0,medium,306,0.017222222222222222,-0.09401285572278494,0.33064516129032256,0.2848101265822785,0.10844262904447118,0.19808126406825957,calibrated,3.82
NY,employment,3.0,medium,307,0.014722222222222222,-0.04115199601273887,0.24528301886792453,0.3142857142857143,0.10697655376994548,0.184598750026823,calibrated,3.82
NY,employment,3.0,medium,308,0.014722222222222222,-0.06959764114479658,0.2830188679245283,0.4171779141104294,0.10242842690019904,0.1899076320163143,calibrated,3.82
NY,employment,3.5,medium,301,0.014722222222222222,-0.0916120625631238,0.24528301886792453,0.4606741573033708,0.11883696908636195,0.18410685873786703,calibrated,3.82
NY,employment,3.5,medium,302,0.017222222222222222,-0.08620429269683147,0.27419354838709675,0.45893719806763283,0.10245175077824771,0.19114271140458625,calibrated,3.82
NY,employment,3.5,medium,303,0.0175,-0.07719781453539172,0.373015873015873,0.4504950495049505,0.13412757900806246,0.18894634111813788,calibrated,3.82
NY,employment,3.5,medium,304,0.01861111111111111,-0.1203293933558148,0.31343283582089554,0.3756345177664975,0.10771445495985828,0.20792261204967527,calibrated,3.82
NY,employment,3.5,medium,305,0.017777777777777778,-0.07673266882252706,0.3125,0.3979591836734694,0.133559784756729,0.1986541027618052,calibrated,3.82
NY,employment,3.5,medium,306,0.015416666666666667,-0.08546497333585916,0.23423423423423423,0.40804597701149425,0.10474768627173603,0.19621109619247876,calibrated,3.82
NY,employment,3.5,medium,307,0.015555555555555555,-0.09999641426646134,0.25,0.38461538461538464,0.10458724521721735,0.18291314993814617,calibrated,3.82
NY,employment,3.5,medium,308,0.01611111111111111,-0.06959598712321277,0.25862068965517243,0.45251396648044695,0.10288623770989828,0.19099133496166612,calibrated,3.82
NY,employment,4.0,medium,301,0.01611111111111111,-0.05562304289164702,0.33620689655172414,0.5772357723577236,0.11102603127060166,0.1868388928223859,calibrated,3.82
NY,employment,4.0,medium,302,0.01875,-0.12014857878574574,0.3925925925925926,0.5592592592592592,0.09576383778426667,0.18691279717976902,calibrated,3.82
NY,employment,4.0,medium,303,0.01625,-0.08763997895943892,0.23931623931623933,0.5384615384615384,0.1342803362129546,0.20252977834831454,calibrated,3.82
NY,employment,4.0,medium,304,0.02013888888888889,-0.12883785316361235,0.38620689655172413,0.4691358024691358,0.1044852635573341,0.20498312670167665,calibrated,3.82
NY,employment,4.0,medium,305,0.014166666666666666,-0.06272331645428718,0.2549019607843137,0.5333333333333333,0.12463454120399581,0.18826514395460706,calibrated,3.82
NY,employment,4.0,medium,306,0.017777777777777778,-0.08944904914269691,0.25,0.48497854077253216,0.10389078213982611,0.20016926491160986,calibrated,3.82
NY,employment,4.0,medium,307,0.017361111111111112,-0.0852472349212501,0.32,0.49777777777777776,0.10009930392204171,0.19233621909881127,calibrated,3.82
NY,employment,4.0,medium,308,0.0175,-0.05714985562042667,0.2777777777777778,0.4511627906976744,0.10662365630362375,0.1941689472953719,calibrated,3.82
NY,employment,5.0,medium,301,0.01597222222222222,-0.06095127301855738,0.2782608695652174,0.6717325227963525,0.11815781840987699,0.1817590779751786,calibrated,3.82
NY,employment,5.0,medium,302,0.01986111111111111,-0.12298257256499727,0.3356643356643357,0.6835748792270532,0.09940353955640709,0.1906487065833449,calibrated,3.82
NY,employment,5.0,medium,303,0.0175,-0.08900149239450773,0.2777777777777778,0.6504559270516718,0.12333068117903885,0.1947508340890808,calibrated,3.82
NY,employment,5.0,medium,304,0.01972222222222222,-0.12858498326646672,0.3873239436619718,0.6088235294117647,0.10342462358299408,0.209524004982023,calibrated,3.82
NY,employment,5.0,medium,305,0.018055555555555554,-0.08466319571810244,0.3230769230769231,0.6638888888888889,0.1190837503941068,0.1925643088071967,calibrated,3.82
NY,employment,5.0,medium,306,0.018472222222222223,-0.0867583023287642,0.2556390977443609,0.6077170418006431,0.1087314956115027,0.1982176970621828,calibrated,3.82
NY,employment,5.0,medium,307,0.018472222222222223,-0.11701369348131825,0.39849624060150374,0.6291793313069909,0.08966190911264238,0.19878418064022885,calibrated,3.82
NY,employment,5.0,medium,308,0.018055555555555554,-0.09312129970479677,0.23846153846153847,0.6369230769230769,0.10903434249999687,0.1939425113777131,calibrated,3.82
NY,employment,6.0,medium,301,0.018333333333333333,-0.0854373433414621,0.25757575757575757,0.7881508078994613,0.11549859428966701,0.18363452531143853,calibrated,3.82
NY,employment,6.0,medium,302,0.020833333333333332,-0.12600225457593098,0.2866666666666667,0.7463503649635036,0.10965914685567164,0.20245123999173786,calibrated,3.82
NY,employment,6.0,medium,303,0.01888888888888889,-0.09446198982062781,0.3235294117647059,0.7549407114624506,0.1272798462452799,0.19666806660482458,calibrated,3.82
NY,employment,6.0,medium,304,0.021527777777777778,-0.1364584194753452,0.4129032258064516,0.7198443579766537,0.10356234838061289,0.2114302899140129,calibrated,3.82
NY,employment,6.0,medium,305,0.01986111111111111,-0.06332144816120207,0.46153846153846156,0.7769784172661871,0.12455725754367075,0.1903941072484901,calibrated,3.82
NY,employment,6.0,medium,306,0.01986111111111111,-0.11582513143852145,0.4405594405594406,0.7255717255717256,0.10007814229254097,0.20491558996975698,calibrated,3.82
NY,employment,6.0,medium,307,0.01986111111111111,-0.08501217048724032,0.3146853146853147,0.7610789980732178,0.10165281898985802,0.1972124916627167,calibrated,3.82
NY,employment,6.0,medium,308,0.019444444444444445,-0.07792087674880163,0.32857142857142857,0.7570621468926554,0.10513973309200764,0.1952780811826165,calibrated,3.82
NY,employment,0.0,strong,301,0.0033333333333333335,-0.016958409956872398,0.041666666666666664,0.0,0.20098424836281972,0.18681771337425807,calibrated,3.82
NY,employment,0.0,strong,302,0.005,-0.04042006098906636,0.16666666666666666,0.0,0.20290881434212923,0.18075274504061634,calibrated,3.82
NY,employment,0.0,strong,303,0.004583333333333333,-0.0320470442093649,0.06060606060606061,0.03225806451612903,0.1971262355947241,0.18750345838462606,calibrated,3.82
NY,employment,0.0,strong,304,0.004861111111111111,-0.02002127698495719,0.02857142857142857,0.05555555555555555,0.19885747373045257,0.19911849430303932,calibrated,3.82
NY,employment,0.0,strong,305,0.0043055555555555555,0.05626934980235083,0.0967741935483871,0.0,0.19873913024510634,0.1926119148213138,calibrated,3.82
NY,employment,0.0,strong,306,0.007083333333333333,-0.08328769176190999,0.11764705882352941,0.021739130434782608,0.20037499004876244,0.19315136278738096,calibrated,3.82
NY,employment,0.0,strong,307,0.0043055555555555555,-0.06727495198816279,0.0967741935483871,0.0,0.19768621024122537,0.18215217419158664,calibrated,3.82
NY,employment,0.0,strong,308,0.005138888888888889,-0.051307714323506046,0.10810810810810811,0.027777777777777776,0.199204275709981,0.18828158774945739,calibrated,3.82
NY,employment,0.5,strong,301,0.006388888888888889,-0.008398515857853416,0.17391304347826086,0.0,0.156494243354702,0.1789884839583837,calibrated,3.82
NY,employment,0.5,strong,302,0.00625,-0.04354670904235625,0.044444444444444446,0.06521739130434782,0.1571194494750833,0.18792548267408987,calibrated,3.82
NY,employment,0.5,strong,303,0.007361111111111111,-0.012989050914931691,0.1320754716981132,0.061224489795918366,0.1617540662150133,0.19335415352679278,calibrated,3.82
NY,employment,0.5,strong,304,0.007638888888888889,-0.05653420061258466,0.16363636363636364,0.0,0.15952667174557408,0.18962714721870205,calibrated,3.82
NY,employment,0.5,strong,305,0.004861111111111111,-0.02210269287396856,0.05714285714285714,0.030303030303030304,0.15936107546038258,0.1924775300667226,calibrated,3.82
NY,employment,0.5,strong,306,0.006805555555555555,-0.06905307807911251,0.16326530612244897,0.0,0.157947154708084,0.19871979415874824,calibrated,3.82
NY,employment,0.5,strong,307,0.006944444444444444,-0.04279918255674012,0.18,0.0,0.15770485878342513,0.18810518307653148,calibrated,3.82
NY,employment,0.5,strong,308,0.00625,0.009079368363148203,0.08888888888888889,0.046511627906976744,0.15856199826829506,0.18644039919526695,calibrated,3.82
NY,employment,1.0,strong,301,0.009583333333333333,-0.03953858373123728,0.2463768115942029,0.015873015873015872,0.12425971694533373,0.19222091925826926,calibrated,3.82
NY,employment,1.0,strong,302,0.009305555555555555,-0.04949991314659503,0.13432835820895522,0.12162162162162163,0.11982149616177078,0.17162490292835458,calibrated,3.82
NY,employment,1.0,strong,303,0.008888888888888889,-0.05569753021631051,0.296875,0.06451612903225806,0.12765557418891407,0.182404096531792,calibrated,3.82
NY,employment,1.0,strong,304,0.008055555555555555,-0.02210409726115378,0.25862068965517243,0.06896551724137931,0.1263946260300781,0.19585000897216934,calibrated,3.82
NY,employment,1.0,strong,305,0.008888888888888889,-0.050557959692815096,0.203125,0.046875,0.12926657075504347,0.18302288848586074,calibrated,3.82
NY,employment,1.0,strong,306,0.009305555555555555,-0.05004898557799735,0.1044776119402985,0.03278688524590164,0.12356031027473426,0.1962815324709047,calibrated,3.82
NY,employment,1.0,strong,307,0.008888888888888889,-0.043039019762890963,0.25,0.01694915254237288,0.12079888490642166,0.18886854688490318,calibrated,3.82
NY,employment,1.0,strong,308,0.007916666666666667,-0.0803557141110774,0.24561403508771928,0.05555555555555555,0.1185006653392268,0.19174608659774606,calibrated,3.82
NY,employment,1.5,strong,301,0.011666666666666667,-0.05047356339079278,0.2857142857142857,0.16483516483516483,0.12054548928524784,0.18426021844306614,calibrated,3.82
NY,employment,1.5,strong,302,0.012777777777777779,-0.08321908513580561,0.30434782608695654,0.22429906542056074,0.10996082275843723,0.18539214086204053,calibrated,3.82
NY,employment,1.5,strong,303,0.011666666666666667,-0.11620925735829857,0.32142857142857145,0.14285714285714285,0.12860597841617621,0.18484185788904856,calibrated,3.82
NY,employment,1.5,strong,304,0.012361111111111111,-0.04047943140142541,0.1797752808988764,0.16,0.11285593434664,0.19495225051256837,calibrated,3.82
NY,employment,1.5,strong,305,0.01361111111111111,-0.07365810279652851,0.19387755102040816,0.17307692307692307,0.1230279606402454,0.1887474388896421,calibrated,3.82
NY,employment,1.5,strong,306,0.0125,-0.07179070347266969,0.24444444444444444,0.11702127659574468,0.11766955846630245,0.20926041493708647,calibrated,3.82
NY,employment,1.5,strong,307,0.010833333333333334,-0.07932286305393799,0.24358974358974358,0.0625,0.10889289604541923,0.18438471449949673,calibrated,3.82
NY,employment,1.5,strong,308,0.010416666666666666,-0.04899081728793495,0.18666666666666668,0.06666666666666667,0.1091141857469368,0.19037196310513263,calibrated,3.82
NY,employment,2.0,strong,301,0.013333333333333334,-0.0804124960375922,0.3020833333333333,0.272,0.11636574675023165,0.18216557180099532,calibrated,3.82
NY,employment,2.0,strong,302,0.014583333333333334,-0.07116193692773402,0.29523809523809524,0.19008264462809918,0.1122823204382709,0.186160831173249,calibrated,3.82
NY,employment,2.0,strong,303,0.0125,-0.08175605824534082,0.26666666666666666,0.17647058823529413,0.12786551609527905,0.18831209349597802,calibrated,3.82
NY,employment,2.0,strong,304,0.014305555555555556,-0.10254677685162852,0.33980582524271846,0.19469026548672566,0.09677252830626333,0.19992567728527924,calibrated,3.82
NY,employment,2.0,strong,305,0.014444444444444444,-0.0963236957664105,0.28846153846153844,0.2440944881889764,0.11816213143796865,0.18987146658502824,calibrated,3.82
NY,employment,2.0,strong,306,0.015277777777777777,-0.13753548236763655,0.4,0.18333333333333332,0.10412502114767501,0.19706242889864475,calibrated,3.82
NY,employment,2.0,strong,307,0.013055555555555556,-0.08244232488612097,0.30851063829787234,0.15,0.10794692977906778,0.1919913537019059,calibrated,3.82
NY,employment,2.0,strong,308,0.013333333333333334,-0.08416178949425096,0.2916666666666667,0.12371134020618557,0.10053024174187868,0.1952236415687069,calibrated,3.82
NY,employment,2.5,strong,301,0.014166666666666666,-0.07243531149355575,0.28431372549019607,0.3262411347517731,0.11839929034851371,0.17864328272526545,calibrated,3.82
NY,employment,2.5,strong,302,0.01597222222222222,-0.12683074998669375,0.2782608695652174,0.3,0.10301373954731086,0.19601491194744491,calibrated,3.82
NY,employment,2.5,strong,303,0.01513888888888889,-0.09283477326895019,0.23853211009174313,0.2589928057553957,0.12575836073782973,0.20496923815658907,calibrated,3.82
NY,employment,2.5,strong,304,0.015833333333333335,-0.105266877742481,0.2982456140350877,0.2708333333333333,0.10799528374779176,0.20429529410295053,calibrated,3.82
NY,employment,2.5,strong,305,0.013888888888888888,-0.08250504833736455,0.3,0.3333333333333333,0.12115520372249257,0.19045528687778,calibrated,3.82
NY,employment,2.5,strong,306,0.015555555555555555,-0.1079995361044365,0.2767857142857143,0.2230769230769231,0.10749050751841029,0.20241152381712932,calibrated,3.82
NY,employment,2.5,strong,307,0.014027777777777778,-0.11478459179864067,0.31683168316831684,0.23140495867768596,0.09986758113974858,0.19711322851363217,calibrated,3.82
NY,employment,2.5,strong,308,0.01638888888888889,-0.0780079739270052,0.2966101694915254,0.4134078212290503,0.10889491663473823,0.19029847518492005,calibrated,3.82
NY,employment,3.0,strong,301,0.01611111111111111,-0.07097364507114343,0.2672413793103448,0.45108695652173914,0.10981628010359236,0.1839542619292629,calibrated,3.82
NY,employment,3.0,strong,302,0.017083333333333332,-0.1008637213975199,0.3170731707317073,0.4,0.10242677148575617,0.19417167715537048,calibrated,3.82
NY,employment,3.0,strong,303,0.01513888888888889,-0.07201799994591804,0.25688073394495414,0.4388888888888889,0.12798360997040262,0.1962971961809747,calibrated,3.82
NY,employment,3.0,strong,304,0.0175,-0.10477832790969949,0.31746031746031744,0.375,0.10579032220279404,0.20388886285571117,calibrated,3.82
NY,employment,3.0,strong,305,0.0175,-0.10217128634269847,0.4523809523809524,0.37433155080213903,0.12297242444389496,0.20473380349776088,calibrated,3.82
NY,employment,3.0,strong,306,0.015277777777777777,-0.07629647621877862,0.23636363636363636,0.3503184713375796,0.09935341940352921,0.19833773104552507,calibrated,3.82
NY,employment,3.0,strong,307,0.014027777777777778,-0.09043802766303416,0.25742574257425743,0.41566265060240964,0.10429850417163976,0.18915626657529888,calibrated,3.82
NY,employment,3.0,strong,308,0.01611111111111111,-0.0940250437881389,0.3448275862068966,0.4222222222222222,0.10736700598245603,0.19342438706519519,calibrated,3.82
NY,employment,3.5,strong,301,0.01513888888888889,-0.07962164575503536,0.26605504587155965,0.44692737430167595,0.10705292356001124,0.1899406224956027,calibrated,3.82
NY,employment,3.5,strong,302,0.01888888888888889,-0.09969983034158224,0.3161764705882353,0.5303030303030303,0.10169355700399767,0.1946362806687161,calibrated,3.82
NY,employment,3.5,strong,303,0.014861111111111111,-0.07532561598977935,0.24299065420560748,0.43783783783783786,0.12064445719406543,0.19974206564578179,calibrated,3.82
NY,employment,3.5,strong,304,0.018055555555555554,-0.118410910119373,0.3,0.45374449339207046,0.10454915457355528,0.20382025091030462,calibrated,3.82
NY,employment,3.5,strong,305,0.017638888888888888,-0.08398062531667423,0.36220472440944884,0.4411764705882353,0.11574260687952109,0.19403849426835992,calibrated,3.82
NY,employment,3.5,strong,306,0.018055555555555554,-0.1301922983839501,0.43846153846153846,0.4669811320754717,0.10570793298388759,0.20395801578063766,calibrated,3.82
NY,employment,3.5,strong,307,0.01638888888888889,-0.08863839202957961,0.3644067796610169,0.44221105527638194,0.09860115109594779,0.19383380928360427,calibrated,3.82
NY,employment,3.5,strong,308,0.017916666666666668,-0.08288111848722485,0.3643410852713178,0.4778761061946903,0.10354592981915638,0.2001686283448109,calibrated,3.82
NY,employment,4.0,strong,301,0.015694444444444445,-0.06530050693224723,0.34513274336283184,0.5497835497835498,0.10868353684928389,0.1891451986994591,calibrated,3.82
NY,employment,4.0,strong,302,0.019583333333333335,-0.13005890708557175,0.2695035460992908,0.5639344262295082,0.1053894296886005,0.20458011018208475,calibrated,3.82
NY,employment,4.0,strong,303,0.016666666666666666,-0.10376036053485056,0.3416666666666667,0.5228215767634855,0.13114658920343072,0.2091253149748297,calibrated,3.82
NY,employment,4.0,strong,304,0.018472222222222223,-0.12589613919365383,0.3233082706766917,0.5627240143369175,0.10404020098504234,0.20484356162026177,calibrated,3.82
NY,employment,4.0,strong,305,0.017222222222222222,-0.09057634597579331,0.41935483870967744,0.5551020408163265,0.11567281097153048,0.198526280377402,calibrated,3.82
NY,employment,4.0,strong,306,0.018333333333333333,-0.10340402231805247,0.3560606060606061,0.5555555555555556,0.1024762121800357,0.19927427128283628,calibrated,3.82
NY,employment,4.0,strong,307,0.01638888888888889,-0.08618196860283207,0.3220338983050847,0.5483870967741935,0.09434880476090048,0.19541021820365126,calibrated,3.82
NY,employment,4.0,strong,308,0.016805555555555556,-0.08786124817387578,0.24793388429752067,0.5511811023622047,0.10745696572292003,0.19650470246522797,calibrated,3.82
NY,employment,5.0,strong,301,0.017916666666666668,-0.08580709544686162,0.4573643410852713,0.6864864864864865,0.11973978256734082,0.1934753851968551,calibrated,3.82
NY,employment,5.0,strong,302,0.020972222222222222,-0.1447902790263499,0.41721854304635764,0.6787330316742082,0.1038211679140182,0.20833142471396834,calibrated,3.82
NY,employment,5.0,strong,303,0.018055555555555554,-0.07254312001719872,0.3384615384615385,0.7068965517241379,0.1277877195686,0.19895316787776374,calibrated,3.82
NY,employment,5.0,strong,304,0.023194444444444445,-0.14649436743613337,0.47904191616766467,0.6383495145631068,0.11308737331451928,0.2127677081893939,calibrated,3.82
NY,employment,5.0,strong,305,0.019583333333333335,-0.08726101564335947,0.3546099290780142,0.684863523573201,0.12603328825655122,0.2011748107242461,calibrated,3.82
NY,employment,5.0,strong,306,0.01972222222222222,-0.10808948559351217,0.30985915492957744,0.6666666666666666,0.10699648173615317,0.20826391824166132,calibrated,3.82
NY,employment,5.0,strong,307,0.01888888888888889,-0.09233564182417278,0.22794117647058823,0.6787564766839378,0.10095183404958026,0.19953451057455338,calibrated,3.82
NY,employment,5.0,strong,308,0.017638888888888888,-0.07217133623275497,0.29133858267716534,0.6829268292682927,0.09881870078434268,0.19834950544963767,calibrated,3.82
NY,employment,6.0,strong,301,0.01861111111111111,-0.09119808142094457,0.3805970149253731,0.7959866220735786,0.11360274446350117,0.18606982465053648,calibrated,3.82
NY,employment,6.0,strong,302,0.021666666666666667,-0.13434878957343,0.36538461538461536,0.7751196172248804,0.10285978786674266,0.2026176907957401,calibrated,3.82
NY,employment,6.0,strong,303,0.018472222222222223,-0.10958666636139547,0.40601503759398494,0.7799295774647887,0.12683891144834428,0.20343491376169215,calibrated,3.82
NY,employment,6.0,strong,304,0.023194444444444445,-0.12069354751504151,0.4311377245508982,0.7634408602150538,0.10655089256276627,0.2130930448992386,calibrated,3.82
NY,employment,6.0,strong,305,0.018194444444444444,-0.08631009254003186,0.4122137404580153,0.7804428044280443,0.11210111754404635,0.20473689848454873,calibrated,3.82
NY,employment,6.0,strong,306,0.021527777777777778,-0.10719553471779386,0.3741935483870968,0.7564766839378239,0.10461076932768032,0.2151083718335216,calibrated,3.82
NY,employment,6.0,strong,307,0.02013888888888889,-0.1261380663968565,0.4206896551724138,0.7673179396092362,0.11029829100159684,0.20471674497500986,calibrated,3.82
NY,employment,6.0,strong,308,0.019444444444444445,-0.11876685763284678,0.38571428571428573,0.7638376383763837,0.10537449572135842,0.21273439132728747,calibrated,3.82
NY,employment,0.0,weak,301,0.003611111111111111,-0.010684652113403172,0.038461538461538464,0.0,0.19781702094539041,0.16604035404604237,calibrated,3.82
NY,employment,0.0,weak,302,0.005416666666666667,-0.07017832103620673,0.05128205128205128,0.0,0.200202658716347,0.16257605395425248,calibrated,3.82
NY,employment,0.0,weak,303,0.0038888888888888888,0.02823079767211002,0.0,0.0,0.1986735491855353,0.17100319226809668,calibrated,3.82
NY,employment,0.0,weak,304,0.005694444444444445,-0.045098550730564804,0.07317073170731707,0.0,0.1991058736674011,0.17432599468183618,calibrated,3.82
NY,employment,0.0,weak,305,0.005138888888888889,-0.04800949793199829,0.16216216216216217,0.0,0.20153058210015676,0.17217872269575732,calibrated,3.82
NY,employment,0.0,weak,306,0.005277777777777778,-0.028671807715585588,0.07894736842105263,0.030303030303030304,0.1990383304352079,0.17494241710688022,calibrated,3.82
NY,employment,0.0,weak,307,0.003611111111111111,0.009213415090423996,0.11538461538461539,0.0,0.20108212973303527,0.1784289962338596,calibrated,3.82
NY,employment,0.0,weak,308,0.004861111111111111,-0.006007722222169776,0.05714285714285714,0.0,0.19863822602856596,0.16730389154338904,calibrated,3.82
NY,employment,0.5,weak,301,0.006388888888888889,-0.021741539851513562,0.13043478260869565,0.045454545454545456,0.15909018353365276,0.17037891175226552,calibrated,3.82
NY,employment,0.5,weak,302,0.005833333333333334,-0.0353763269436111,0.047619047619047616,0.0,0.1566338384730446,0.1633520194861652,calibrated,3.82
NY,employment,0.5,weak,303,0.003611111111111111,-0.037454509512342284,0.11538461538461539,0.038461538461538464,0.16284112647506985,0.17080462415225417,calibrated,3.82
NY,employment,0.5,weak,304,0.005555555555555556,-0.06336453875881506,0.075,0.027777777777777776,0.15963564066359975,0.1775418353242547,calibrated,3.82
NY,employment,0.5,weak,305,0.006666666666666667,0.04588386432810545,0.16666666666666666,0.0,0.1585979566488457,0.17877570711922844,calibrated,3.82
NY,employment,0.5,weak,306,0.006944444444444444,0.002999743717238754,0.16,0.0,0.1553927024707441,0.17314224496304675,calibrated,3.82
NY,employment,0.5,weak,307,0.005833333333333334,-0.0041353746653504065,0.19047619047619047,0.05405405405405406,0.15547704426134126,0.16356896370223287,calibrated,3.82
NY,employment,0.5,weak,308,0.006666666666666667,-0.038545617832942476,0.25,0.0,0.1593782630277031,0.16811111600856515,calibrated,3.82
NY,employment,1.0,weak,301,0.007222222222222222,-0.023754375625644215,0.15384615384615385,0.04,0.12945004080419945,0.1659068871117609,calibrated,3.82
NY,employment,1.0,weak,302,0.006666666666666667,-0.04339259801602205,0.25,0.044444444444444446,0.11435689617836435,0.16681261376442522,calibrated,3.82
NY,employment,1.0,weak,303,0.009166666666666667,-0.03421501124328029,0.21212121212121213,0.0,0.13763880125531527,0.17897463085829485,calibrated,3.82
NY,employment,1.0,weak,304,0.008194444444444445,-0.06698482662098762,0.1016949152542373,0.03389830508474576,0.1269678810874856,0.1761632847968821,calibrated,3.82
NY,employment,1.0,weak,305,0.0075,-0.01586701815041356,0.2222222222222222,0.02040816326530612,0.1259796318503639,0.16661531379517466,calibrated,3.82
NY,employment,1.0,weak,306,0.010138888888888888,-0.05532344782160778,0.2054794520547945,0.0,0.1292777335282259,0.17447276961961597,calibrated,3.82
NY,employment,1.0,weak,307,0.006944444444444444,-0.008047341511027315,0.2,0.02127659574468085,0.1121254970534014,0.1689862005484272,calibrated,3.82
NY,employment,1.0,weak,308,0.006805555555555555,-0.017880987585960996,0.10204081632653061,0.02040816326530612,0.11709118621941078,0.17814158834461702,calibrated,3.82
NY,employment,1.5,weak,301,0.010694444444444444,-0.04537772499338302,0.19480519480519481,0.10256410256410256,0.10846900974253855,0.17084867339976792,calibrated,3.82
NY,employment,1.5,weak,302,0.010416666666666666,-0.06246095818108954,0.21333333333333335,0.04411764705882353,0.1057808565392483,0.16560981803109398,calibrated,3.82
NY,employment,1.5,weak,303,0.008611111111111111,-0.035024674607004404,0.14516129032258066,0.06451612903225806,0.13818274429907432,0.17847360464005618,calibrated,3.82
NY,employment,1.5,weak,304,0.010972222222222222,-0.05623743465799656,0.20253164556962025,0.08,0.12060666071355026,0.17735690771046406,calibrated,3.82
NY,employment,1.5,weak,305,0.00986111111111111,-0.04642087630050109,0.18309859154929578,0.0958904109589041,0.12775390168072442,0.172070059397607,calibrated,3.82
NY,employment,1.5,weak,306,0.01125,-0.0678912173278751,0.20987654320987653,0.0547945205479452,0.11026110455051195,0.18130123292980738,calibrated,3.82
NY,employment,1.5,weak,307,0.010416666666666666,-0.001855208846680861,0.2,0.09333333333333334,0.10535392447323179,0.17106725260009953,calibrated,3.82
NY,employment,1.5,weak,308,0.009305555555555555,-0.014364933339905064,0.1791044776119403,0.07692307692307693,0.10724601144061101,0.1792525418017807,calibrated,3.82
NY,employment,2.0,weak,301,0.013194444444444444,-0.032676648664875026,0.3157894736842105,0.15,0.11316651339508264,0.16749992094421082,calibrated,3.82
NY,employment,2.0,weak,302,0.012916666666666667,-0.09570914613795597,0.24731182795698925,0.12871287128712872,0.1010560602585648,0.16746305115777252,calibrated,3.82
NY,employment,2.0,weak,303,0.010138888888888888,-0.06668110670482519,0.1643835616438356,0.13924050632911392,0.12456964134465238,0.1718613755628868,calibrated,3.82
NY,employment,2.0,weak,304,0.014027777777777778,-0.08166396724305613,0.25742574257425743,0.1,0.10250494411210136,0.18788426354757695,calibrated,3.82
NY,employment,2.0,weak,305,0.012916666666666667,-0.06670055574110706,0.24731182795698925,0.1134020618556701,0.11851027590951135,0.17270311828302048,calibrated,3.82
NY,employment,2.0,weak,306,0.0125,-0.014142945500353526,0.2111111111111111,0.08333333333333333,0.09879306925707382,0.18628552843546578,calibrated,3.82
NY,employment,2.0,weak,307,0.012638888888888889,-0.042218444386942715,0.27472527472527475,0.13978494623655913,0.10038921420530265,0.1746451301075967,calibrated,3.82
NY,employment,2.0,weak,308,0.01125,-0.043050588006052035,0.2345679012345679,0.1797752808988764,0.10045101397034123,0.17252326748547928,calibrated,3.82
NY,employment,2.5,weak,301,0.01361111111111111,-0.05173300049361611,0.25510204081632654,0.2288135593220339,0.11942810955620614,0.1781262308179393,calibrated,3.82
NY,employment,2.5,weak,302,0.015,-0.10445812621712618,0.2777777777777778,0.21428571428571427,0.0975667963527201,0.17258768034894406,calibrated,3.82
NY,employment,2.5,weak,303,0.014166666666666666,-0.06026158570311026,0.3137254901960784,0.25,0.12415736856625244,0.1741081083670966,calibrated,3.82
NY,employment,2.5,weak,304,0.014444444444444444,-0.09225136208932742,0.3269230769230769,0.12264150943396226,0.10013253846725918,0.18515842931527976,calibrated,3.82
NY,employment,2.5,weak,305,0.014305555555555556,-0.06864430178018123,0.2524271844660194,0.2066115702479339,0.1246347859461181,0.1813409949246609,calibrated,3.82
NY,employment,2.5,weak,306,0.015,-0.08345101875972996,0.35185185185185186,0.14035087719298245,0.10642864953714405,0.19126100155952352,calibrated,3.82
NY,employment,2.5,weak,307,0.012222222222222223,-0.03439144430831446,0.2727272727272727,0.3157894736842105,0.09900073319063639,0.16972324762641477,calibrated,3.82
NY,employment,2.5,weak,308,0.014027777777777778,-0.07418483197145692,0.26732673267326734,0.226890756302521,0.1036795518481306,0.1773162093203467,calibrated,3.82
NY,employment,3.0,weak,301,0.014583333333333334,-0.043986628522985426,0.2857142857142857,0.37583892617449666,0.1151798193738439,0.17378112333424903,calibrated,3.82
NY,employment,3.0,weak,302,0.014861111111111111,-0.07757639128755378,0.2616822429906542,0.3333333333333333,0.09442906794047824,0.1728953475630102,calibrated,3.82
NY,employment,3.0,weak,303,0.015,-0.06435736377679985,0.3055555555555556,0.2631578947368421,0.12514794195780823,0.18609506150411523,calibrated,3.82
NY,employment,3.0,weak,304,0.016666666666666666,-0.09163550820434535,0.2833333333333333,0.24305555555555555,0.10850304648941884,0.19634696028289875,calibrated,3.82
NY,employment,3.0,weak,305,0.015416666666666667,-0.05184514818817481,0.27927927927927926,0.33121019108280253,0.1279580352462912,0.1863277137619331,calibrated,3.82
NY,employment,3.0,weak,306,0.014583333333333334,-0.07267871372686398,0.2571428571428571,0.14814814814814814,0.09958675754871316,0.1837498714385913,calibrated,3.82
NY,employment,3.0,weak,307,0.014305555555555556,-0.08296323851556536,0.3300970873786408,0.30656934306569344,0.09631940457170556,0.1842780485886809,calibrated,3.82
NY,employment,3.0,weak,308,0.01625,-0.08260468341730971,0.23931623931623933,0.22727272727272727,0.0953566271900615,0.18513716286386503,calibrated,3.82
NY,employment,3.5,weak,301,0.014305555555555556,-0.04604171025939496,0.1941747572815534,0.4146341463414634,0.12292936891727162,0.17499574660037723,calibrated,3.82
NY,employment,3.5,weak,302,0.017638888888888888,-0.09466686210795483,0.4015748031496063,0.3695652173913043,0.10216941868370914,0.18839911959535757,calibrated,3.82
NY,employment,3.5,weak,303,0.016944444444444446,-0.06938677138901925,0.2459016393442623,0.3956043956043956,0.13342270040717571,0.19349856656551678,calibrated,3.82
NY,employment,3.5,weak,304,0.016527777777777777,-0.08269674776216009,0.2857142857142857,0.35260115606936415,0.10558706921724731,0.19790864739948918,calibrated,3.82
NY,employment,3.5,weak,305,0.01611111111111111,-0.03661930105135096,0.27586206896551724,0.4,0.13152191409678118,0.18616867714027216,calibrated,3.82
NY,employment,3.5,weak,306,0.017222222222222222,-0.08667381638405422,0.3467741935483871,0.3825136612021858,0.10020411997892738,0.18753307726165447,calibrated,3.82
NY,employment,3.5,weak,307,0.01597222222222222,-0.05410791863229755,0.2956521739130435,0.44086021505376344,0.09702546276315792,0.18546321763011803,calibrated,3.82
NY,employment,3.5,weak,308,0.015277777777777777,-0.05154205677968568,0.2636363636363636,0.3630573248407643,0.10345218284832457,0.18066342751017697,calibrated,3.82
NY,employment,4.0,weak,301,0.014722222222222222,-0.05096471584350271,0.3490566037735849,0.5,0.11353351533042004,0.17680020319606385,calibrated,3.82
NY,employment,4.0,weak,302,0.01875,-0.0991950733637602,0.37037037037037035,0.5158730158730159,0.10417415550648361,0.1809671691084801,calibrated,3.82
NY,employment,4.0,weak,303,0.01597222222222222,-0.058610516510579254,0.22608695652173913,0.46534653465346537,0.12712848417347075,0.19196599911497841,calibrated,3.82
NY,employment,4.0,weak,304,0.01888888888888889,-0.10875949449373086,0.40441176470588236,0.4439252336448598,0.10441997047886879,0.19569894520408543,calibrated,3.82
NY,employment,4.0,weak,305,0.015277777777777777,-0.06043421302569869,0.20909090909090908,0.47715736040609136,0.13025853094009252,0.18696337814964162,calibrated,3.82
NY,employment,4.0,weak,306,0.017777777777777778,-0.09641606056885468,0.4140625,0.3945945945945946,0.10467341217357341,0.19508533034967862,calibrated,3.82
NY,employment,4.0,weak,307,0.015555555555555555,-0.08397101491917,0.3482142857142857,0.4855769230769231,0.09755848010153427,0.18009885088881428,calibrated,3.82
NY,employment,4.0,weak,308,0.017638888888888888,-0.05155239996187596,0.31496062992125984,0.460093896713615,0.09970176952821365,0.17901226506398826,calibrated,3.82
NY,employment,5.0,weak,301,0.018194444444444444,-0.06569087780688652,0.3969465648854962,0.6166666666666667,0.11671191145733927,0.18319357483944604,calibrated,3.82
NY,employment,5.0,weak,302,0.019166666666666665,-0.12595458911051594,0.3333333333333333,0.6261127596439169,0.10495253433229189,0.19419655917912113,calibrated,3.82
NY,employment,5.0,weak,303,0.017777777777777778,-0.07873225523173516,0.28125,0.6230031948881789,0.12949312060310267,0.1960099214957665,calibrated,3.82
NY,employment,5.0,weak,304,0.019583333333333335,-0.10102630949187964,0.3404255319148936,0.5582191780821918,0.10790898274887557,0.202510837019848,calibrated,3.82
NY,employment,5.0,weak,305,0.018333333333333333,-0.08007201652945455,0.36363636363636365,0.6426426426426426,0.12243899839620136,0.19317925458784746,calibrated,3.82
NY,employment,5.0,weak,306,0.020416666666666666,-0.08382534012236562,0.3877551020408163,0.5448275862068965,0.10818563094197098,0.19915146307101259,calibrated,3.82
NY,employment,5.0,weak,307,0.017916666666666668,-0.07986806904775083,0.29457364341085274,0.613013698630137,0.09466909974896758,0.18675832012586463,calibrated,3.82
NY,employment,5.0,weak,308,0.017638888888888888,-0.07749441592447102,0.3700787401574803,0.6515151515151515,0.09441401986886888,0.18103204312202895,calibrated,3.82
NY,employment,6.0,weak,301,0.016944444444444446,-0.07511063060118622,0.3770491803278688,0.7368421052631579,0.1225846916422581,0.18084178853867428,calibrated,3.82
NY,employment,6.0,weak,302,0.021388888888888888,-0.10995142785590613,0.4155844155844156,0.7222222222222222,0.10660682345531815,0.18702158572563082,calibrated,3.82
NY,employment,6.0,weak,303,0.01875,-0.08734391818597273,0.362962962962963,0.7363834422657952,0.12801909253055724,0.19259313243999585,calibrated,3.82
NY,employment,6.0,weak,304,0.021527777777777778,-0.12289988442304944,0.3548387096774194,0.6974789915966386,0.10224008670886846,0.20042177313035378,calibrated,3.82
NY,employment,6.0,weak,305,0.01888888888888889,-0.07427354838425504,0.35294117647058826,0.729490022172949,0.12057365467678777,0.18695387851205478,calibrated,3.82
NY,employment,6.0,weak,306,0.02013888888888889,-0.11128837262584024,0.3931034482758621,0.7015590200445434,0.10707019860322632,0.19961281824642912,calibrated,3.82
NY,employment,6.0,weak,307,0.01861111111111111,-0.08765756933952185,0.34328358208955223,0.7176470588235294,0.10141518010423944,0.19313934854556267,calibrated,3.82
NY,employment,6.0,weak,308,0.017916666666666668,-0.053692089722466606,0.3333333333333333,0.7531645569620253,0.09641525926586524,0.18821839764363527,calibrated,3.82
NY,housing,0.0,medium,301,0.004027777777777778,0.04170740184953936,0.0,0.0,0.20301794447683252,0.16916681559039773,calibrated,3.82
NY,housing,0.0,medium,302,0.005694444444444445,-0.023229528171158025,0.14634146341463414,0.025,0.1990843346553093,0.1672871892950777,calibrated,3.82
NY,housing,0.0,medium,303,0.004027777777777778,-0.036144669169236254,0.0,0.0,0.20139648212860506,0.18172436502925007,calibrated,3.82
NY,housing,0.0,medium,304,0.006666666666666667,-0.03988248078661707,0.08333333333333333,0.0,0.19904924038004623,0.19109839232492842,calibrated,3.82
NY,housing,0.0,medium,305,0.0044444444444444444,0.009212330513470831,0.03125,0.0,0.20034957187620084,0.1812447795637225,calibrated,3.82
NY,housing,0.0,medium,306,0.0044444444444444444,-0.008724701919937586,0.1875,0.0,0.20135365034603414,0.181904615320813,calibrated,3.82
NY,housing,0.0,medium,307,0.004722222222222222,0.026107750700899907,0.0,0.0625,0.20071871720994136,0.17849172385750423,calibrated,3.82
NY,housing,0.0,medium,308,0.004027777777777778,-0.008893268386679422,0.0,0.0,0.198584105313373,0.1791246992213705,calibrated,3.82
NY,housing,0.5,medium,301,0.005416666666666667,-0.019287850195624925,0.1794871794871795,0.0,0.19973034279644272,0.17938030376296793,calibrated,3.82
NY,housing,0.5,medium,302,0.006666666666666667,-0.05372347067340344,0.08333333333333333,0.0,0.19936442563274184,0.1649447854924845,calibrated,3.82
NY,housing,0.5,medium,303,0.005,0.009192910842133518,0.1111111111111111,0.0,0.19855613824034732,0.1795397305489639,calibrated,3.82
NY,housing,0.5,medium,304,0.006111111111111111,-0.03468431809371795,0.22727272727272727,0.0,0.19943567670542242,0.1786233221479079,calibrated,3.82
NY,housing,0.5,medium,305,0.006527777777777778,-0.02793274232377167,0.0851063829787234,0.0,0.200017664819411,0.18261617500686947,calibrated,3.82
NY,housing,0.5,medium,306,0.005138888888888889,-0.07725218488382918,0.21621621621621623,0.0,0.2003689469817309,0.17864434879694333,calibrated,3.82
NY,housing,0.5,medium,307,0.008055555555555555,-0.009547758057182972,0.20689655172413793,0.0,0.2013901458195074,0.16909694473480508,calibrated,3.82
NY,housing,0.5,medium,308,0.004166666666666667,0.019224290699199828,0.06666666666666667,0.0,0.20044405774381693,0.17167976550292594,calibrated,3.82
NY,housing,1.0,medium,301,0.00625,0.01939672771890196,0.2,0.0,0.20034684683695617,0.174195439188955,calibrated,3.82
NY,housing,1.0,medium,302,0.006944444444444444,-0.05806123993062383,0.16,0.0,0.20116548513767127,0.17105701227236172,calibrated,3.82
NY,housing,1.0,medium,303,0.007361111111111111,-0.03491604322891519,0.1509433962264151,0.0,0.19898847410186438,0.17597653482797151,calibrated,3.82
NY,housing,1.0,medium,304,0.008888888888888889,-0.04910479731764681,0.140625,0.0,0.20154481098153262,0.18743630433742378,calibrated,3.82
NY,housing,1.0,medium,305,0.006666666666666667,-0.009830285212816264,0.125,0.0,0.20124905265092974,0.180877849931432,calibrated,3.82
NY,housing,1.0,medium,306,0.006527777777777778,-0.017135813321624,0.1702127659574468,0.0,0.20033060374679382,0.1802899455854678,calibrated,3.82
NY,housing,1.0,medium,307,0.005138888888888889,-0.0065815300102305884,0.0,0.0,0.19962163078614062,0.1754206858775717,calibrated,3.82
NY,housing,1.0,medium,308,0.007222222222222222,-0.061540178647991634,0.17307692307692307,0.0,0.20172836514819928,0.18137595204597282,calibrated,3.82
NY,housing,1.5,medium,301,0.008333333333333333,-0.026211793991925105,0.06666666666666667,0.0,0.1985441481610594,0.17734648285126373,calibrated,3.82
NY,housing,1.5,medium,302,0.007361111111111111,-0.05328817361328632,0.1509433962264151,0.0,0.20024498107444336,0.17241302685269563,calibrated,3.82
NY,housing,1.5,medium,303,0.007222222222222222,-0.00798157783129806,0.17307692307692307,0.0,0.20070880562266602,0.17208556446186107,calibrated,3.82
NY,housing,1.5,medium,304,0.009444444444444445,-0.04630399151451079,0.22058823529411764,0.01639344262295082,0.20066625971421703,0.18696301279902072,calibrated,3.82
NY,housing,1.5,medium,305,0.0077777777777777776,-0.007386333256744078,0.125,0.0,0.19960868836232795,0.17668314876229158,calibrated,3.82
NY,housing,1.5,medium,306,0.007083333333333333,-0.022997657488523622,0.09803921568627451,0.0,0.20016797563352537,0.18285436780102443,calibrated,3.82
NY,housing,1.5,medium,307,0.00875,-0.043215259186031627,0.1746031746031746,0.0,0.2026404587921893,0.17587723860080445,calibrated,3.82
NY,housing,1.5,medium,308,0.007222222222222222,-0.006685482901393841,0.15384615384615385,0.0,0.20041381212474776,0.18577009891190238,calibrated,3.82
NY,housing,2.0,medium,301,0.010416666666666666,-0.03344275748280346,0.16,0.014492753623188406,0.1997123970385268,0.17725369450252643,calibrated,3.82
NY,housing,2.0,medium,302,0.0075,-0.03264349389670552,0.2222222222222222,0.0,0.19956000961155232,0.16583122470930486,calibrated,3.82
NY,housing,2.0,medium,303,0.009722222222222222,-0.04066364906223288,0.2857142857142857,0.0,0.1998402499916566,0.1807999234822471,calibrated,3.82
NY,housing,2.0,medium,304,0.010972222222222222,-0.05066951701788945,0.22784810126582278,0.0,0.2001212646893135,0.1791171427072029,calibrated,3.82
NY,housing,2.0,medium,305,0.010138888888888888,-0.02549377190705371,0.2054794520547945,0.0,0.19875714597264327,0.19293446375217618,calibrated,3.82
NY,housing,2.0,medium,306,0.008472222222222223,-0.04025652691918224,0.2786885245901639,0.0,0.19970945639216764,0.1870497645625637,calibrated,3.82
NY,housing,2.0,medium,307,0.012083333333333333,-0.047576505798429855,0.1839080459770115,0.0,0.20001153510997796,0.1725211392049701,calibrated,3.82
NY,housing,2.0,medium,308,0.010694444444444444,-0.05652406932430155,0.24675324675324675,0.0,0.20000888166324404,0.18316225913122258,calibrated,3.82
NY,housing,2.5,medium,301,0.010972222222222222,-0.015777373824400497,0.13924050632911392,0.013513513513513514,0.19839097849750945,0.17081991864040072,calibrated,3.82
NY,housing,2.5,medium,302,0.011527777777777777,-0.08897934185761204,0.21686746987951808,0.0,0.20053068472507538,0.16896962285199368,calibrated,3.82
NY,housing,2.5,medium,303,0.011666666666666667,-0.056247944704313435,0.20238095238095238,0.0,0.1994321747381245,0.1919857208600881,calibrated,3.82
NY,housing,2.5,medium,304,0.012083333333333333,-0.04566169062474621,0.12643678160919541,0.0,0.20025829818185448,0.1913922727479697,calibrated,3.82
NY,housing,2.5,medium,305,0.009722222222222222,-0.019514247535415023,0.18571428571428572,0.0,0.2008698828123835,0.18218508495290467,calibrated,3.82
NY,housing,2.5,medium,306,0.01125,-0.04059474961559924,0.24691358024691357,0.0,0.200740833407034,0.18456531990466282,calibrated,3.82
NY,housing,2.5,medium,307,0.01138888888888889,-0.07061968877812708,0.1951219512195122,0.0,0.19844170614476342,0.18928580794436897,calibrated,3.82
NY,housing,2.5,medium,308,0.0125,-0.04559017401979532,0.3,0.0,0.19906674374699015,0.18853191403206382,calibrated,3.82
NY,housing,3.0,medium,301,0.014305555555555556,-0.07994927086274059,0.2815533980582524,0.010416666666666666,0.20075424119077498,0.1840318495302833,calibrated,3.82
NY,housing,3.0,medium,302,0.012638888888888889,-0.062220177593127333,0.1978021978021978,0.0,0.20091841456613305,0.18036328552805117,calibrated,3.82
NY,housing,3.0,medium,303,0.014722222222222222,-0.06632883243127073,0.3113207547169811,0.0,0.20075530635107466,0.18825267155914857,calibrated,3.82
NY,housing,3.0,medium,304,0.01375,-0.05543078763653509,0.30303030303030304,0.0,0.1992379971385535,0.19237740990866709,calibrated,3.82
NY,housing,3.0,medium,305,0.010694444444444444,-0.09062227322212,0.3116883116883117,0.0,0.20015640075978494,0.17851545149284317,calibrated,3.82
NY,housing,3.0,medium,306,0.015,-0.07184202358062544,0.37037037037037035,0.010416666666666666,0.20038689501983978,0.1883296271432507,calibrated,3.82
NY,housing,3.0,medium,307,0.01361111111111111,-0.06639272382811046,0.24489795918367346,0.0,0.20045581185917302,0.17835975716060845,calibrated,3.82
NY,housing,3.0,medium,308,0.014166666666666666,-0.09288008551243107,0.3333333333333333,0.0,0.19954113707824742,0.18422228192247628,calibrated,3.82
NY,housing,3.5,medium,301,0.017916666666666668,-0.0904253564839652,0.35658914728682173,0.0,0.1995042580890741,0.1884202525062752,calibrated,3.82
NY,housing,3.5,medium,302,0.016527777777777777,-0.10817199890295878,0.29411764705882354,0.0,0.20059804738833611,0.18290864000413143,calibrated,3.82
NY,housing,3.5,medium,303,0.01611111111111111,-0.0803978902845439,0.35344827586206895,0.0,0.20011116626105863,0.19151571660040992,calibrated,3.82
NY,housing,3.5,medium,304,0.015416666666666667,-0.097459070612869,0.25225225225225223,0.0,0.19972820345228073,0.19044871007459283,calibrated,3.82
NY,housing,3.5,medium,305,0.015416666666666667,-0.05664506060023285,0.2702702702702703,0.0,0.20177272195839566,0.1940128258439925,calibrated,3.82
NY,housing,3.5,medium,306,0.018333333333333333,-0.09658178567932867,0.3484848484848485,0.0,0.19868070895375303,0.19568932607602946,calibrated,3.82
NY,housing,3.5,medium,307,0.015694444444444445,-0.08181080390338168,0.3008849557522124,0.0,0.1983964178845019,0.1853596928982428,calibrated,3.82
NY,housing,3.5,medium,308,0.013888888888888888,-0.07892746227437235,0.3,0.0,0.19850626145930625,0.18106535283420244,calibrated,3.82
NY,housing,4.0,medium,301,0.022083333333333333,-0.12213965778722276,0.4088050314465409,0.0,0.19828609022701224,0.1951673460377181,calibrated,3.82
NY,housing,4.0,medium,302,0.019444444444444445,-0.10262063622917929,0.36428571428571427,0.007462686567164179,0.1990085287538648,0.1882628758451099,calibrated,3.82
NY,housing,4.0,medium,303,0.018333333333333333,-0.09491410740430825,0.3560606060606061,0.0,0.20007070188646894,0.19299667479960536,calibrated,3.82
NY,housing,4.0,medium,304,0.019444444444444445,-0.10737023632891898,0.34285714285714286,0.007518796992481203,0.2009956397854643,0.21601769683001001,calibrated,3.82
NY,housing,4.0,medium,305,0.01902777777777778,-0.08553001614816086,0.31386861313868614,0.0,0.19942920848855294,0.19866844812876414,calibrated,3.82
NY,housing,4.0,medium,306,0.01861111111111111,-0.10557277300762274,0.3805970149253731,0.008264462809917356,0.20031898831737158,0.19236373184575356,calibrated,3.82
NY,housing,4.0,medium,307,0.01597222222222222,-0.08922326903914586,0.22608695652173913,0.0,0.19941634065107905,0.18504149738208603,calibrated,3.82
NY,housing,4.0,medium,308,0.01986111111111111,-0.11059511514277617,0.32867132867132864,0.0,0.2003968452210703,0.1935765542163964,calibrated,3.82
NY,housing,5.0,medium,301,0.025277777777777777,-0.11913629114297887,0.35714285714285715,0.0,0.2001524735843382,0.20609276036632196,calibrated,3.82
NY,housing,5.0,medium,302,0.02861111111111111,-0.16020163031685056,0.47572815533980584,0.0,0.19952618519153664,0.22450647540044305,calibrated,3.82
NY,housing,5.0,medium,303,0.026944444444444444,-0.14294005708816845,0.4329896907216495,0.0,0.2010009247682665,0.22920643171649138,calibrated,3.82
NY,housing,5.0,medium,304,0.02861111111111111,-0.15087543844397497,0.44660194174757284,0.0,0.19931351148238838,0.23401043247473619,calibrated,3.82
NY,housing,5.0,medium,305,0.030555555555555555,-0.1476534605810086,0.4772727272727273,0.0,0.1998440221445088,0.23999352327761708,calibrated,3.82
NY,housing,5.0,medium,306,0.025416666666666667,-0.112307064222855,0.43169398907103823,0.0,0.19912937234245717,0.21357093088750276,calibrated,3.82
NY,housing,5.0,medium,307,0.025555555555555557,-0.14239541030958983,0.45108695652173914,0.0,0.1992356879187008,0.2079148273342115,calibrated,3.82
NY,housing,5.0,medium,308,0.024027777777777776,-0.0839062148023402,0.3872832369942196,0.0,0.20022216881456753,0.19325223255322704,calibrated,3.82
NY,housing,6.0,medium,301,0.035555555555555556,-0.15209867475425407,0.58203125,0.008547008547008548,0.19972171197395952,0.25036185033241276,calibrated,3.82
NY,housing,6.0,medium,302,0.04013888888888889,-0.20590211284017504,0.5847750865051903,0.0072992700729927005,0.19874406097093808,0.2942957691528027,calibrated,3.82
NY,housing,6.0,medium,303,0.03902777777777778,-0.18429401547907592,0.597864768683274,0.003861003861003861,0.19996701640220438,0.29393925040654373,calibrated,3.82
NY,housing,6.0,medium,304,0.04,-0.21480030862263227,0.5972222222222222,0.0,0.19983865240455181,0.2998209298104017,calibrated,3.82
NY,housing,6.0,medium,305,0.03916666666666667,-0.19116142440968814,0.5531914893617021,0.007547169811320755,0.1996779236556121,0.2758299051541823,calibrated,3.82
NY,housing,6.0,medium,306,0.03736111111111111,-0.1745090532786692,0.5724907063197026,0.0,0.19841379011207183,0.2850167821171859,calibrated,3.82
NY,housing,6.0,medium,307,0.035416666666666666,-0.18134353664576602,0.5294117647058824,0.0,0.19944825954917003,0.26086163140673946,calibrated,3.82
NY,housing,6.0,medium,308,0.03916666666666667,-0.18312501022375657,0.574468085106383,0.003861003861003861,0.20023513482560862,0.27032036829158906,calibrated,3.82
NY,housing,0.0,strong,301,0.0033333333333333335,-0.016958409956872398,0.041666666666666664,0.0,0.20098424836281972,0.18681771337425807,calibrated,3.82
NY,housing,0.0,strong,302,0.005,-0.04042006098906636,0.16666666666666666,0.0,0.20290881434212923,0.18075274504061634,calibrated,3.82
NY,housing,0.0,strong,303,0.004583333333333333,-0.0320470442093649,0.06060606060606061,0.03225806451612903,0.1971262355947241,0.18750345838462606,calibrated,3.82
NY,housing,0.0,strong,304,0.004861111111111111,-0.02002127698495719,0.02857142857142857,0.05555555555555555,0.19885747373045257,0.19911849430303932,calibrated,3.82
NY,housing,0.0,strong,305,0.0043055555555555555,0.05626934980235083,0.0967741935483871,0.0,0.19873913024510634,0.1926119148213138,calibrated,3.82
NY,housing,0.0,strong,306,0.007083333333333333,-0.08328769176190999,0.11764705882352941,0.021739130434782608,0.20037499004876244,0.19315136278738096,calibrated,3.82
NY,housing,0.0,strong,307,0.0043055555555555555,-0.06727495198816279,0.0967741935483871,0.0,0.19768621024122537,0.18215217419158664,calibrated,3.82
NY,housing,0.0,strong,308,0.005138888888888889,-0.051307714323506046,0.10810810810810811,0.027777777777777776,0.199204275709981,0.18828158774945739,calibrated,3.82
NY,housing,0.5,strong,301,0.0059722222222222225,0.0016267397197492898,0.023255813953488372,0.02564102564102564,0.20084872737794301,0.17543831687181405,calibrated,3.82
NY,housing,0.5,strong,302,0.005694444444444445,-0.02752165556249847,0.04878048780487805,0.0,0.19851030859708105,0.18515978112808928,calibrated,3.82
NY,housing,0.5,strong,303,0.007222222222222222,-0.036643151401561866,0.15384615384615385,0.0,0.19981522132470997,0.18450948044908966,calibrated,3.82
NY,housing,0.5,strong,304,0.006111111111111111,-0.07894485638823547,0.11363636363636363,0.0,0.1983609452359024,0.19398426044386102,calibrated,3.82
NY,housing,0.5,strong,305,0.006527777777777778,-0.04970059525546462,0.23404255319148937,0.045454545454545456,0.2005227498164929,0.19726926045722,calibrated,3.82
NY,housing,0.5,strong,306,0.005833333333333334,-0.048838561840117256,0.23809523809523808,0.0,0.20086001649677113,0.1942945234301453,calibrated,3.82
NY,housing,0.5,strong,307,0.007638888888888889,-0.0436321785893506,0.10909090909090909,0.0,0.20050282351020235,0.1869612994634961,calibrated,3.82
NY,housing,0.5,strong,308,0.005833333333333334,-0.020579187011637724,0.047619047619047616,0.05,0.19925605948095568,0.18552104801037775,calibrated,3.82
NY,housing,1.0,strong,301,0.008333333333333333,-0.02587000463441177,0.08333333333333333,0.0,0.198930317930928,0.18260726834733396,calibrated,3.82
NY,housing,1.0,strong,302,0.009305555555555555,-0.09651130238520098,0.23880597014925373,0.0,0.20060639879472317,0.18617300130267647,calibrated,3.82
NY,housing,1.0,strong,303,0.006666666666666667,-0.03994451648151959,0.25,0.0,0.1994162668830465,0.18567081671025787,calibrated,3.82
NY,housing,1.0,strong,304,0.0075,-0.01802430680320718,0.14814814814814814,0.0,0.20002272905861673,0.18322882592010245,calibrated,3.82
NY,housing,1.0,strong,305,0.007083333333333333,-0.03616483816173461,0.19607843137254902,0.0,0.19961584668911933,0.1829687666785162,calibrated,3.82
NY,housing,1.0,strong,306,0.006388888888888889,-0.07272748060029514,0.1956521739130435,0.0,0.19884789215571952,0.18963179713465397,calibrated,3.82
NY,housing,1.0,strong,307,0.006805555555555555,-0.04046500479901946,0.20408163265306123,0.0,0.2004918042435013,0.18312277320378242,calibrated,3.82
NY,housing,1.0,strong,308,0.006944444444444444,-0.019015474909616394,0.22,0.0,0.20031144511683463,0.1784704384139746,calibrated,3.82
NY,housing,1.5,strong,301,0.008055555555555555,-0.04645655884919715,0.1896551724137931,0.0,0.19857233815344397,0.18807962593812338,calibrated,3.82
NY,housing,1.5,strong,302,0.009305555555555555,-0.08525762322112092,0.22388059701492538,0.0,0.19943356310832952,0.17173826410233042,calibrated,3.82
NY,housing,1.5,strong,303,0.009166666666666667,-0.06675349735609871,0.22727272727272727,0.015873015873015872,0.2002503948475697,0.19329255821853508,calibrated,3.82
NY,housing,1.5,strong,304,0.009583333333333333,-0.0762758306176203,0.2898550724637681,0.0,0.20112658952085308,0.2035555993348517,calibrated,3.82
NY,housing,1.5,strong,305,0.00986111111111111,-0.04803744054158744,0.2676056338028169,0.0,0.2000607970488899,0.20022110601913123,calibrated,3.82
NY,housing,1.5,strong,306,0.008194444444444445,-0.03040861119232308,0.22033898305084745,0.0,0.2023474181271323,0.19243297579988677,calibrated,3.82
NY,housing,1.5,strong,307,0.008472222222222223,-0.017671946936735863,0.19672131147540983,0.0,0.20119143036891815,0.18080900205242556,calibrated,3.82
NY,housing,1.5,strong,308,0.008611111111111111,-0.029421139179887226,0.1774193548387097,0.0,0.19883986842699689,0.17984684299455928,calibrated,3.82
NY,housing,2.0,strong,301,0.00875,-0.05069120022441878,0.20634920634920634,0.01694915254237288,0.19868370566105795,0.1779245854234868,calibrated,3.82
NY,housing,2.0,strong,302,0.009027777777777777,-0.09922844818147294,0.26153846153846155,0.0,0.19889062492698054,0.18693203801457667,calibrated,3.82
NY,housing,2.0,strong,303,0.01138888888888889,-0.042374061966741594,0.1951219512195122,0.0,0.20000171461697536,0.18920245124773932,calibrated,3.82
NY,housing,2.0,strong,304,0.011111111111111112,-0.08138518785182891,0.225,0.0,0.19945938122953874,0.19673079775396643,calibrated,3.82
NY,housing,2.0,strong,305,0.010833333333333334,-0.034821527082783944,0.24358974358974358,0.0,0.2005833030448113,0.18739714382319583,calibrated,3.82
NY,housing,2.0,strong,306,0.007361111111111111,-0.07991147084847919,0.16981132075471697,0.0,0.19935246922833702,0.19359439762322167,calibrated,3.82
NY,housing,2.0,strong,307,0.00875,-0.04745968735602173,0.2222222222222222,0.0,0.20030078233461268,0.18227846574284798,calibrated,3.82
NY,housing,2.0,strong,308,0.01138888888888889,-0.04467762787477384,0.35365853658536583,0.014084507042253521,0.19881236305287817,0.18401675525953715,calibrated,3.82
NY,housing,2.5,strong,301,0.012361111111111111,-0.08984030593787981,0.19101123595505617,0.0,0.19978656941561332,0.1905961036877453,calibrated,3.82
NY,housing,2.5,strong,302,0.01361111111111111,-0.08956862635887386,0.2857142857142857,0.010869565217391304,0.20202642570865367,0.18591783107600865,calibrated,3.82
NY,housing,2.5,strong,303,0.012916666666666667,-0.057419524313985906,0.45161290322580644,0.0,0.19989547632938232,0.1790064273498743,calibrated,3.82
NY,housing,2.5,strong,304,0.015,-0.1082056503888991,0.25925925925925924,0.0,0.2010712237811071,0.1961866071216098,calibrated,3.82
NY,housing,2.5,strong,305,0.010694444444444444,-0.03921149166998983,0.33766233766233766,0.0,0.19922112246674092,0.19309427397921794,calibrated,3.82
NY,housing,2.5,strong,306,0.012777777777777779,-0.0662652849410381,0.2826086956521739,0.0,0.2001902859389065,0.20274419432622723,calibrated,3.82
NY,housing,2.5,strong,307,0.011666666666666667,-0.05630992725343739,0.2976190476190476,0.0,0.19932228196286703,0.18672327101698505,calibrated,3.82
NY,housing,2.5,strong,308,0.015277777777777777,-0.06731826192877041,0.2909090909090909,0.01,0.2003359458899091,0.1867505820423825,calibrated,3.82
NY,housing,3.0,strong,301,0.014722222222222222,-0.06605433210945366,0.2169811320754717,0.0,0.19982745259437684,0.1872798075466362,calibrated,3.82
NY,housing,3.0,strong,302,0.01861111111111111,-0.128001288392264,0.3582089552238806,0.0,0.19953335530591346,0.20262305854152587,calibrated,3.82
NY,housing,3.0,strong,303,0.018194444444444444,-0.09962471946926663,0.37404580152671757,0.0,0.1994851706395255,0.20020021865767765,calibrated,3.82
NY,housing,3.0,strong,304,0.015833333333333335,-0.08158273808311009,0.34210526315789475,0.0,0.19943202246650585,0.1979447120908016,calibrated,3.82
NY,housing,3.0,strong,305,0.017083333333333332,-0.08433775291969449,0.3333333333333333,0.0,0.19996800021961725,0.2006782907099318,calibrated,3.82
NY,housing,3.0,strong,306,0.017083333333333332,-0.10678151142684783,0.45528455284552843,0.0,0.19956450624667174,0.20399031342904,calibrated,3.82
NY,housing,3.0,strong,307,0.015555555555555555,-0.09474466385499083,0.30357142857142855,0.0,0.19935336800614412,0.1889307976991417,calibrated,3.82
NY,housing,3.0,strong,308,0.017222222222222222,-0.09311732818860785,0.3709677419354839,0.0,0.19949590220910865,0.1873327756834911,calibrated,3.82
NY,housing,3.5,strong,301,0.018194444444444444,-0.09478489638234769,0.3282442748091603,0.0,0.19910277117410183,0.1900354125156136,calibrated,3.82
NY,housing,3.5,strong,302,0.01972222222222222,-0.14052543100494921,0.4154929577464789,0.0,0.20042091607567805,0.20308835014897827,calibrated,3.82
NY,housing,3.5,strong,303,0.014583333333333334,-0.08606145102851609,0.29523809523809524,0.0,0.19944325761840276,0.19677476027744956,calibrated,3.82
NY,housing,3.5,strong,304,0.01986111111111111,-0.10613535640453638,0.2867132867132867,0.0,0.2003236770498421,0.21041139583567978,calibrated,3.82
NY,housing,3.5,strong,305,0.018472222222222223,-0.10976068205391135,0.3308270676691729,0.0,0.1979222580397317,0.21570498105529984,calibrated,3.82
NY,housing,3.5,strong,306,0.01638888888888889,-0.07683007621442815,0.2711864406779661,0.0,0.19875891353066563,0.20468688340352462,calibrated,3.82
NY,housing,3.5,strong,307,0.015277777777777777,-0.08085241824426459,0.34545454545454546,0.0,0.20014941563872513,0.18808569749038692,calibrated,3.82
NY,housing,3.5,strong,308,0.01875,-0.08643231503193947,0.3925925925925926,0.0,0.19904659035879194,0.1944187023372891,calibrated,3.82
NY,housing,4.0,strong,301,0.024027777777777776,-0.11160796323530804,0.3872832369942196,0.012422360248447204,0.19892168186456285,0.2005366831291518,calibrated,3.82
NY,housing,4.0,strong,302,0.024722222222222222,-0.14339854013325323,0.42134831460674155,0.0,0.19996469408394887,0.21867360403897454,calibrated,3.82
NY,housing,4.0,strong,303,0.022222222222222223,-0.104820298551068,0.39375,0.013513513513513514,0.19997504730330942,0.2058727702964094,calibrated,3.82
NY,housing,4.0,strong,304,0.02347222222222222,-0.13889206550168146,0.41420118343195267,0.006289308176100629,0.20048894688621285,0.2265925371619717,calibrated,3.82
NY,housing,4.0,strong,305,0.02722222222222222,-0.12495154430401575,0.4489795918367347,0.0056179775280898875,0.1993652486215464,0.21298433004394218,calibrated,3.82
NY,housing,4.0,strong,306,0.02277777777777778,-0.12872058119241944,0.38414634146341464,0.006622516556291391,0.19995726706349218,0.2137338583368141,calibrated,3.82
NY,housing,4.0,strong,307,0.021805555555555557,-0.1227392716935882,0.3885350318471338,0.0,0.2004121208428157,0.21064681809065114,calibrated,3.82
NY,housing,4.0,strong,308,0.026111111111111113,-0.12285070132286598,0.48936170212765956,0.0,0.19926955235049382,0.21860945654819924,calibrated,3.82
NY,housing,5.0,strong,301,0.03375,-0.1662088218129566,0.5349794238683128,0.008695652173913044,0.20062283687215157,0.26722788118415025,calibrated,3.82
NY,housing,5.0,strong,302,0.035277777777777776,-0.1714668715192598,0.5039370078740157,0.00425531914893617,0.1996439748282565,0.26936213894663324,calibrated,3.82
NY,housing,5.0,strong,303,0.0375,-0.18200419382109745,0.5888888888888889,0.00816326530612245,0.19893415908861467,0.26748547131212036,calibrated,3.82
NY,housing,5.0,strong,304,0.032916666666666664,-0.1840100698241724,0.5738396624472574,0.0,0.19896771587637718,0.2549824349964827,calibrated,3.82
NY,housing,5.0,strong,305,0.03722222222222222,-0.19420147982010869,0.6082089552238806,0.0040650406504065045,0.19896513576038985,0.2788745587227685,calibrated,3.82
NY,housing,5.0,strong,306,0.03138888888888889,-0.1711086380835431,0.49557522123893805,0.0,0.19994155469303013,0.25422837411409743,calibrated,3.82
NY,housing,5.0,strong,307,0.034583333333333334,-0.16599427825671148,0.570281124497992,0.0,0.20015687643784444,0.2561863272049217,calibrated,3.82
NY,housing,5.0,strong,308,0.0325,-0.166618838622685,0.5170940170940171,0.0,0.19997238809175685,0.24591430597555822,calibrated,3.82
NY,housing,6.0,strong,301,0.04569444444444445,-0.21591792758109604,0.5805471124620061,0.00980392156862745,0.19771802721570272,0.335253251917286,calibrated,3.82
NY,housing,6.0,strong,302,0.05138888888888889,-0.27730287079058663,0.672972972972973,0.002932551319648094,0.1991435625066452,0.41002698142176686,calibrated,3.82
NY,housing,6.0,strong,303,0.04416666666666667,-0.20915016955429355,0.5566037735849056,0.0,0.20077516279024277,0.31939591719061045,calibrated,3.82
NY,housing,6.0,strong,304,0.04569444444444445,-0.24766954546796502,0.668693009118541,0.006622516556291391,0.19957881548475587,0.33136095749606087,calibrated,3.82
NY,housing,6.0,strong,305,0.04708333333333333,-0.22345921472320654,0.6548672566371682,0.01592356687898089,0.19973255716393468,0.31515464098447155,calibrated,3.82
NY,housing,6.0,strong,306,0.04875,-0.25050804533654725,0.6581196581196581,0.006191950464396285,0.19992817462184675,0.3536463652439238,calibrated,3.82
NY,housing,6.0,strong,307,0.04902777777777778,-0.237526204951869,0.6713881019830028,0.006211180124223602,0.1998634278694125,0.3827136070492649,calibrated,3.82
NY,housing,6.0,strong,308,0.04583333333333333,-0.22256231145970143,0.6484848484848484,0.0,0.19955036143200702,0.3293218393017774,calibrated,3.82
NY,housing,0.0,weak,301,0.003611111111111111,-0.010684652113403172,0.038461538461538464,0.0,0.19781702094539041,0.16604035404604237,calibrated,3.82
NY,housing,0.0,weak,302,0.005416666666666667,-0.07017832103620673,0.05128205128205128,0.0,0.200202658716347,0.16257605395425248,calibrated,3.82
NY,housing,0.0,weak,303,0.0038888888888888888,0.02823079767211002,0.0,0.0,0.1986735491855353,0.17100319226809668,calibrated,3.82
NY,housing,0.0,weak,304,0.005694444444444445,-0.045098550730564804,0.07317073170731707,0.0,0.1991058736674011,0.17432599468183618,calibrated,3.82
NY,housing,0.0,weak,305,0.005138888888888889,-0.04800949793199829,0.16216216216216217,0.0,0.20153058210015676,0.17217872269575732,calibrated,3.82
NY,housing,0.0,weak,306,0.005277777777777778,-0.028671807715585588,0.07894736842105263,0.030303030303030304,0.1990383304352079,0.17494241710688022,calibrated,3.82
NY,housing,0.0,weak,307,0.003611111111111111,0.009213415090423996,0.11538461538461539,0.0,0.20108212973303527,0.1784289962338596,calibrated,3.82
NY,housing,0.0,weak,308,0.004861111111111111,-0.006007722222169776,0.05714285714285714,0.0,0.19863822602856596,0.16730389154338904,calibrated,3.82
NY,housing,0.5,weak,301,0.004583333333333333,-0.009109448315523268,0.12121212121212122,0.0,0.20057993804466143,0.1694274579029647,calibrated,3.82
NY,housing,0.5,weak,302,0.005277777777777778,-0.017072869589802,0.0,0.0,0.19901717292029805,0.17003337362036935,calibrated,3.82
NY,housing,0.5,weak,303,0.0043055555555555555,-0.004040352484021507,0.0967741935483871,0.0,0.19932282003507273,0.17292988592237776,calibrated,3.82
NY,housing,0.5,weak,304,0.007638888888888889,0.014068761643132524,0.07272727272727272,0.0,0.20108139391877647,0.18082104549078493,calibrated,3.82
NY,housing,0.5,weak,305,0.005277777777777778,-0.0026619511650894548,0.18421052631578946,0.0,0.20108884588315643,0.17471530477588673,calibrated,3.82
NY,housing,0.5,weak,306,0.005416666666666667,-0.011536802991885772,0.02564102564102564,0.0,0.20133048955517574,0.18026459483652804,calibrated,3.82
NY,housing,0.5,weak,307,0.004583333333333333,-0.02395704305016997,0.09090909090909091,0.0,0.19839399410493283,0.17091448077720928,calibrated,3.82
NY,housing,0.5,weak,308,0.006666666666666667,-0.003254339125863143,0.125,0.023809523809523808,0.1987166534919871,0.17224439432133776,calibrated,3.82
NY,housing,1.0,weak,301,0.006805555555555555,0.028706386597445805,0.10204081632653061,0.0,0.20031867866137099,0.16790460154135528,calibrated,3.82
NY,housing,1.0,weak,302,0.006527777777777778,0.005081633782814328,0.0851063829787234,0.0,0.20094924841675563,0.16405833809216727,calibrated,3.82
NY,housing,1.0,weak,303,0.0043055555555555555,-0.007746516510718984,0.06451612903225806,0.0,0.19863730366295665,0.17034323995838277,calibrated,3.82
NY,housing,1.0,weak,304,0.005138888888888889,-0.017607741714865684,0.02702702702702703,0.0,0.20060636447261582,0.17070263832542296,calibrated,3.82
NY,housing,1.0,weak,305,0.006111111111111111,0.020099193535951423,0.09090909090909091,0.0,0.20040725001477647,0.18065726449891892,calibrated,3.82
NY,housing,1.0,weak,306,0.007222222222222222,-0.039469177337548664,0.17307692307692307,0.0,0.19950556645267684,0.17326741796877787,calibrated,3.82
NY,housing,1.0,weak,307,0.0059722222222222225,-0.033492604025578916,0.11627906976744186,0.0,0.1985091779596484,0.1705936580235489,calibrated,3.82
NY,housing,1.0,weak,308,0.006111111111111111,-0.03400737624198786,0.1590909090909091,0.0,0.20052551509082095,0.1774689269090966,calibrated,3.82
NY,housing,1.5,weak,301,0.009583333333333333,-0.01342022002617575,0.10144927536231885,0.0,0.19990820142312168,0.17000926890219092,calibrated,3.82
NY,housing,1.5,weak,302,0.009166666666666667,-0.025006132952292613,0.09090909090909091,0.0,0.1989795137773999,0.16681528913062488,calibrated,3.82
NY,housing,1.5,weak,303,0.007361111111111111,-0.018959036310600773,0.20754716981132076,0.0,0.19976288755440733,0.17618551767265045,calibrated,3.82
NY,housing,1.5,weak,304,0.006527777777777778,-0.02927302178679572,0.0851063829787234,0.0,0.20017213405878576,0.16862626249177082,calibrated,3.82
NY,housing,1.5,weak,305,0.008194444444444445,0.010441860376097381,0.2711864406779661,0.0,0.19984290634231006,0.17662511929495556,calibrated,3.82
NY,housing,1.5,weak,306,0.008194444444444445,-0.04292303703124238,0.2711864406779661,0.0,0.20048532575579067,0.1784037494693634,calibrated,3.82
NY,housing,1.5,weak,307,0.008194444444444445,-0.008862482118930455,0.22033898305084745,0.0,0.19986235347302786,0.17092939605606308,calibrated,3.82
NY,housing,1.5,weak,308,0.0059722222222222225,-0.04807267784616451,0.11627906976744186,0.0,0.19977323985528295,0.171392608181744,calibrated,3.82
NY,housing,2.0,weak,301,0.008472222222222223,-0.016053695049871624,0.16393442622950818,0.0,0.20206115204993957,0.16562556359431152,calibrated,3.82
NY,housing,2.0,weak,302,0.010138888888888888,-0.06202842457898799,0.1232876712328767,0.0,0.19947326026514886,0.16546964470901582,calibrated,3.82
NY,housing,2.0,weak,303,0.007361111111111111,-0.012620627897369261,0.1320754716981132,0.0,0.2009388734988399,0.18018878052787804,calibrated,3.82
NY,housing,2.0,weak,304,0.008888888888888889,-0.033512927654507974,0.09375,0.0,0.19950986584989908,0.17509182118943306,calibrated,3.82
NY,housing,2.0,weak,305,0.01,-0.016889279815375184,0.1388888888888889,0.0,0.1973439493682793,0.16899741250512829,calibrated,3.82
NY,housing,2.0,weak,306,0.008611111111111111,-0.03016840880571878,0.16129032258064516,0.0,0.19952643173958715,0.18534314579229455,calibrated,3.82
NY,housing,2.0,weak,307,0.007916666666666667,-0.01414561820416427,0.12280701754385964,0.0,0.19912751232265777,0.1653582874871927,calibrated,3.82
NY,housing,2.0,weak,308,0.008611111111111111,-0.0060256369920333955,0.16129032258064516,0.0,0.2001385726470216,0.16854718147572356,calibrated,3.82
NY,housing,2.5,weak,301,0.010972222222222222,-0.02345993884844751,0.26582278481012656,0.0,0.19902712757381127,0.17184725333338274,calibrated,3.82
NY,housing,2.5,weak,302,0.01,-0.0846967399171772,0.2777777777777778,0.0,0.20012879051530055,0.1689375570505544,calibrated,3.82
NY,housing,2.5,weak,303,0.009166666666666667,-0.035610234193481596,0.25757575757575757,0.0,0.20075756185483354,0.1812745749203567,calibrated,3.82
NY,housing,2.5,weak,304,0.008194444444444445,-0.002583739350952399,0.13559322033898305,0.0,0.200538851535721,0.17124891170806147,calibrated,3.82
NY,housing,2.5,weak,305,0.010972222222222222,-0.038165337333186444,0.21518987341772153,0.0,0.19918450546269847,0.17495118212791075,calibrated,3.82
NY,housing,2.5,weak,306,0.010138888888888888,-0.014737765690438515,0.1917808219178082,0.0,0.20047019504429756,0.17962720967152138,calibrated,3.82
NY,housing,2.5,weak,307,0.010138888888888888,-0.006593348980128466,0.1506849315068493,0.0,0.20045545079043947,0.17681609658562805,calibrated,3.82
NY,housing,2.5,weak,308,0.012083333333333333,-0.026489122970643403,0.2413793103448276,0.0,0.1993125654125346,0.17415659502762088,calibrated,3.82
NY,housing,3.0,weak,301,0.014166666666666666,-0.041522512629475164,0.27450980392156865,0.0,0.20130891892984074,0.17112781954153977,calibrated,3.82
NY,housing,3.0,weak,302,0.011111111111111112,-0.08179132023098304,0.2625,0.0,0.19924454450963625,0.16388180138392916,calibrated,3.82
NY,housing,3.0,weak,303,0.008888888888888889,-0.06662602797686606,0.203125,0.0,0.20073199142070086,0.18399772982805926,calibrated,3.82
NY,housing,3.0,weak,304,0.013194444444444444,-0.060079531786133004,0.3157894736842105,0.0,0.2001594035973664,0.17896423174013149,calibrated,3.82
NY,housing,3.0,weak,305,0.012638888888888889,-0.025699617782276703,0.2967032967032967,0.0,0.19939552977516087,0.17740095735911215,calibrated,3.82
NY,housing,3.0,weak,306,0.014166666666666666,-0.05571051030382251,0.19607843137254902,0.0,0.19999107973647334,0.1850338468033498,calibrated,3.82
NY,housing,3.0,weak,307,0.012916666666666667,-0.05403911186757944,0.3010752688172043,0.0,0.20049380185194932,0.1678688726651743,calibrated,3.82
NY,housing,3.0,weak,308,0.010555555555555556,-0.0064934406675294645,0.23684210526315788,0.0,0.2004633866882725,0.17657953360545592,calibrated,3.82
NY,housing,3.5,weak,301,0.013472222222222222,-0.04920469141451217,0.25773195876288657,0.0,0.20023385686692707,0.1693259181276011,calibrated,3.82
NY,housing,3.5,weak,302,0.016527777777777777,-0.07427931133929319,0.29411764705882354,0.0,0.20002548332546746,0.17683071252366897,calibrated,3.82
NY,housing,3.5,weak,303,0.01513888888888889,-0.07496921389223242,0.26605504587155965,0.0,0.19984578409847883,0.18214286340780408,calibrated,3.82
NY,housing,3.5,weak,304,0.014027777777777778,-0.048404833721267713,0.24752475247524752,0.0,0.2007295816060217,0.18091769752233233,calibrated,3.82
NY,housing,3.5,weak,305,0.015416666666666667,-0.05221809109918928,0.32432432432432434,0.0,0.20110959937344722,0.1801282644737177,calibrated,3.82
NY,housing,3.5,weak,306,0.011527777777777777,-0.0586557800520562,0.27710843373493976,0.0,0.2007497343386466,0.18498244021757634,calibrated,3.82
NY,housing,3.5,weak,307,0.012083333333333333,-0.04683243008684712,0.3218390804597701,0.01282051282051282,0.19801498792173233,0.16482572325912778,calibrated,3.82
NY,housing,3.5,weak,308,0.014861111111111111,-0.0544443643174885,0.18691588785046728,0.0,0.19944365015191357,0.17842395206401013,calibrated,3.82
NY,housing,4.0,weak,301,0.015694444444444445,-0.041135649946953,0.37168141592920356,0.00980392156862745,0.1993230125326851,0.16760664204597525,calibrated,3.82
NY,housing,4.0,weak,302,0.015277777777777777,-0.09541317207372532,0.21818181818181817,0.0,0.20003085892577918,0.1685820841573833,calibrated,3.82
NY,housing,4.0,weak,303,0.017638888888888888,-0.09155714499773475,0.3858267716535433,0.0,0.19853259340769971,0.18965393696970875,calibrated,3.82
NY,housing,4.0,weak,304,0.016944444444444446,-0.09256008649713335,0.28688524590163933,0.0,0.2004192376084469,0.18299359254042794,calibrated,3.82
NY,housing,4.0,weak,305,0.018194444444444444,-0.07883772275354242,0.3435114503816794,0.008333333333333333,0.1996121852353104,0.18320685466015868,calibrated,3.82
NY,housing,4.0,weak,306,0.014027777777777778,-0.08838665220262679,0.297029702970297,0.0,0.19992201988925387,0.1885024273237308,calibrated,3.82
NY,housing,4.0,weak,307,0.01597222222222222,-0.06068376105005691,0.2956521739130435,0.0,0.19989966839303355,0.17399155645073908,calibrated,3.82
NY,housing,4.0,weak,308,0.015833333333333335,-0.06858822208402572,0.2631578947368421,0.0,0.19973704081137322,0.18219807565177798,calibrated,3.82
NY,housing,5.0,weak,301,0.02625,-0.11085851967975859,0.42328042328042326,0.0,0.20015123975251917,0.20683949207507477,calibrated,3.82
NY,housing,5.0,weak,302,0.02263888888888889,-0.13554548766319355,0.3312883435582822,0.0,0.1984031057108165,0.19431389220315126,calibrated,3.82
NY,housing,5.0,weak,303,0.024166666666666666,-0.10595559860645061,0.39080459770114945,0.0,0.20054972876794297,0.21135734292225752,calibrated,3.82
NY,housing,5.0,weak,304,0.023055555555555555,-0.13297569689117972,0.3855421686746988,0.0,0.19961196009553872,0.21389310740168435,calibrated,3.82
NY,housing,5.0,weak,305,0.024305555555555556,-0.10370528728842865,0.49142857142857144,0.006134969325153374,0.19959942005073902,0.20917954578637965,calibrated,3.82
NY,housing,5.0,weak,306,0.021944444444444444,-0.09259078106057261,0.31645569620253167,0.0,0.19932701055682914,0.1983642649046142,calibrated,3.82
NY,housing,5.0,weak,307,0.0225,-0.0950734892659193,0.3950617283950617,0.0,0.1996443497544802,0.1899771705377943,calibrated,3.82
NY,housing,5.0,weak,308,0.02388888888888889,-0.09003372472560095,0.3953488372093023,0.0,0.19911020615513697,0.200846875810533,calibrated,3.82
NY,housing,6.0,weak,301,0.03111111111111111,-0.13662314389501554,0.4375,0.0,0.19996779310123924,0.22545289833033688,calibrated,3.82
NY,housing,6.0,weak,302,0.030972222222222224,-0.1575178317026167,0.40358744394618834,0.014150943396226415,0.19971828072251915,0.2419742092346807,calibrated,3.82
NY,housing,6.0,weak,303,0.03194444444444444,-0.15534524790982354,0.5260869565217391,0.0,0.19927400021806307,0.24703469017965024,calibrated,3.82
NY,housing,6.0,weak,304,0.03319444444444444,-0.16275034163186938,0.5941422594142259,0.0,0.19932375054458165,0.23443676110791647,calibrated,3.82
NY,housing,6.0,weak,305,0.030555555555555555,-0.14765597995469215,0.4954545454545455,0.004807692307692308,0.20042894391499785,0.2240409876946173,calibrated,3.82
NY,housing,6.0,weak,306,0.02722222222222222,-0.1310152143801554,0.42857142857142855,0.0,0.20018344700161161,0.22822472578721392,calibrated,3.82
NY,housing,6.0,weak,307,0.03222222222222222,-0.1473225373283628,0.4698275862068966,0.0,0.19877589016714634,0.23692509629993688,calibrated,3.82
NY,housing,6.0,weak,308,0.030555555555555555,-0.14711919759976622,0.5136363636363637,0.0049261083743842365,0.19931372858151528,0.22425483712694624,calibrated,3.82
NY,migration_incentive,0.0,medium,301,0.004027777777777778,0.04170740184953936,0.0,0.0,0.20301794447683252,0.16916681559039773,calibrated,3.82
NY,migration_incentive,0.0,medium,302,0.005694444444444445,-0.023229528171158025,0.14634146341463414,0.025,0.1990843346553093,0.1672871892950777,calibrated,3.82
NY,migration_incentive,0.0,medium,303,0.004027777777777778,-0.036144669169236254,0.0,0.0,0.20139648212860506,0.18172436502925007,calibrated,3.82
NY,migration_incentive,0.0,medium,304,0.006666666666666667,-0.03988248078661707,0.08333333333333333,0.0,0.19904924038004623,0.19109839232492842,calibrated,3.82
NY,migration_incentive,0.0,medium,305,0.0044444444444444444,0.009212330513470831,0.03125,0.0,0.20034957187620084,0.1812447795637225,calibrated,3.82
NY,migration_incentive,0.0,medium,306,0.0044444444444444444,-0.008724701919937586,0.1875,0.0,0.20135365034603414,0.181904615320813,calibrated,3.82
NY,migration_incentive,0.0,medium,307,0.004722222222222222,0.026107750700899907,0.0,0.0625,0.20071871720994136,0.17849172385750423,calibrated,3.82
NY,migration_incentive,0.0,medium,308,0.004027777777777778,-0.008893268386679422,0.0,0.0,0.198584105313373,0.1791246992213705,calibrated,3.82
NY,migration_incentive,0.5,medium,301,0.004861111111111111,0.02326005413355045,0.05714285714285714,0.0,0.2012047340480214,0.17396609728580592,calibrated,3.82
NY,migration_incentive,0.5,medium,302,0.007083333333333333,-0.01870005637519922,0.17647058823529413,0.04081632653061224,0.2007596149020998,0.1690278725493012,calibrated,3.82
NY,migration_incentive,0.5,medium,303,0.005416666666666667,-0.020222383176415733,0.15384615384615385,0.0,0.19834980365102647,0.18249099992430237,calibrated,3.82
NY,migration_incentive,0.5,medium,304,0.007083333333333333,-0.005694529923754769,0.11764705882352941,0.0851063829787234,0.20001002216736874,0.188028015780961,calibrated,3.82
NY,migration_incentive,0.5,medium,305,0.005833333333333334,-0.031917297653002864,0.09523809523809523,0.05,0.1994211959946545,0.18946420770925992,calibrated,3.82
NY,migration_incentive,0.5,medium,306,0.005694444444444445,-0.002919622353719363,0.07317073170731707,0.0,0.20005594473583463,0.18346251569541655,calibrated,3.82
NY,migration_incentive,0.5,medium,307,0.005138888888888889,-0.00324402303080086,0.16216216216216217,0.0,0.19916076645975545,0.17731081843210503,calibrated,3.82
NY,migration_incentive,0.5,medium,308,0.006111111111111111,-0.025194372336087192,0.13636363636363635,0.0,0.20270717215110268,0.18386406722894869,calibrated,3.82
NY,migration_incentive,1.0,medium,301,0.007916666666666667,-0.0631496856034068,0.2631578947368421,0.10344827586206896,0.1998047070909952,0.17117317624810038,calibrated,3.82
NY,migration_incentive,1.0,medium,302,0.007638888888888889,-0.04507435491296573,0.16363636363636364,0.07272727272727272,0.19977603620579756,0.18055535081979499,calibrated,3.82
NY,migration_incentive,1.0,medium,303,0.008472222222222223,-0.05726722904811682,0.13114754098360656,0.06896551724137931,0.20030454671626194,0.18582898730396025,calibrated,3.82
NY,migration_incentive,1.0,medium,304,0.008611111111111111,-0.0835981397608025,0.20967741935483872,0.078125,0.2005056122359038,0.19075057503903015,calibrated,3.82
NY,migration_incentive,1.0,medium,305,0.00875,0.001958931930337788,0.12698412698412698,0.05084745762711865,0.20017264967136908,0.18182366408185066,calibrated,3.82
NY,migration_incentive,1.0,medium,306,0.006944444444444444,-0.06262255559007185,0.28,0.020833333333333332,0.2017134504612387,0.18515861839472933,calibrated,3.82
NY,migration_incentive,1.0,medium,307,0.008611111111111111,-0.05171682844895625,0.08064516129032258,0.0,0.1982302155722636,0.17359282283139862,calibrated,3.82
NY,migration_incentive,1.0,medium,308,0.0077777777777777776,-0.05269746420552086,0.26785714285714285,0.07017543859649122,0.20121633109811876,0.18740353854520192,calibrated,3.82
NY,migration_incentive,1.5,medium,301,0.010833333333333334,-0.0688646534054003,0.20512820512820512,0.10975609756097561,0.20023457576974077,0.17597026729798113,calibrated,3.82
NY,migration_incentive,1.5,medium,302,0.010694444444444444,-0.08631949738895904,0.14285714285714285,0.02631578947368421,0.1984243309617464,0.17868584346252434,calibrated,3.82
NY,migration_incentive,1.5,medium,303,0.011527777777777777,-0.057785947035044805,0.25301204819277107,0.08536585365853659,0.20074495593930308,0.18008446275633644,calibrated,3.82
NY,migration_incentive,1.5,medium,304,0.010138888888888888,-0.07604304765202961,0.3424657534246575,0.027777777777777776,0.19933586766005681,0.17915457143853758,calibrated,3.82
NY,migration_incentive,1.5,medium,305,0.00986111111111111,-0.0509258816077746,0.28169014084507044,0.05714285714285714,0.19837327653080705,0.18227742493367116,calibrated,3.82
NY,migration_incentive,1.5,medium,306,0.01,-0.028983284131102897,0.18055555555555555,0.056338028169014086,0.20072403574352324,0.18411801135903988,calibrated,3.82
NY,migration_incentive,1.5,medium,307,0.009722222222222222,-0.061135760007358576,0.2857142857142857,0.029411764705882353,0.19927273788455424,0.17694680792276954,calibrated,3.82
NY,migration_incentive,1.5,medium,308,0.01125,-0.05245617242407416,0.19753086419753085,0.05714285714285714,0.19978098954286214,0.18091867925980126,calibrated,3.82
NY,migration_incentive,2.0,medium,301,0.010833333333333334,-0.057230030040302964,0.21794871794871795,0.12048192771084337,0.20013164541144499,0.177187794978836,calibrated,3.82
NY,migration_incentive,2.0,medium,302,0.013888888888888888,-0.07428070380062919,0.31,0.12962962962962962,0.2014120744783393,0.17928614077441027,calibrated,3.82
NY,migration_incentive,2.0,medium,303,0.012361111111111111,-0.03972319990961554,0.24719101123595505,0.10869565217391304,0.19956299972789046,0.19289542457015213,calibrated,3.82
NY,migration_incentive,2.0,medium,304,0.013194444444444444,-0.07362627634760016,0.28421052631578947,0.06521739130434782,0.2006379790734627,0.19150636839606078,calibrated,3.82
NY,migration_incentive,2.0,medium,305,0.0125,-0.03186689744850912,0.2111111111111111,0.18867924528301888,0.20055520016471096,0.19062687293600508,calibrated,3.82
NY,migration_incentive,2.0,medium,306,0.013472222222222222,-0.07518344244889408,0.27835051546391754,0.1485148514851485,0.2003325133044759,0.18834170628651473,calibrated,3.82
NY,migration_incentive,2.0,medium,307,0.013888888888888888,-0.04567930755412051,0.37,0.17307692307692307,0.19987995605261255,0.18627340209690882,calibrated,3.82
NY,migration_incentive,2.0,medium,308,0.011111111111111112,-0.022359324021671494,0.1875,0.12941176470588237,0.19953784642303404,0.18006510381544297,calibrated,3.82
NY,migration_incentive,2.5,medium,301,0.012222222222222223,-0.04485399186665309,0.20454545454545456,0.3305785123966942,0.19762001144337238,0.1722516687480129,calibrated,3.82
NY,migration_incentive,2.5,medium,302,0.015277777777777777,-0.11780287121837386,0.37272727272727274,0.30344827586206896,0.20080594040905705,0.18129845486576002,calibrated,3.82
NY,migration_incentive,2.5,medium,303,0.014583333333333334,-0.046080380282041866,0.2571428571428571,0.3380281690140845,0.2015446999809051,0.19263984790965802,calibrated,3.82
NY,migration_incentive,2.5,medium,304,0.016666666666666666,-0.11601395369954513,0.3333333333333333,0.22535211267605634,0.1997614611592546,0.1984117807142486,calibrated,3.82
NY,migration_incentive,2.5,medium,305,0.015,-0.06336148417539375,0.2962962962962963,0.2937062937062937,0.20037766441433014,0.18602592672069168,calibrated,3.82
NY,migration_incentive,2.5,medium,306,0.017638888888888888,-0.06419656499097735,0.3464566929133858,0.18840579710144928,0.19896674006156803,0.1907925619200375,calibrated,3.82
NY,migration_incentive,2.5,medium,307,0.015416666666666667,-0.057603373744099955,0.32432432432432434,0.3150684931506849,0.19961671715154908,0.17950439851435301,calibrated,3.82
NY,migration_incentive,2.5,medium,308,0.01638888888888889,-0.06435504317243146,0.3559322033898305,0.2248062015503876,0.19924738884116291,0.181946522244503,calibrated,3.82
NY,migration_incentive,3.0,medium,301,0.015,-0.07864277965667518,0.2777777777777778,0.44692737430167595,0.1999641493967801,0.17911058060032803,calibrated,3.82
NY,migration_incentive,3.0,medium,302,0.016527777777777777,-0.09367524445641491,0.2773109243697479,0.3837837837837838,0.20144030289223103,0.18357221556207395,calibrated,3.82
NY,migration_incentive,3.0,medium,303,0.016805555555555556,-0.062213697162863534,0.2892561983471074,0.41847826086956524,0.20014264860522657,0.1895203026446279,calibrated,3.82
NY,migration_incentive,3.0,medium,304,0.017222222222222222,-0.0995728469988217,0.3387096774193548,0.3791208791208791,0.20072730942327333,0.18558340801263665,calibrated,3.82
NY,migration_incentive,3.0,medium,305,0.01513888888888889,-0.0733074548703557,0.3761467889908257,0.36477987421383645,0.20000921058536722,0.18935645255750733,calibrated,3.82
NY,migration_incentive,3.0,medium,306,0.017777777777777778,-0.09041224520803202,0.515625,0.33136094674556216,0.19921658809754197,0.20987874447824947,calibrated,3.82
NY,migration_incentive,3.0,medium,307,0.014722222222222222,-0.06207052161760206,0.22641509433962265,0.36774193548387096,0.19908336631777676,0.18723998498274144,calibrated,3.82
NY,migration_incentive,3.0,medium,308,0.0175,-0.06856123824193276,0.36507936507936506,0.36,0.1990628249343481,0.18182581814686638,calibrated,3.82
NY,migration_incentive,3.5,medium,301,0.015694444444444445,-0.054005616015904166,0.23893805309734514,0.5207373271889401,0.198814131207354,0.1820345864666106,calibrated,3.82
NY,migration_incentive,3.5,medium,302,0.01888888888888889,-0.12616562645273158,0.3161764705882353,0.516,0.19980814555458837,0.19653500918424696,calibrated,3.82
NY,migration_incentive,3.5,medium,303,0.017083333333333332,-0.0718778738544814,0.3252032520325203,0.538135593220339,0.20117236555685758,0.1863395985534451,calibrated,3.82
NY,migration_incentive,3.5,medium,304,0.01972222222222222,-0.12360932047098447,0.3732394366197183,0.423963133640553,0.20023673637619757,0.20260625033496585,calibrated,3.82
NY,migration_incentive,3.5,medium,305,0.016944444444444446,-0.08851874221477515,0.319672131147541,0.5065502183406113,0.200398509416477,0.19279160980843885,calibrated,3.82
NY,migration_incentive,3.5,medium,306,0.018472222222222223,-0.11516873134572828,0.3308270676691729,0.5021097046413502,0.20117903848576313,0.1989838663954227,calibrated,3.82
NY,migration_incentive,3.5,medium,307,0.01638888888888889,-0.10025759671878168,0.3559322033898305,0.5258620689655172,0.20045735498706527,0.18505042444929362,calibrated,3.82
NY,migration_incentive,3.5,medium,308,0.016944444444444446,-0.06829242651335073,0.3360655737704918,0.48292682926829267,0.20066348649328436,0.19448557571885824,calibrated,3.82
NY,migration_incentive,4.0,medium,301,0.015694444444444445,-0.058238463236246346,0.3274336283185841,0.6416382252559727,0.19976215859909852,0.18790856649131216,calibrated,3.82
NY,migration_incentive,4.0,medium,302,0.019444444444444445,-0.08439756373368311,0.35714285714285715,0.6144578313253012,0.20075247340840816,0.18951631908228742,calibrated,3.82
NY,migration_incentive,4.0,medium,303,0.017638888888888888,-0.08739925606050923,0.3543307086614173,0.638095238095238,0.20085421038056805,0.19117225559009587,calibrated,3.82
NY,migration_incentive,4.0,medium,304,0.01986111111111111,-0.1128071331916242,0.3076923076923077,0.5296167247386759,0.2004685050603725,0.20523536151518032,calibrated,3.82
NY,migration_incentive,4.0,medium,305,0.016527777777777777,-0.05680342292854397,0.3445378151260504,0.6449511400651465,0.2000390433181447,0.1839539847631452,calibrated,3.82
NY,migration_incentive,4.0,medium,306,0.01888888888888889,-0.10629797544173565,0.3382352941176471,0.6038338658146964,0.20007349265654906,0.19857265867392462,calibrated,3.82
NY,migration_incentive,4.0,medium,307,0.017361111111111112,-0.09177893294174357,0.352,0.5979020979020979,0.19972477964769345,0.19021135111914125,calibrated,3.82
NY,migration_incentive,4.0,medium,308,0.017222222222222222,-0.07861020558818381,0.3225806451612903,0.6245733788395904,0.19893899894386416,0.1928360709350823,calibrated,3.82
NY,migration_incentive,5.0,medium,301,0.018472222222222223,-0.09456987286476597,0.38345864661654133,0.7672583826429981,0.20084112979002114,0.1882810337713591,calibrated,3.82
NY,migration_incentive,5.0,medium,302,0.021111111111111112,-0.11808902279396735,0.3618421052631579,0.7596491228070176,0.19852026669277367,0.19837862491540736,calibrated,3.82
NY,migration_incentive,5.0,medium,303,0.02013888888888889,-0.09773976279095657,0.31724137931034485,0.7449799196787149,0.20071817603649392,0.20667705624275157,calibrated,3.82
NY,migration_incentive,5.0,medium,304,0.021805555555555557,-0.1175552145928835,0.43312101910828027,0.7339622641509433,0.1994096672015888,0.20320610080781587,calibrated,3.82
NY,migration_incentive,5.0,medium,305,0.018194444444444444,-0.07688055369290404,0.3816793893129771,0.7705882352941177,0.2003776129908411,0.1877540990080642,calibrated,3.82
NY,migration_incentive,5.0,medium,306,0.020555555555555556,-0.10937505965826252,0.2905405405405405,0.7397260273972602,0.20000910091607685,0.20556281452941697,calibrated,3.82
NY,migration_incentive,5.0,medium,307,0.018472222222222223,-0.09889273979402337,0.37593984962406013,0.7819148936170213,0.19878840842386514,0.19388979100425557,calibrated,3.82
NY,migration_incentive,5.0,medium,308,0.01861111111111111,-0.09904822629485736,0.29850746268656714,0.7607003891050583,0.20011056388179568,0.19698440856052893,calibrated,3.82
NY,migration_incentive,6.0,medium,301,0.01861111111111111,-0.10207808384100181,0.3208955223880597,0.8588098016336057,0.20017666291134692,0.1893564391200742,calibrated,3.82
NY,migration_incentive,6.0,medium,302,0.024444444444444446,-0.13285061910659074,0.4318181818181818,0.8221709006928406,0.2003476501183774,0.20978992212890005,calibrated,3.82
NY,migration_incentive,6.0,medium,303,0.018055555555555554,-0.09841422510999051,0.36153846153846153,0.8557919621749409,0.19979979973447726,0.1924013883909943,calibrated,3.82
NY,migration_incentive,6.0,medium,304,0.024027777777777776,-0.11835273097432954,0.45664739884393063,0.8170011806375442,0.19942634293693076,0.20708828419651662,calibrated,3.82
NY,migration_incentive,6.0,medium,305,0.021388888888888888,-0.06487800932900113,0.4025974025974026,0.8404761904761905,0.19919418112119,0.1853745941468996,calibrated,3.82
NY,migration_incentive,6.0,medium,306,0.021388888888888888,-0.1124709425383656,0.37012987012987014,0.8335315101070154,0.19958245193561516,0.19851937067120642,calibrated,3.82
NY,migration_incentive,6.0,medium,307,0.020555555555555556,-0.0861593776577839,0.34459459459459457,0.8494868871151653,0.19946292509089883,0.18912836931368826,calibrated,3.82
NY,migration_incentive,6.0,medium,308,0.01972222222222222,-0.07594304149241422,0.352112676056338,0.8370646766169154,0.19887548558866117,0.19398251576876688,calibrated,3.82
NY,migration_incentive,0.0,strong,301,0.0033333333333333335,-0.016958409956872398,0.041666666666666664,0.0,0.20098424836281972,0.18681771337425807,calibrated,3.82
NY,migration_incentive,0.0,strong,302,0.005,-0.04042006098906636,0.16666666666666666,0.0,0.20290881434212923,0.18075274504061634,calibrated,3.82
NY,migration_incentive,0.0,strong,303,0.004583333333333333,-0.0320470442093649,0.06060606060606061,0.03225806451612903,0.1971262355947241,0.18750345838462606,calibrated,3.82
NY,migration_incentive,0.0,strong,304,0.004861111111111111,-0.02002127698495719,0.02857142857142857,0.05555555555555555,0.19885747373045257,0.19911849430303932,calibrated,3.82
NY,migration_incentive,0.0,strong,305,0.0043055555555555555,0.05626934980235083,0.0967741935483871,0.0,0.19873913024510634,0.1926119148213138,calibrated,3.82
NY,migration_incentive,0.0,strong,306,0.007083333333333333,-0.08328769176190999,0.11764705882352941,0.021739130434782608,0.20037499004876244,0.19315136278738096,calibrated,3.82
NY,migration_incentive,0.0,strong,307,0.0043055555555555555,-0.06727495198816279,0.0967741935483871,0.0,0.19768621024122537,0.18215217419158664,calibrated,3.82
NY,migration_incentive,0.0,strong,308,0.005138888888888889,-0.051307714323506046,0.10810810810810811,0.027777777777777776,0.199204275709981,0.18828158774945739,calibrated,3.82
NY,migration_incentive,0.5,strong,301,0.007361111111111111,-0.01977992079929704,0.18867924528301888,0.0,0.19865194464078909,0.17981312409531047,calibrated,3.82
NY,migration_incentive,0.5,strong,302,0.006666666666666667,-0.06248322305695053,0.20833333333333334,0.0,0.1998771442875634,0.1783382287890042,calibrated,3.82
NY,migration_incentive,0.5,strong,303,0.0075,-0.05510203522675733,0.2777777777777778,0.0,0.19985417369300085,0.17848504161844114,calibrated,3.82
NY,migration_incentive,0.5,strong,304,0.005416666666666667,-0.05772851431332515,0.10256410256410256,0.05128205128205128,0.20207764872939737,0.20014633789400746,calibrated,3.82
NY,migration_incentive,0.5,strong,305,0.005555555555555556,-0.003991624099476117,0.225,0.0,0.19931766310249674,0.19397901090731207,calibrated,3.82
NY,migration_incentive,0.5,strong,306,0.006388888888888889,-0.05395765789386224,0.17391304347826086,0.0,0.20080062948614905,0.19673081278187238,calibrated,3.82
NY,migration_incentive,0.5,strong,307,0.006388888888888889,-0.03500077590001263,0.15217391304347827,0.0,0.20050480887007852,0.18307923652172567,calibrated,3.82
NY,migration_incentive,0.5,strong,308,0.007361111111111111,-0.024018198394948852,0.20754716981132076,0.0625,0.1982016006779588,0.18295976168239425,calibrated,3.82
NY,migration_incentive,1.0,strong,301,0.007222222222222222,-0.029967473576384403,0.07692307692307693,0.04081632653061224,0.19831545363753042,0.1847985238605121,calibrated,3.82
NY,migration_incentive,1.0,strong,302,0.00986111111111111,-0.04496031482708479,0.19718309859154928,0.043478260869565216,0.19886951753137758,0.177195054565613,calibrated,3.82
NY,migration_incentive,1.0,strong,303,0.008055555555555555,-0.036604724797931615,0.13793103448275862,0.10344827586206896,0.19957537120254978,0.18564493762889905,calibrated,3.82
NY,migration_incentive,1.0,strong,304,0.007916666666666667,-0.09053777542145965,0.15789473684210525,0.08196721311475409,0.2006705858772426,0.1965023663713084,calibrated,3.82
NY,migration_incentive,1.0,strong,305,0.00986111111111111,-0.021111151604665753,0.2535211267605634,0.04477611940298507,0.20137781348009273,0.18672137920658383,calibrated,3.82
NY,migration_incentive,1.0,strong,306,0.008611111111111111,-0.07247270478457986,0.1935483870967742,0.016666666666666666,0.1985941208401342,0.19935588018191083,calibrated,3.82
NY,migration_incentive,1.0,strong,307,0.008333333333333333,-0.010837037897562712,0.25,0.0,0.20063495078129953,0.1893377374291263,calibrated,3.82
NY,migration_incentive,1.0,strong,308,0.009166666666666667,-0.05130863793994941,0.24242424242424243,0.06896551724137931,0.20067063441675226,0.17491332602857548,calibrated,3.82
NY,migration_incentive,1.5,strong,301,0.012083333333333333,-0.02043030203551821,0.25287356321839083,0.07228915662650602,0.20098047701234453,0.18382147408540184,calibrated,3.82
NY,migration_incentive,1.5,strong,302,0.010277777777777778,-0.0547549013696527,0.24324324324324326,0.041666666666666664,0.19888671450209275,0.17475307113560515,calibrated,3.82
NY,migration_incentive,1.5,strong,303,0.013055555555555556,-0.08344146149602308,0.24468085106382978,0.09375,0.19901781440803104,0.1903540196020147,calibrated,3.82
NY,migration_incentive,1.5,strong,304,0.01138888888888889,-0.09804515489123215,0.2073170731707317,0.060240963855421686,0.20056486323287892,0.1951286341265856,calibrated,3.82
NY,migration_incentive,1.5,strong,305,0.010694444444444444,-0.07233609988571867,0.23376623376623376,0.10843373493975904,0.20035381476836242,0.18803874025102935,calibrated,3.82
NY,migration_incentive,1.5,strong,306,0.012222222222222223,-0.09472912622243651,0.17045454545454544,0.06818181818181818,0.19966262340986884,0.19428039204343434,calibrated,3.82
NY,migration_incentive,1.5,strong,307,0.01138888888888889,-0.04460944569968381,0.2073170731707317,0.07692307692307693,0.20078223525655567,0.18302711523241164,calibrated,3.82
NY,migration_incentive,1.5,strong,308,0.012361111111111111,-0.07133867070676074,0.3258426966292135,0.07058823529411765,0.2000132127337624,0.1883983652355648,calibrated,3.82
NY,migration_incentive,2.0,strong,301,0.0125,-0.11003624135641384,0.23333333333333334,0.2,0.1998369410757238,0.18416233637757168,calibrated,3.82
NY,migration_incentive,2.0,strong,302,0.014444444444444444,-0.08281216296432015,0.25961538461538464,0.27007299270072993,0.20137481679978378,0.18755704338274343,calibrated,3.82
NY,migration_incentive,2.0,strong,303,0.014861111111111111,-0.09129911018855497,0.2803738317757009,0.23809523809523808,0.20039838273135688,0.19460116977902878,calibrated,3.82
NY,migration_incentive,2.0,strong,304,0.013194444444444444,-0.10033630101525456,0.29473684210526313,0.19090909090909092,0.19914190341296986,0.19598066789607893,calibrated,3.82
NY,migration_incentive,2.0,strong,305,0.015555555555555555,-0.07355175445930591,0.29464285714285715,0.23255813953488372,0.20034353409943506,0.20384651207156537,calibrated,3.82
NY,migration_incentive,2.0,strong,306,0.014166666666666666,-0.07950214537725028,0.29411764705882354,0.15384615384615385,0.2002399673080192,0.20342840751375293,calibrated,3.82
NY,migration_incentive,2.0,strong,307,0.013333333333333334,-0.08989187848905567,0.25,0.2072072072072072,0.1996403684531742,0.1914525263789207,calibrated,3.82
NY,migration_incentive,2.0,strong,308,0.014027777777777778,-0.05568914770205061,0.32673267326732675,0.16216216216216217,0.19999292887528453,0.1886797689730077,calibrated,3.82
NY,migration_incentive,2.5,strong,301,0.01375,-0.07619302112493849,0.2727272727272727,0.3157894736842105,0.1998255863349108,0.18351179565606504,calibrated,3.82
NY,migration_incentive,2.5,strong,302,0.016527777777777777,-0.09619407217344116,0.31092436974789917,0.3271604938271605,0.19982038361529608,0.19289274202130624,calibrated,3.82
NY,migration_incentive,2.5,strong,303,0.01597222222222222,-0.07287464966825627,0.3217391304347826,0.31333333333333335,0.19991523011585666,0.19254482861965158,calibrated,3.82
NY,migration_incentive,2.5,strong,304,0.017083333333333332,-0.10739720436336281,0.3821138211382114,0.2565789473684211,0.20046055930688098,0.20022916420243705,calibrated,3.82
NY,migration_incentive,2.5,strong,305,0.014444444444444444,-0.06058006976981188,0.3076923076923077,0.3028169014084507,0.19961476130946584,0.19505021132698339,calibrated,3.82
NY,migration_incentive,2.5,strong,306,0.015694444444444445,-0.10988284855576488,0.37168141592920356,0.2695035460992908,0.19945055691832733,0.20669472066928174,calibrated,3.82
NY,migration_incentive,2.5,strong,307,0.01513888888888889,-0.07749239009719626,0.3302752293577982,0.2978723404255319,0.199450892273163,0.18042543460759664,calibrated,3.82
NY,migration_incentive,2.5,strong,308,0.016666666666666666,-0.07013534852811441,0.175,0.2875,0.19953752526207647,0.20241678559194598,calibrated,3.82
NY,migration_incentive,3.0,strong,301,0.01513888888888889,-0.07547165246143026,0.29357798165137616,0.41566265060240964,0.20044828675300028,0.18538477179782273,calibrated,3.82
NY,migration_incentive,3.0,strong,302,0.019583333333333335,-0.13163595996099495,0.41134751773049644,0.4898785425101215,0.19884279978982522,0.2009078978488913,calibrated,3.82
NY,migration_incentive,3.0,strong,303,0.01611111111111111,-0.06541975317114468,0.28448275862068967,0.45263157894736844,0.20054975624658022,0.19469933793347402,calibrated,3.82
NY,migration_incentive,3.0,strong,304,0.01902777777777778,-0.1243186039821003,0.38686131386861317,0.4553191489361702,0.20084975851444012,0.20261293097279387,calibrated,3.82
NY,migration_incentive,3.0,strong,305,0.015833333333333335,-0.05139687911932331,0.22807017543859648,0.4976303317535545,0.20032071370511215,0.1989012941277004,calibrated,3.82
NY,migration_incentive,3.0,strong,306,0.01611111111111111,-0.10260657674126161,0.21551724137931033,0.40625,0.19965884167164352,0.20394283227284943,calibrated,3.82
NY,migration_incentive,3.0,strong,307,0.01625,-0.06651271372596032,0.29914529914529914,0.4642857142857143,0.2006262405536872,0.19618196946011401,calibrated,3.82
NY,migration_incentive,3.0,strong,308,0.01875,-0.0866277500087594,0.3851851851851852,0.4010152284263959,0.20036435431638622,0.1961100066750067,calibrated,3.82
NY,migration_incentive,3.5,strong,301,0.015694444444444445,-0.1167651216187695,0.24778761061946902,0.551440329218107,0.19956658955367593,0.19618388328291128,calibrated,3.82
NY,migration_incentive,3.5,strong,302,0.01902777777777778,-0.12236488344901753,0.2846715328467153,0.5664335664335665,0.19888237569039066,0.19732030352967286,calibrated,3.82
NY,migration_incentive,3.5,strong,303,0.017222222222222222,-0.0980491409270722,0.3467741935483871,0.5801526717557252,0.19914612666800355,0.1931259623117115,calibrated,3.82
NY,migration_incentive,3.5,strong,304,0.020416666666666666,-0.1059756882127715,0.36054421768707484,0.5354609929078015,0.19924178595779843,0.20361499422590365,calibrated,3.82
NY,migration_incentive,3.5,strong,305,0.018472222222222223,-0.09425806661979734,0.43609022556390975,0.5671641791044776,0.19961814116000431,0.20880829404653967,calibrated,3.82
NY,migration_incentive,3.5,strong,306,0.018472222222222223,-0.09330870802323463,0.3007518796992481,0.5252918287937743,0.1997176013669225,0.2079348133689314,calibrated,3.82
NY,migration_incentive,3.5,strong,307,0.015833333333333335,-0.1007767364882319,0.30701754385964913,0.5945945945945946,0.19968043231817656,0.18512252147367061,calibrated,3.82
NY,migration_incentive,3.5,strong,308,0.01861111111111111,-0.0765568996454513,0.3805970149253731,0.5521235521235521,0.2017796827040678,0.20492096382746183,calibrated,3.82
NY,migration_incentive,4.0,strong,301,0.01625,-0.0942729188501334,0.3333333333333333,0.6625386996904025,0.19940623365478768,0.1884681676530834,calibrated,3.82
NY,migration_incentive,4.0,strong,302,0.01888888888888889,-0.11687131980622512,0.29411764705882354,0.6786632390745502,0.19994274387281838,0.20359707507644312,calibrated,3.82
NY,migration_incentive,4.0,strong,303,0.01902777777777778,-0.09164167372643352,0.31386861313868614,0.6388059701492538,0.19973532600846247,0.2053034218647548,calibrated,3.82
NY,migration_incentive,4.0,strong,304,0.020416666666666666,-0.14440410291455866,0.3877551020408163,0.5914634146341463,0.20011033613115733,0.21367924970717705,calibrated,3.82
NY,migration_incentive,4.0,strong,305,0.018055555555555554,-0.06565803064595269,0.38461538461538464,0.6411042944785276,0.20045382517034246,0.1933444990030275,calibrated,3.82
NY,migration_incentive,4.0,strong,306,0.016944444444444446,-0.0765457223400705,0.26229508196721313,0.6577380952380952,0.20015242293171445,0.20395471276206578,calibrated,3.82
NY,migration_incentive,4.0,strong,307,0.017361111111111112,-0.07612465596556782,0.296,0.6430769230769231,0.1990153709972149,0.19635955282043607,calibrated,3.82
NY,migration_incentive,4.0,strong,308,0.01861111111111111,-0.09337506997776492,0.34328358208955223,0.6398809523809523,0.20112354358377796,0.20231441671267786,calibrated,3.82
NY,migration_incentive,5.0,strong,301,0.017222222222222222,-0.10618552237218047,0.3064516129032258,0.7763157894736842,0.1997841025780908,0.19432790613400475,calibrated,3.82
NY,migration_incentive,5.0,strong,302,0.020694444444444446,-0.130736106938144,0.28187919463087246,0.7752442996742671,0.20048908367379656,0.19617194257115955,calibrated,3.82
NY,migration_incentive,5.0,strong,303,0.018055555555555554,-0.13593471906972823,0.4230769230769231,0.763671875,0.1998861301012007,0.20640811392528022,calibrated,3.82
NY,migration_incentive,5.0,strong,304,0.02347222222222222,-0.1422473707293338,0.44970414201183434,0.7248677248677249,0.1989748917619054,0.22016028878346602,calibrated,3.82
NY,migration_incentive,5.0,strong,305,0.02013888888888889,-0.09352479845989514,0.4,0.7846153846153846,0.19904437289646867,0.19702608713238243,calibrated,3.82
NY,migration_incentive,5.0,strong,306,0.020416666666666666,-0.12441985140573814,0.36054421768707484,0.7759197324414716,0.19979856177138475,0.20443771267786706,calibrated,3.82
NY,migration_incentive,5.0,strong,307,0.01888888888888889,-0.13111231979498902,0.4632352941176471,0.7815275310834814,0.20044821912318245,0.19577059903993263,calibrated,3.82
NY,migration_incentive,5.0,strong,308,0.01902777777777778,-0.07467117278971289,0.31386861313868614,0.7811387900355872,0.19883355375113612,0.19789781938841802,calibrated,3.82
NY,migration_incentive,6.0,strong,301,0.019166666666666665,-0.08922539243856323,0.43478260869565216,0.8698412698412699,0.20067071867024275,0.19114316592619565,calibrated,3.82
NY,migration_incentive,6.0,strong,302,0.023333333333333334,-0.13313235459960934,0.39285714285714285,0.8452380952380952,0.20099913688277438,0.20413643027000003,calibrated,3.82
NY,migration_incentive,6.0,strong,303,0.01902777777777778,-0.11244699516862323,0.3284671532846715,0.8571428571428571,0.19993412020101212,0.20172835335862135,calibrated,3.82
NY,migration_incentive,6.0,strong,304,0.024166666666666666,-0.1355502961894432,0.39655172413793105,0.8340380549682875,0.19897533622586927,0.2157802709547489,calibrated,3.82
NY,migration_incentive,6.0,strong,305,0.020694444444444446,-0.08764762416606814,0.4429530201342282,0.8548034934497817,0.19968406581144213,0.20683027110122426,calibrated,3.82
NY,migration_incentive,6.0,strong,306,0.021944444444444444,-0.0965489318865383,0.43037974683544306,0.8506224066390041,0.19999154927731932,0.2081207555238851,calibrated,3.82
NY,migration_incentive,6.0,strong,307,0.019444444444444445,-0.07919539277687357,0.34285714285714286,0.8602383531960996,0.1990224700643631,0.1968394944826473,calibrated,3.82
NY,migration_incentive,6.0,strong,308,0.01986111111111111,-0.10223045065430784,0.3706293706293706,0.8540965207631874,0.20054995826025276,0.20078328647573435,calibrated,3.82
NY,migration_incentive,0.0,weak,301,0.003611111111111111,-0.010684652113403172,0.038461538461538464,0.0,0.19781702094539041,0.16604035404604237,calibrated,3.82
NY,migration_incentive,0.0,weak,302,0.005416666666666667,-0.07017832103620673,0.05128205128205128,0.0,0.200202658716347,0.16257605395425248,calibrated,3.82
NY,migration_incentive,0.0,weak,303,0.0038888888888888888,0.02823079767211002,0.0,0.0,0.1986735491855353,0.17100319226809668,calibrated,3.82
NY,migration_incentive,0.0,weak,304,0.005694444444444445,-0.045098550730564804,0.07317073170731707,0.0,0.1991058736674011,0.17432599468183618,calibrated,3.82
NY,migration_incentive,0.0,weak,305,0.005138888888888889,-0.04800949793199829,0.16216216216216217,0.0,0.20153058210015676,0.17217872269575732,calibrated,3.82
NY,migration_incentive,0.0,weak,306,0.005277777777777778,-0.028671807715585588,0.07894736842105263,0.030303030303030304,0.1990383304352079,0.17494241710688022,calibrated,3.82
NY,migration_incentive,0.0,weak,307,0.003611111111111111,0.009213415090423996,0.11538461538461539,0.0,0.20108212973303527,0.1784289962338596,calibrated,3.82
NY,migration_incentive,0.0,weak,308,0.004861111111111111,-0.006007722222169776,0.05714285714285714,0.0,0.19863822602856596,0.16730389154338904,calibrated,3.82
NY,migration_incentive,0.5,weak,301,0.006527777777777778,0.006730735036794443,0.14893617021276595,0.024390243902439025,0.20139913617814287,0.16494285323560376,calibrated,3.82
NY,migration_incentive,0.5,weak,302,0.005277777777777778,-0.00680780045871243,0.10526315789473684,0.0,0.20017950238636448,0.1690491827621581,calibrated,3.82
NY,migration_incentive,0.5,weak,303,0.005,-0.07225215009612682,0.16666666666666666,0.0,0.20121697240334382,0.17189869790128487,calibrated,3.82
NY,migration_incentive,0.5,weak,304,0.006805555555555555,-0.005027906581725295,0.061224489795918366,0.021739130434782608,0.19911557377625358,0.1759598994348629,calibrated,3.82
NY,migration_incentive,0.5,weak,305,0.005277777777777778,-0.017803585508010134,0.10526315789473684,0.0,0.20023367036197326,0.1782734727156057,calibrated,3.82
NY,migration_incentive,0.5,weak,306,0.00625,0.004768340724480098,0.06666666666666667,0.0,0.2007844399230118,0.17190458434595096,calibrated,3.82
NY,migration_incentive,0.5,weak,307,0.006111111111111111,-0.02605102279747009,0.13636363636363635,0.024390243902439025,0.1988329367953375,0.1632491634298252,calibrated,3.82
NY,migration_incentive,0.5,weak,308,0.006944444444444444,-0.027943448485255668,0.34,0.0,0.2002016728903063,0.1681995924109553,calibrated,3.82
NY,migration_incentive,1.0,weak,301,0.007361111111111111,-0.04213966545106709,0.018867924528301886,0.10714285714285714,0.20011043887655522,0.16679346912468018,calibrated,3.82
NY,migration_incentive,1.0,weak,302,0.007361111111111111,-0.0399398409213931,0.24528301886792453,0.0,0.20088718748408654,0.1689406014688447,calibrated,3.82
NY,migration_incentive,1.0,weak,303,0.0077777777777777776,-0.020955778326276327,0.10714285714285714,0.0,0.19921491194171603,0.1759664766501825,calibrated,3.82
NY,migration_incentive,1.0,weak,304,0.008333333333333333,-0.03555582023150814,0.1,0.018518518518518517,0.20048735387383743,0.1763252272846601,calibrated,3.82
NY,migration_incentive,1.0,weak,305,0.007083333333333333,-0.052050997171925885,0.09803921568627451,0.02127659574468085,0.2016288268363966,0.1763048532501651,calibrated,3.82
NY,migration_incentive,1.0,weak,306,0.00875,-0.036416369158678685,0.1746031746031746,0.03333333333333333,0.1993680105195219,0.1848225388879077,calibrated,3.82
NY,migration_incentive,1.0,weak,307,0.00625,-0.004050854563238568,0.15555555555555556,0.0,0.2007298838419358,0.16587951958217953,calibrated,3.82
NY,migration_incentive,1.0,weak,308,0.008333333333333333,-0.00408919263661209,0.3,0.0,0.20076743658774318,0.17558660613323132,calibrated,3.82
NY,migration_incentive,1.5,weak,301,0.01,-0.037872927048863664,0.19444444444444445,0.08108108108108109,0.20010761711725797,0.1710787861899094,calibrated,3.82
NY,migration_incentive,1.5,weak,302,0.008611111111111111,-0.07695128188258578,0.1774193548387097,0.017857142857142856,0.20031550444188362,0.16418501354290582,calibrated,3.82
NY,migration_incentive,1.5,weak,303,0.009583333333333333,-0.028411997352804034,0.2028985507246377,0.043478260869565216,0.2007497530915633,0.1718119253616373,calibrated,3.82
NY,migration_incentive,1.5,weak,304,0.011111111111111112,-0.030840491489520748,0.25,0.0547945205479452,0.20012713228046056,0.17359636032652945,calibrated,3.82
NY,migration_incentive,1.5,weak,305,0.011527777777777777,-0.030430197801712012,0.30120481927710846,0.10714285714285714,0.1996664959680922,0.17371924734760422,calibrated,3.82
NY,migration_incentive,1.5,weak,306,0.009722222222222222,-0.006697049734750872,0.17142857142857143,0.1095890410958904,0.19931195102267005,0.178704897224668,calibrated,3.82
NY,migration_incentive,1.5,weak,307,0.009027777777777777,-0.02216004416725972,0.1076923076923077,0.07692307692307693,0.20030949997406633,0.16373373209519249,calibrated,3.82
NY,migration_incentive,1.5,weak,308,0.0075,-0.02820350672392758,0.2037037037037037,0.10344827586206896,0.20095024353682844,0.17093344488986711,calibrated,3.82
NY,migration_incentive,2.0,weak,301,0.010694444444444444,-0.011778322022319586,0.2597402597402597,0.1839080459770115,0.19951892793893364,0.16391951351097098,calibrated,3.82
NY,migration_incentive,2.0,weak,302,0.012361111111111111,-0.06423674772982378,0.3707865168539326,0.14432989690721648,0.19901362457415248,0.17333054989939597,calibrated,3.82
NY,migration_incentive,2.0,weak,303,0.011111111111111112,-0.06280386317104895,0.25,0.16666666666666666,0.1984602997581634,0.1745707810616237,calibrated,3.82
NY,migration_incentive,2.0,weak,304,0.01375,-0.06022607697578433,0.31313131313131315,0.11764705882352941,0.20049256155829634,0.17965660776579886,calibrated,3.82
NY,migration_incentive,2.0,weak,305,0.012361111111111111,-0.05155717306554099,0.25842696629213485,0.11235955056179775,0.19892308437849882,0.1740117169786683,calibrated,3.82
NY,migration_incentive,2.0,weak,306,0.01375,-0.06649586834308274,0.3333333333333333,0.07368421052631578,0.20000068972842752,0.18702575357497392,calibrated,3.82
NY,migration_incentive,2.0,weak,307,0.011666666666666667,-0.013342061041268465,0.2857142857142857,0.12195121951219512,0.19878826424050433,0.1762522544945101,calibrated,3.82
NY,migration_incentive,2.0,weak,308,0.012777777777777779,-0.006232539099802031,0.14130434782608695,0.16161616161616163,0.19902195691945615,0.16920075556015168,calibrated,3.82
NY,migration_incentive,2.5,weak,301,0.011944444444444445,-0.06496417523807309,0.2441860465116279,0.30434782608695654,0.19887642885033796,0.17420537693860896,calibrated,3.82
NY,migration_incentive,2.5,weak,302,0.015694444444444445,-0.08964039556946801,0.36283185840707965,0.13675213675213677,0.20087387861356798,0.1763984808331102,calibrated,3.82
NY,migration_incentive,2.5,weak,303,0.013888888888888888,-0.048335182432352713,0.3,0.1891891891891892,0.1998714157739313,0.17967200065434402,calibrated,3.82
NY,migration_incentive,2.5,weak,304,0.014444444444444444,-0.07392879459446776,0.22115384615384615,0.17094017094017094,0.19998530002490103,0.19267082889627166,calibrated,3.82
NY,migration_incentive,2.5,weak,305,0.013333333333333334,-0.014220578712028122,0.3229166666666667,0.23684210526315788,0.200549043860164,0.17455772613709533,calibrated,3.82
NY,migration_incentive,2.5,weak,306,0.014305555555555556,-0.057062379153023916,0.23300970873786409,0.13761467889908258,0.2005755256289,0.18196291876755344,calibrated,3.82
NY,migration_incentive,2.5,weak,307,0.013888888888888888,-0.05669555163479362,0.23,0.23770491803278687,0.1991705713601184,0.17407813142716944,calibrated,3.82
NY,migration_incentive,2.5,weak,308,0.01513888888888889,-0.03701986232662814,0.25688073394495414,0.30434782608695654,0.2007495687724459,0.18038416673744492,calibrated,3.82
NY,migration_incentive,3.0,weak,301,0.014305555555555556,-0.021587930474239195,0.22330097087378642,0.38,0.1995872063603367,0.18260311995154854,calibrated,3.82
NY,migration_incentive,3.0,weak,302,0.017361111111111112,-0.09028978766849234,0.4,0.35714285714285715,0.20104406690406262,0.17743852667369345,calibrated,3.82
NY,migration_incentive,3.0,weak,303,0.014861111111111111,-0.02763916219160496,0.2336448598130841,0.34057971014492755,0.20037252443183617,0.17839530881263072,calibrated,3.82
NY,migration_incentive,3.0,weak,304,0.01638888888888889,-0.11935283525630065,0.2796610169491525,0.30718954248366015,0.20124726593193856,0.18951074718317162,calibrated,3.82
NY,migration_incentive,3.0,weak,305,0.014166666666666666,-0.05582069542769263,0.3137254901960784,0.4121212121212121,0.2000022720588067,0.18505619442093432,calibrated,3.82
NY,migration_incentive,3.0,weak,306,0.01597222222222222,-0.07522586324860478,0.23478260869565218,0.3087248322147651,0.2001882017128881,0.19739631011081477,calibrated,3.82
NY,migration_incentive,3.0,weak,307,0.01513888888888889,-0.04272956369101205,0.23853211009174313,0.3860759493670886,0.19992701615806807,0.17955493908204398,calibrated,3.82
NY,migration_incentive,3.0,weak,308,0.015277777777777777,-0.07243817997471476,0.24545454545454545,0.3146853146853147,0.2008537330112575,0.17825161818773036,calibrated,3.82
NY,migration_incentive,3.5,weak,301,0.014861111111111111,-0.05437765531669036,0.24299065420560748,0.48947368421052634,0.1994847364894006,0.17376883493858367,calibrated,3.82
NY,migration_incentive,3.5,weak,302,0.017777777777777778,-0.1239718329436131,0.3203125,0.4890829694323144,0.2001482525664711,0.17973708660080226,calibrated,3.82
NY,migration_incentive,3.5,weak,303,0.01597222222222222,-0.0799831657670822,0.16521739130434782,0.4222222222222222,0.1999573915152076,0.18660633469893229,calibrated,3.82
NY,migration_incentive,3.5,weak,304,0.01875,-0.11976845443073532,0.3037037037037037,0.3838383838383838,0.20018332906163108,0.1921248178820002,calibrated,3.82
NY,migration_incentive,3.5,weak,305,0.015694444444444445,-0.05822640928995771,0.24778761061946902,0.475,0.19950767606785702,0.17892492102045363,calibrated,3.82
NY,migration_incentive,3.5,weak,306,0.018055555555555554,-0.08257066003097846,0.23846153846153847,0.37362637362637363,0.19988407073052186,0.1882003527904085,calibrated,3.82
NY,migration_incentive,3.5,weak,307,0.016944444444444446,-0.06515034063899994,0.4344262295081967,0.4603960396039604,0.1995145647990595,0.17903702833991011,calibrated,3.82
NY,migration_incentive,3.5,weak,308,0.016944444444444446,-0.0601011011985597,0.36885245901639346,0.44041450777202074,0.19979216354920973,0.1860804032199618,calibrated,3.82
NY,migration_incentive,4.0,weak,301,0.01625,-0.08168561819795635,0.3504273504273504,0.6046511627906976,0.19946373406936788,0.18607055386614638,calibrated,3.82
NY,migration_incentive,4.0,weak,302,0.01986111111111111,-0.12520657086349635,0.42657342657342656,0.55,0.2001212616734616,0.1854144563596855,calibrated,3.82
NY,migration_incentive,4.0,weak,303,0.016527777777777777,-0.06573592847892876,0.3949579831932773,0.5770750988142292,0.20080135517059053,0.17985680908582916,calibrated,3.82
NY,migration_incentive,4.0,weak,304,0.01972222222222222,-0.11239004381056461,0.352112676056338,0.5666666666666667,0.19951622003276848,0.1999517226435055,calibrated,3.82
NY,migration_incentive,4.0,weak,305,0.016944444444444446,-0.0842868996559715,0.27049180327868855,0.6055363321799307,0.19942154592608063,0.1824335623662748,calibrated,3.82
NY,migration_incentive,4.0,weak,306,0.017638888888888888,-0.06899992454024657,0.29133858267716534,0.48936170212765956,0.1990405327523879,0.1917177757156809,calibrated,3.82
NY,migration_incentive,4.0,weak,307,0.016527777777777777,-0.07291035149616325,0.31932773109243695,0.5775193798449613,0.19959808938087556,0.1815669435735506,calibrated,3.82
NY,migration_incentive,4.0,weak,308,0.018194444444444444,-0.07527176865194393,0.3435114503816794,0.5916955017301038,0.20149912494633967,0.18361351014294375,calibrated,3.82
NY,migration_incentive,5.0,weak,301,0.018055555555555554,-0.04979860623079868,0.35384615384615387,0.7473002159827213,0.19936928573678023,0.17988205683632022,calibrated,3.82
NY,migration_incentive,5.0,weak,302,0.020972222222222222,-0.12933072767513895,0.39072847682119205,0.7181069958847737,0.1998328987119932,0.1938032679776351,calibrated,3.82
NY,migration_incentive,5.0,weak,303,0.018472222222222223,-0.08886924755109066,0.3684210526315789,0.7183098591549296,0.20074732169660117,0.19557055944800872,calibrated,3.82
NY,migration_incentive,5.0,weak,304,0.022083333333333333,-0.09726288191129781,0.4025157232704403,0.6869565217391305,0.20047914738954098,0.2035348183815648,calibrated,3.82
NY,migration_incentive,5.0,weak,305,0.018194444444444444,-0.06947585676483516,0.3511450381679389,0.7218225419664268,0.19815127003349065,0.17822323986545877,calibrated,3.82
NY,migration_incentive,5.0,weak,306,0.019444444444444445,-0.08538285405522637,0.3357142857142857,0.6923076923076923,0.19916091432831703,0.19576839265646687,calibrated,3.82
NY,migration_incentive,5.0,weak,307,0.017222222222222222,-0.08069799235122857,0.3548387096774194,0.714987714987715,0.1993114644126062,0.18428852367161327,calibrated,3.82
NY,migration_incentive,5.0,weak,308,0.018333333333333333,-0.06593739688738876,0.2878787878787879,0.7126168224299065,0.20017834948506838,0.19168119759019944,calibrated,3.82
NY,migration_incentive,6.0,weak,301,0.018194444444444444,-0.08176291951465138,0.37404580152671757,0.8506172839506173,0.2002856004637614,0.18528659828581823,calibrated,3.82
NY,migration_incentive,6.0,weak,302,0.023055555555555555,-0.1320302995246521,0.37349397590361444,0.8147684605757196,0.19974454236796033,0.20448583408714568,calibrated,3.82
NY,migration_incentive,6.0,weak,303,0.01972222222222222,-0.07596139720422444,0.3591549295774648,0.8170391061452514,0.2001333998780407,0.19851078237873382,calibrated,3.82
NY,migration_incentive,6.0,weak,304,0.024166666666666666,-0.11428991946307893,0.40804597701149425,0.797634691195795,0.19919882106503553,0.2065618630617124,calibrated,3.82
NY,migration_incentive,6.0,weak,305,0.019444444444444445,-0.06951137277141342,0.35,0.8244170096021948,0.1995478562143331,0.18765605293266166,calibrated,3.82
NY,migration_incentive,6.0,weak,306,0.021944444444444444,-0.11034685953541831,0.4177215189873418,0.8053691275167785,0.2009377160516411,0.20263696397633696,calibrated,3.82
NY,migration_incentive,6.0,weak,307,0.019583333333333335,-0.06032232734731441,0.3333333333333333,0.820979020979021,0.19980814726255514,0.1843322652391757,calibrated,3.82
NY,migration_incentive,6.0,weak,308,0.019583333333333335,-0.0582701571985426,0.3404255319148936,0.832010582010582,0.19998962812624718,0.18701461126709634,calibrated,3.82
