target_state,lever,intensity,interaction,seed,target_inflow_rate,target_social_cost,chain_share,housing_rejection,job_rejection,coorigin_clustering,parameter_profile,beta_current_state_used
CA,combined,0.0,medium,301,0.006666666666666667,-0.21781370830621594,0.20833333333333334,0.022727272727272728,0.20138242102738765,0.16916681559039773,calibrated,3.82
CA,combined,0.0,medium,302,0.007638888888888889,-0.14724790970834695,0.14545454545454545,0.03773584905660377,0.2017428255592216,0.1672871892950777,calibrated,3.82
CA,combined,0.0,medium,303,0.006388888888888889,-0.21859327214405425,0.1956521739130435,0.0,0.20009090050802292,0.18172436502925007,calibrated,3.82
CA,combined,0.0,medium,304,0.006944444444444444,-0.1991273403730418,0.24,0.0,0.20043423614309766,0.19109839232492842,calibrated,3.82
CA,combined,0.0,medium,305,0.006805555555555555,-0.2338359375574972,0.1836734693877551,0.0,0.20058670763289443,0.1812447795637225,calibrated,3.82
CA,combined,0.0,medium,306,0.006944444444444444,-0.18276571921738852,0.08,0.0,0.200602343208632,0.181904615320813,calibrated,3.82
CA,combined,0.0,medium,307,0.008055555555555555,-0.19322253570655482,0.25862068965517243,0.02,0.20100849283201616,0.17849172385750423,calibrated,3.82
CA,combined,0.0,medium,308,0.005416666666666667,-0.15947362460392553,0.1282051282051282,0.0,0.20176566812238847,0.1791246992213705,calibrated,3.82
CA,combined,0.5,medium,301,0.014166666666666666,-0.26031634264356035,0.3431372549019608,0.03125,0.15850047702390777,0.20824817304982438,calibrated,3.82
CA,combined,0.5,medium,302,0.01597222222222222,-0.2498243989633273,0.3130434782608696,0.01904761904761905,0.159172348027965,0.2257354423139385,calibrated,3.82
CA,combined,0.5,medium,303,0.01375,-0.25058428910048824,0.25252525252525254,0.0,0.15919198080847494,0.22252558271756007,calibrated,3.82
CA,combined,0.5,medium,304,0.012777777777777779,-0.23929699171615224,0.20652173913043478,0.0,0.1587885912815429,0.2226410648532169,calibrated,3.82
CA,combined,0.5,medium,305,0.014305555555555556,-0.25225589059657855,0.23300970873786409,0.010638297872340425,0.15713783544870044,0.2173926023758478,calibrated,3.82
CA,combined,0.5,medium,306,0.014305555555555556,-0.2793703682200793,0.23300970873786409,0.0,0.16117943819419442,0.2256214745542518,calibrated,3.82
CA,combined,0.5,medium,307,0.012777777777777779,-0.22185453033382374,0.3804347826086957,0.024096385542168676,0.1568038587898591,0.2076152177334305,calibrated,3.82
CA,combined,0.5,medium,308,0.015,-0.22832784054807714,0.2777777777777778,0.0,0.1575864051909291,0.21666659987273648,calibrated,3.82
CA,combined,1.0,medium,301,0.03027777777777778,-0.31357422910830557,0.4541284403669725,0.024752475247524754,0.121043479235986,0.3077025536214533,calibrated,3.82
CA,combined,1.0,medium,302,0.03263888888888889,-0.3277696787324624,0.5276595744680851,0.06222222222222222,0.12348900421337906,0.3218869600188704,calibrated,3.82
CA,combined,1.0,medium,303,0.03388888888888889,-0.3458100523408303,0.5245901639344263,0.059322033898305086,0.1258371511908691,0.36503459067971006,calibrated,3.82
CA,combined,1.0,medium,304,0.034027777777777775,-0.3238643373602854,0.45714285714285713,0.026200873362445413,0.12523603705315967,0.36495818475137987,calibrated,3.82
CA,combined,1.0,medium,305,0.0325,-0.3390610119935277,0.49145299145299143,0.05803571428571429,0.12371640158371015,0.34641952748138993,calibrated,3.82
CA,combined,1.0,medium,306,0.02722222222222222,-0.3050054977332004,0.413265306122449,0.0427807486631016,0.13402722596654779,0.30047897030297077,calibrated,3.82
CA,combined,1.0,medium,307,0.030833333333333334,-0.32016800317515387,0.4864864864864865,0.038461538461538464,0.12803594468137194,0.3071473559315577,calibrated,3.82
CA,combined,1.0,medium,308,0.029444444444444443,-0.30828415731789216,0.4858490566037736,0.020100502512562814,0.11770486617059228,0.3096416405339816,calibrated,3.82
CA,combined,1.5,medium,301,0.05527777777777778,-0.4498518917291491,0.6733668341708543,0.12850467289719625,0.11791584429362773,0.6045761561480323,calibrated,3.82
CA,combined,1.5,medium,302,0.05722222222222222,-0.42713747080054254,0.6820388349514563,0.1493212669683258,0.1085451884937851,0.5826509982056116,calibrated,3.82
CA,combined,1.5,medium,303,0.05236111111111111,-0.4240080213596501,0.6339522546419099,0.1189873417721519,0.12446926303055166,0.5565291178725122,calibrated,3.82
CA,combined,1.5,medium,304,0.05513888888888889,-0.43474535632275296,0.7002518891687658,0.12410501193317422,0.11825595253559669,0.589961136332254,calibrated,3.82
CA,combined,1.5,medium,305,0.05472222222222222,-0.4288210210078889,0.6624365482233503,0.12135922330097088,0.11233123221260292,0.5821589251676897,calibrated,3.82
CA,combined,1.5,medium,306,0.05361111111111111,-0.42837463349577803,0.6113989637305699,0.0703125,0.1297349819176871,0.6066371600179649,calibrated,3.82
CA,combined,1.5,medium,307,0.05513888888888889,-0.42915214944101104,0.6649874055415617,0.14523809523809525,0.10945594216638742,0.5680611659111201,calibrated,3.82
CA,combined,1.5,medium,308,0.057777777777777775,-0.43480751398383916,0.7211538461538461,0.062034739454094295,0.10842674864405137,0.5901927352383636,calibrated,3.82
CA,combined,2.0,medium,301,0.07652777777777778,-0.5299214788479268,0.7894736842105263,0.20679012345679013,0.11597076934328994,0.8898564441496759,calibrated,3.82
CA,combined,2.0,medium,302,0.07416666666666667,-0.48952371063072553,0.7340823970037453,0.28075253256150506,0.10582065303686666,0.8387698608401487,calibrated,3.82
CA,combined,2.0,medium,303,0.07388888888888889,-0.535355505373393,0.7951127819548872,0.17986798679867988,0.12143632567004235,0.8719641836206926,calibrated,3.82
CA,combined,2.0,medium,304,0.07444444444444444,-0.5009212197670306,0.7593283582089553,0.21439749608763695,0.11992541143134826,0.8314762961134782,calibrated,3.82
CA,combined,2.0,medium,305,0.07388888888888889,-0.5178705935764177,0.7593984962406015,0.20450885668276972,0.11225498618406976,0.8559366572282219,calibrated,3.82
CA,combined,2.0,medium,306,0.07416666666666667,-0.5196382592793555,0.7696629213483146,0.17520661157024794,0.11829510453552787,0.8747190688947357,calibrated,3.82
CA,combined,2.0,medium,307,0.07416666666666667,-0.5038046538730276,0.7771535580524345,0.222397476340694,0.11288582772372845,0.8061722870427319,calibrated,3.82
CA,combined,2.0,medium,308,0.0751388888888889,-0.49896502224312234,0.789279112754159,0.20385232744783308,0.11000439188764816,0.8240687262185425,calibrated,3.82
CA,combined,2.5,medium,301,0.08305555555555555,-0.5573994715991395,0.7809364548494984,0.28388746803069054,0.11424142418996665,0.9475576321190069,calibrated,3.82
CA,combined,2.5,medium,302,0.08472222222222223,-0.5392108112179325,0.7918032786885246,0.3497142857142857,0.11488765774935761,0.9506616140263656,calibrated,3.82
CA,combined,2.5,medium,303,0.08291666666666667,-0.5675180701706687,0.8190954773869347,0.30287859824780977,0.11623111831136591,0.9506051366736354,calibrated,3.82
CA,combined,2.5,medium,304,0.08444444444444445,-0.5368944042482043,0.8108552631578947,0.3547646383467279,0.11841289241952067,0.9281998758973562,calibrated,3.82
CA,combined,2.5,medium,305,0.08291666666666667,-0.5415351123217957,0.8090452261306532,0.3448275862068966,0.11214573361778811,0.9215522741181076,calibrated,3.82
CA,combined,2.5,medium,306,0.08125,-0.5597447052548755,0.8017094017094017,0.31313131313131315,0.11717313784254468,0.921932283958131,calibrated,3.82
CA,combined,2.5,medium,307,0.08416666666666667,-0.5537029815070321,0.8217821782178217,0.312807881773399,0.10553767344870313,0.9315006480499587,calibrated,3.82
CA,combined,2.5,medium,308,0.08402777777777778,-0.5447773460336577,0.8066115702479338,0.3053152039555006,0.10949526358632278,0.9289288818440612,calibrated,3.82
CA,combined,3.0,medium,301,0.08888888888888889,-0.5849549887219914,0.8015625,0.4022177419354839,0.11642240022980554,0.9801538461538462,calibrated,3.82
CA,combined,3.0,medium,302,0.08722222222222223,-0.565282685773271,0.8264331210191083,0.44349477682811017,0.11127208680667812,0.9605063241787025,calibrated,3.82
CA,combined,3.0,medium,303,0.08680555555555555,-0.5774659414069953,0.8128,0.4199004975124378,0.11703436831580594,0.9800271002710027,calibrated,3.82
CA,combined,3.0,medium,304,0.08958333333333333,-0.5631465829130099,0.834108527131783,0.4169921875,0.11382279676551775,0.9702541478129714,calibrated,3.82
CA,combined,3.0,medium,305,0.08680555555555555,-0.5787035464413292,0.8368,0.4154929577464789,0.11424534545536445,0.9735491974797147,calibrated,3.82
CA,combined,3.0,medium,306,0.08652777777777777,-0.5783679531239281,0.8234349919743178,0.39896373056994816,0.1170144530682561,0.9866666666666667,calibrated,3.82
CA,combined,3.0,medium,307,0.0901388888888889,-0.566554115354883,0.827426810477658,0.4297912713472486,0.10521995405663702,0.9801219512195123,calibrated,3.82
CA,combined,3.0,medium,308,0.08763888888888889,-0.5686041862187687,0.7987321711568938,0.4114114114114114,0.11456338072833061,0.9735394450424885,calibrated,3.82
CA,combined,3.5,medium,301,0.0901388888888889,-0.5821900671807813,0.8058551617873652,0.46842105263157896,0.11560846437460472,0.9834599844599844,calibrated,3.82
CA,combined,3.5,medium,302,0.08986111111111111,-0.574700170014601,0.8284389489953632,0.49583333333333335,0.11270827132260015,0.9966666666666667,calibrated,3.82
CA,combined,3.5,medium,303,0.08791666666666667,-0.5925925598480752,0.8120063191153238,0.48031496062992124,0.11593101266629309,0.9767258382642997,calibrated,3.82
CA,combined,3.5,medium,304,0.09027777777777778,-0.5718071691169393,0.8076923076923077,0.4818258664412511,0.11410034273382595,0.9933333333333333,calibrated,3.82
CA,combined,3.5,medium,305,0.08986111111111111,-0.5862269059095819,0.8330757341576507,0.4613309352517986,0.1140500728727006,0.9934117647058823,calibrated,3.82
CA,combined,3.5,medium,306,0.08708333333333333,-0.5839337518109208,0.8118022328548644,0.4575955265610438,0.11256555916983295,0.9866666666666667,calibrated,3.82
CA,combined,3.5,medium,307,0.08986111111111111,-0.5701178731020895,0.8129829984544049,0.4810344827586207,0.10956670125606179,0.9702411873840446,calibrated,3.82
CA,combined,3.5,medium,308,0.08986111111111111,-0.5835039522949487,0.8423493044822257,0.4677276746242264,0.11697461706231109,0.9735394450424885,calibrated,3.82
CA,combined,4.0,medium,301,0.09125,-0.5910421238744209,0.8006088280060882,0.5016260162601626,0.11101075966169689,0.9933333333333333,calibrated,3.82
CA,combined,4.0,medium,302,0.09166666666666666,-0.5810218112185475,0.8318181818181818,0.536144578313253,0.11021207539432676,0.9900194931773878,calibrated,3.82
CA,combined,4.0,medium,303,0.09041666666666667,-0.5877114095333066,0.8356374807987711,0.5179569034317638,0.11516462741692489,0.9966666666666665,calibrated,3.82
CA,combined,4.0,medium,304,0.09194444444444444,-0.5890934035904326,0.8368580060422961,0.5231481481481481,0.11719835394404617,0.9966666666666667,calibrated,3.82
CA,combined,4.0,medium,305,0.09,-0.5896683631299857,0.8317901234567902,0.505332239540607,0.11357217820188276,0.9933333333333333,calibrated,3.82
CA,combined,4.0,medium,306,0.08930555555555555,-0.5908410607400179,0.8258164852255054,0.49107901444350044,0.11457150854405322,0.9900757575757575,calibrated,3.82
CA,combined,4.0,medium,307,0.0913888888888889,-0.5802156210303382,0.8130699088145896,0.5252525252525253,0.11068685818713203,0.9933333333333333,calibrated,3.82
CA,combined,4.0,medium,308,0.09319444444444444,-0.5819457482934588,0.8181818181818182,0.5121759622937941,0.11781174430861407,0.9966666666666667,calibrated,3.82
CA,combined,5.0,medium,301,0.09208333333333334,-0.5929749736156017,0.7978883861236803,0.5084067253803043,0.11009814114006448,1.0,calibrated,3.82
CA,combined,5.0,medium,302,0.09333333333333334,-0.5884784323103689,0.8348214285714286,0.5442028985507247,0.10940458521584862,1.0,calibrated,3.82
CA,combined,5.0,medium,303,0.09194444444444444,-0.5995072714560699,0.824773413897281,0.5357950263752826,0.11506838000030313,1.0,calibrated,3.82
CA,combined,5.0,medium,304,0.09291666666666666,-0.581782565293729,0.8101644245142003,0.5423976608187134,0.11508306100018667,1.0,calibrated,3.82
CA,combined,5.0,medium,305,0.09222222222222222,-0.5944789693212515,0.8268072289156626,0.5141287284144427,0.11574627016681838,0.9966666666666667,calibrated,3.82
CA,combined,5.0,medium,306,0.09,-0.5956366750292584,0.816358024691358,0.5041254125412541,0.11634154172213261,1.0,calibrated,3.82
CA,combined,5.0,medium,307,0.09444444444444444,-0.5901295165791628,0.8088235294117647,0.538235294117647,0.11085007825431382,0.9966666666666667,calibrated,3.82
CA,combined,5.0,medium,308,0.09305555555555556,-0.5946014255886577,0.8313432835820895,0.5295902883156297,0.11445540145723095,1.0,calibrated,3.82
CA,combined,6.0,medium,301,0.09319444444444444,-0.5973545090542325,0.7853949329359166,0.48688524590163934,0.11431712866523384,1.0,calibrated,3.82
CA,combined,6.0,medium,302,0.09402777777777778,-0.5931361018349706,0.8197932053175776,0.5330882352941176,0.10821514537641674,1.0,calibrated,3.82
CA,combined,6.0,medium,303,0.09291666666666666,-0.6064121275679814,0.8146487294469357,0.5113192818110851,0.11315196514647509,1.0,calibrated,3.82
CA,combined,6.0,medium,304,0.09527777777777778,-0.5894202725655974,0.8192419825072886,0.5084615384615384,0.11526691639126037,0.9966666666666667,calibrated,3.82
CA,combined,6.0,medium,305,0.09291666666666666,-0.6063713432201753,0.8086696562032885,0.4971751412429379,0.11473979700216763,0.9966666666666667,calibrated,3.82
CA,combined,6.0,medium,306,0.09069444444444444,-0.5962414341499777,0.8039816232771823,0.4911690496215307,0.11356976631207406,1.0,calibrated,3.82
CA,combined,6.0,medium,307,0.09569444444444444,-0.5892108777416449,0.8345428156748912,0.5173716012084593,0.11033513048893327,1.0,calibrated,3.82
CA,combined,6.0,medium,308,0.09416666666666666,-0.5982595565104931,0.8126843657817109,0.5074276778733385,0.1143251487366325,1.0,calibrated,3.82
CA,combined,0.0,strong,301,0.009583333333333333,-0.23642161042056622,0.11594202898550725,0.016129032258064516,0.20147118942798412,0.18681771337425807,calibrated,3.82
CA,combined,0.0,strong,302,0.007916666666666667,-0.16077724379868918,0.14035087719298245,0.03636363636363636,0.20157572719751402,0.18075274504061634,calibrated,3.82
CA,combined,0.0,strong,303,0.006944444444444444,-0.2275768260677016,0.12,0.0,0.20120316044818495,0.18750345838462606,calibrated,3.82
CA,combined,0.0,strong,304,0.010555555555555556,-0.2462365486411868,0.2236842105263158,0.0,0.20123561560209233,0.19911849430303932,calibrated,3.82
CA,combined,0.0,strong,305,0.008194444444444445,-0.2335110894103875,0.2033898305084746,0.0,0.20062120741996126,0.1926119148213138,calibrated,3.82
CA,combined,0.0,strong,306,0.008055555555555555,-0.2186935837884221,0.1206896551724138,0.0,0.20164415673332028,0.19315136278738096,calibrated,3.82
CA,combined,0.0,strong,307,0.008888888888888889,-0.17682458778714777,0.234375,0.0,0.20138417423176322,0.18215217419158664,calibrated,3.82
CA,combined,0.0,strong,308,0.0077777777777777776,-0.2043941920112782,0.16071428571428573,0.0,0.20147491417327304,0.18828158774945739,calibrated,3.82
CA,combined,0.5,strong,301,0.018333333333333333,-0.2753647345892203,0.3560606060606061,0.024390243902439025,0.1578456934704135,0.23557846489983422,calibrated,3.82
CA,combined,0.5,strong,302,0.02013888888888889,-0.24482366457773092,0.2896551724137931,0.029411764705882353,0.15896370901544046,0.2347830232976719,calibrated,3.82
CA,combined,0.5,strong,303,0.01888888888888889,-0.28792366149985066,0.3897058823529412,0.015625,0.1580800358397534,0.25377660888450176,calibrated,3.82
CA,combined,0.5,strong,304,0.02,-0.2764647346807372,0.3888888888888889,0.03676470588235294,0.15756080963861802,0.2564127114497883,calibrated,3.82
CA,combined,0.5,strong,305,0.020555555555555556,-0.28029079557321707,0.34459459459459457,0.029197080291970802,0.15706128319367746,0.27784463778732865,calibrated,3.82
CA,combined,0.5,strong,306,0.016666666666666666,-0.26730909371349654,0.31666666666666665,0.017699115044247787,0.16078489980054425,0.2388338628527632,calibrated,3.82
CA,combined,0.5,strong,307,0.019444444444444445,-0.26811160210881,0.4,0.058823529411764705,0.15751150777182213,0.22905909574810182,calibrated,3.82
CA,combined,0.5,strong,308,0.019166666666666665,-0.2604810791137308,0.3695652173913043,0.046153846153846156,0.1564911564082167,0.24359094012520585,calibrated,3.82
CA,combined,1.0,strong,301,0.03861111111111111,-0.37699935262430817,0.5719424460431655,0.06159420289855073,0.12206320479381294,0.41276076297012976,calibrated,3.82
CA,combined,1.0,strong,302,0.03847222222222222,-0.34192302163760113,0.5523465703971119,0.1103448275862069,0.12068549486457175,0.3833265309687519,calibrated,3.82
CA,combined,1.0,strong,303,0.03805555555555556,-0.36151329787481146,0.5912408759124088,0.0967741935483871,0.1266457914306851,0.39789020044194845,calibrated,3.82
CA,combined,1.0,strong,304,0.04138888888888889,-0.3761454924127035,0.5637583892617449,0.1536050156739812,0.12313612789396822,0.4035149539289696,calibrated,3.82
CA,combined,1.0,strong,305,0.036944444444444446,-0.37244170376972724,0.5639097744360902,0.11594202898550725,0.1281804247723799,0.42895171313670327,calibrated,3.82
CA,combined,1.0,strong,306,0.03847222222222222,-0.3721491234116346,0.555956678700361,0.07092198581560284,0.130671891722515,0.4362587366431423,calibrated,3.82
CA,combined,1.0,strong,307,0.0375,-0.36249818321231997,0.5777777777777777,0.07662835249042145,0.1233496009579124,0.3643987066088849,calibrated,3.82
CA,combined,1.0,strong,308,0.03972222222222222,-0.360701604658417,0.6013986013986014,0.06338028169014084,0.11718457248219931,0.4098515649940948,calibrated,3.82
CA,combined,1.5,strong,301,0.06972222222222223,-0.4977892315067247,0.7868525896414342,0.18650088809946713,0.11491290979626774,0.757210845924587,calibrated,3.82
CA,combined,1.5,strong,302,0.06402777777777778,-0.46498571484144796,0.720173535791757,0.21863799283154123,0.10950938374100694,0.705855486983371,calibrated,3.82
CA,combined,1.5,strong,303,0.0661111111111111,-0.4904032786211802,0.7436974789915967,0.22791519434628976,0.12290696326392418,0.764773741824371,calibrated,3.82
CA,combined,1.5,strong,304,0.06513888888888889,-0.46831922186307967,0.7057569296375267,0.23958333333333334,0.11877260252300019,0.7265516499525525,calibrated,3.82
CA,combined,1.5,strong,305,0.06472222222222222,-0.4739398971107891,0.6995708154506438,0.1992619926199262,0.11287948408354677,0.7293796326607711,calibrated,3.82
CA,combined,1.5,strong,306,0.06347222222222222,-0.48642194762467694,0.7352297592997812,0.1603960396039604,0.11761045139404262,0.7723494117807651,calibrated,3.82
CA,combined,1.5,strong,307,0.06472222222222222,-0.4715908819552768,0.7618025751072961,0.21415270018621974,0.11351615620414472,0.6816559759067395,calibrated,3.82
CA,combined,1.5,strong,308,0.06638888888888889,-0.46565358007175794,0.7656903765690377,0.23022847100175747,0.11215646088956893,0.7333293282837496,calibrated,3.82
CA,combined,2.0,strong,301,0.08180555555555556,-0.5480760334750755,0.7928692699490663,0.30164765525982257,0.11576476066625417,0.9249440834469647,calibrated,3.82
CA,combined,2.0,strong,302,0.08027777777777778,-0.5362187886935795,0.7958477508650519,0.3446601941747573,0.10550169195563115,0.9377924092743403,calibrated,3.82
CA,combined,2.0,strong,303,0.07930555555555556,-0.5471766150916693,0.7880910683012259,0.3087855297157623,0.11494880290918469,0.9475805040303772,calibrated,3.82
CA,combined,2.0,strong,304,0.08125,-0.5317212468645661,0.8051282051282052,0.33657351154313486,0.1155068330969084,0.931473206663735,calibrated,3.82
CA,combined,2.0,strong,305,0.07805555555555556,-0.5305645527115919,0.7864768683274022,0.33584905660377357,0.11358941685022728,0.9287347071186802,calibrated,3.82
CA,combined,2.0,strong,306,0.07875,-0.5459861450266598,0.798941798941799,0.2996005326231691,0.11761152154990621,0.9250209235209235,calibrated,3.82
CA,combined,2.0,strong,307,0.08125,-0.5370605142829872,0.8153846153846154,0.3181242078580482,0.10980713176527929,0.9257625581676484,calibrated,3.82
CA,combined,2.0,strong,308,0.0798611111111111,-0.53316388172347,0.8452173913043478,0.29934640522875816,0.11216365651215164,0.9061110002179079,calibrated,3.82
CA,combined,2.5,strong,301,0.08569444444444445,-0.5680407674420986,0.8087520259319287,0.38835978835978835,0.11185729429101147,0.95382704042945,calibrated,3.82
CA,combined,2.5,strong,302,0.08638888888888889,-0.5596446536027428,0.8279742765273312,0.4298245614035088,0.11094566919641141,0.9835294117647059,calibrated,3.82
CA,combined,2.5,strong,303,0.08430555555555555,-0.5702715246957009,0.8088962108731467,0.4063157894736842,0.11569964401772932,0.9635187405373429,calibrated,3.82
CA,combined,2.5,strong,304,0.08597222222222223,-0.5595690942978763,0.8465266558966075,0.413265306122449,0.11962883051481643,0.9833846153846154,calibrated,3.82
CA,combined,2.5,strong,305,0.08388888888888889,-0.567028671476962,0.8344370860927153,0.39097744360902253,0.11068379245937073,0.9735244118047056,calibrated,3.82
CA,combined,2.5,strong,306,0.08458333333333333,-0.5638357147208027,0.8292282430213465,0.36343115124153497,0.11292060869207819,0.9702598412698413,calibrated,3.82
CA,combined,2.5,strong,307,0.08652777777777777,-0.5656683963068577,0.826645264847512,0.4190954773869347,0.10733878530766444,0.9540657557751935,calibrated,3.82
CA,combined,2.5,strong,308,0.08638888888888889,-0.5585911607970286,0.7958199356913184,0.40454076367389064,0.1094418007435245,0.9767645112497636,calibrated,3.82
CA,combined,3.0,strong,301,0.08944444444444444,-0.5841889227347207,0.8183229813664596,0.46339285714285716,0.11440766857613939,0.99,calibrated,3.82
CA,combined,3.0,strong,302,0.08888888888888889,-0.5609315487459576,0.8234375,0.5069843878389483,0.10909223574559679,0.99,calibrated,3.82
CA,combined,3.0,strong,303,0.08722222222222223,-0.5801876464444495,0.8312101910828026,0.4908616187989556,0.11789188675499214,0.9933333333333333,calibrated,3.82
CA,combined,3.0,strong,304,0.08944444444444444,-0.5701322617105216,0.8012422360248447,0.4966499162479062,0.11345119466534948,0.9801379310344828,calibrated,3.82
CA,combined,3.0,strong,305,0.08708333333333333,-0.5851848527370072,0.8452950558213717,0.4510357815442561,0.11060809030898218,0.9835026599787202,calibrated,3.82
CA,combined,3.0,strong,306,0.08694444444444445,-0.582382388403247,0.8146964856230032,0.47219690063810393,0.11464713867207255,0.986686507936508,calibrated,3.82
CA,combined,3.0,strong,307,0.08944444444444444,-0.5714794346913123,0.8354037267080745,0.47038019451812557,0.10811088943500342,0.9833816425120773,calibrated,3.82
CA,combined,3.0,strong,308,0.09083333333333334,-0.5725949909332746,0.8134556574923547,0.47053726169844023,0.11463999427962197,0.9866869918699187,calibrated,3.82
CA,combined,3.5,strong,301,0.09041666666666667,-0.5859166024211496,0.804915514592934,0.5065252854812398,0.115476038822946,0.9933333333333333,calibrated,3.82
CA,combined,3.5,strong,302,0.0901388888888889,-0.5820086374476958,0.8613251155624037,0.544360902255639,0.10996493693930243,0.9966666666666667,calibrated,3.82
CA,combined,3.5,strong,303,0.08861111111111111,-0.5903958860493628,0.8119122257053292,0.5103220478943022,0.11559330543060199,0.99,calibrated,3.82
CA,combined,3.5,strong,304,0.09041666666666667,-0.5854399316791289,0.815668202764977,0.5266821345707656,0.11003898749824224,0.9868045977011495,calibrated,3.82
CA,combined,3.5,strong,305,0.08944444444444444,-0.5826497241856048,0.827639751552795,0.4991638795986622,0.11090673869116043,0.9933333333333333,calibrated,3.82
CA,combined,3.5,strong,306,0.08694444444444445,-0.5907791961741798,0.8402555910543131,0.49568221070811747,0.1136677163203259,0.99,calibrated,3.82
CA,combined,3.5,strong,307,0.09194444444444444,-0.5757229455398429,0.823262839879154,0.51953125,0.10825308482975243,0.9966666666666667,calibrated,3.82
CA,combined,3.5,strong,308,0.0913888888888889,-0.5812551894748414,0.8282674772036475,0.5158227848101266,0.11763384324842661,0.99,calibrated,3.82
CA,combined,4.0,strong,301,0.09097222222222222,-0.5912491984749444,0.8045801526717558,0.5234741784037559,0.11412026291002401,0.9933333333333333,calibrated,3.82
CA,combined,4.0,strong,302,0.09208333333333334,-0.5889365120990697,0.8401206636500754,0.5616147308781869,0.10727978014046796,1.0,calibrated,3.82
CA,combined,4.0,strong,303,0.09083333333333334,-0.5969219010085257,0.8302752293577982,0.5476718403547672,0.11649490227326185,1.0,calibrated,3.82
CA,combined,4.0,strong,304,0.09180555555555556,-0.5805883866660018,0.8093797276853253,0.5429831006612784,0.11211927730641408,1.0,calibrated,3.82
CA,combined,4.0,strong,305,0.09111111111111111,-0.5826766655003817,0.8429878048780488,0.5369946605644547,0.1131120776580271,0.9966666666666667,calibrated,3.82
CA,combined,4.0,strong,306,0.08888888888888889,-0.5919697142897601,0.8265625,0.522508038585209,0.11525359343628906,0.9933333333333333,calibrated,3.82
CA,combined,4.0,strong,307,0.09277777777777778,-0.5824908574364384,0.842814371257485,0.5455212922173275,0.11155968015484446,0.9966666666666667,calibrated,3.82
CA,combined,4.0,strong,308,0.0926388888888889,-0.5854448670380348,0.8245877061469266,0.5333333333333333,0.11724929452322826,1.0,calibrated,3.82
CA,combined,5.0,strong,301,0.09375,-0.5968159227370647,0.7955555555555556,0.517428350116189,0.11287818411741746,0.9966666666666667,calibrated,3.82
CA,combined,5.0,strong,302,0.09333333333333334,-0.5914136121110138,0.8154761904761905,0.5630662020905923,0.10960437989478612,1.0,calibrated,3.82
CA,combined,5.0,strong,303,0.09222222222222222,-0.5968259172215236,0.8268072289156626,0.5371342835708928,0.11487340398594452,1.0,calibrated,3.82
CA,combined,5.0,strong,304,0.09319444444444444,-0.5898819051806147,0.7928464977645305,0.5369276218611522,0.1163673603443318,1.0,calibrated,3.82
CA,combined,5.0,strong,305,0.0926388888888889,-0.5971174503062655,0.8305847076461769,0.5267584097859327,0.1144317570894456,1.0,calibrated,3.82
CA,combined,5.0,strong,306,0.08986111111111111,-0.5951861219237178,0.8191653786707882,0.5149555375909458,0.11435605029720573,1.0,calibrated,3.82
CA,combined,5.0,strong,307,0.09541666666666666,-0.5921945960678938,0.8238719068413392,0.5410662824207493,0.10996966246110562,1.0,calibrated,3.82
CA,combined,5.0,strong,308,0.09416666666666666,-0.590371912858572,0.8215339233038348,0.5343680709534369,0.11764251699808193,0.9966666666666667,calibrated,3.82
CA,combined,6.0,strong,301,0.09319444444444444,-0.5993477342808342,0.7868852459016393,0.5023923444976076,0.11121259222849084,1.0,calibrated,3.82
CA,combined,6.0,strong,302,0.09513888888888888,-0.5932115734952248,0.8321167883211679,0.532798833819242,0.10966986000868711,1.0,calibrated,3.82
CA,combined,6.0,strong,303,0.09305555555555556,-0.6000346422991388,0.8223880597014925,0.517428350116189,0.11217102671569455,1.0,calibrated,3.82
CA,combined,6.0,strong,304,0.09444444444444444,-0.5925860654192373,0.8088235294117647,0.5114854517611026,0.1155362745277817,1.0,calibrated,3.82
CA,combined,6.0,strong,305,0.0926388888888889,-0.6001208858135728,0.8095952023988006,0.5023961661341853,0.11691287386168409,1.0,calibrated,3.82
CA,combined,6.0,strong,306,0.09041666666666667,-0.6007793122180358,0.8125960061443932,0.4907563025210084,0.11629805758536045,1.0,calibrated,3.82
CA,combined,6.0,strong,307,0.095,-0.5908803033474315,0.8187134502923976,0.517557251908397,0.11305836483190716,1.0,calibrated,3.82
CA,combined,6.0,strong,308,0.09402777777777778,-0.5960272274903975,0.8168389955686853,0.5142417244033872,0.11793045080018942,1.0,calibrated,3.82
CA,combined,0.0,weak,301,0.005416666666666667,-0.15174670115095346,0.02564102564102564,0.0,0.20073493494743558,0.16604035404604237,calibrated,3.82
CA,combined,0.0,weak,302,0.005833333333333334,-0.10503621856475165,0.11904761904761904,0.0,0.20143561856443024,0.16257605395425248,calibrated,3.82
CA,combined,0.0,weak,303,0.005277777777777778,-0.20269458207777347,0.07894736842105263,0.0,0.20154765051776632,0.17100319226809668,calibrated,3.82
CA,combined,0.0,weak,304,0.005138888888888889,-0.1512565525557993,0.16216216216216217,0.0,0.20103484094448806,0.17432599468183618,calibrated,3.82
CA,combined,0.0,weak,305,0.0033333333333333335,-0.10350395285303077,0.041666666666666664,0.0,0.2013458972147799,0.17217872269575732,calibrated,3.82
CA,combined,0.0,weak,306,0.0043055555555555555,-0.15851260429460334,0.03225806451612903,0.0,0.20143998511951278,0.17494241710688022,calibrated,3.82
CA,combined,0.0,weak,307,0.006805555555555555,-0.18387379629409714,0.14285714285714285,0.0,0.20206465186950337,0.1784289962338596,calibrated,3.82
CA,combined,0.0,weak,308,0.0043055555555555555,-0.1711697331349812,0.06451612903225806,0.0,0.200668912177729,0.16730389154338904,calibrated,3.82
CA,combined,0.5,weak,301,0.01,-0.21304025753075448,0.19444444444444445,0.0,0.15742059678561407,0.18316815662913974,calibrated,3.82
CA,combined,0.5,weak,302,0.011666666666666667,-0.17619646465200392,0.2619047619047619,0.0,0.15865732885493647,0.19195865084335745,calibrated,3.82
CA,combined,0.5,weak,303,0.010972222222222222,-0.2331906569372815,0.26582278481012656,0.0,0.15848150815450998,0.20218764081041604,calibrated,3.82
CA,combined,0.5,weak,304,0.0125,-0.20762768433065276,0.3111111111111111,0.0,0.15907189415741638,0.20750612996545967,calibrated,3.82
CA,combined,0.5,weak,305,0.01138888888888889,-0.16914437575647825,0.2804878048780488,0.0,0.15735771776331617,0.19798159517224045,calibrated,3.82
CA,combined,0.5,weak,306,0.011527777777777777,-0.22937543443977032,0.14457831325301204,0.0,0.15989618689171417,0.2138501574569538,calibrated,3.82
CA,combined,0.5,weak,307,0.01138888888888889,-0.20806910918585309,0.25609756097560976,0.0,0.15706543178948063,0.20046443586019214,calibrated,3.82
CA,combined,0.5,weak,308,0.010555555555555556,-0.22468260259184195,0.13157894736842105,0.0,0.15860095023976908,0.1960107767736613,calibrated,3.82
CA,combined,1.0,weak,301,0.02347222222222222,-0.28632234592104794,0.4437869822485207,0.01282051282051282,0.1205007627227055,0.26866600115794637,calibrated,3.82
CA,combined,1.0,weak,302,0.026111111111111113,-0.2794478176124935,0.425531914893617,0.06043956043956044,0.12514794197106408,0.27300951331768064,calibrated,3.82
CA,combined,1.0,weak,303,0.022916666666666665,-0.28364099359382705,0.4303030303030303,0.0,0.12747210029794717,0.26091894743789595,calibrated,3.82
CA,combined,1.0,weak,304,0.02666666666666667,-0.2811629371919789,0.4166666666666667,0.011560693641618497,0.12525422587280585,0.29798600971035727,calibrated,3.82
CA,combined,1.0,weak,305,0.026805555555555555,-0.3122069437954408,0.46632124352331605,0.03333333333333333,0.12475635534185985,0.31104348335922694,calibrated,3.82
CA,combined,1.0,weak,306,0.022916666666666665,-0.27816364816196826,0.40606060606060607,0.0,0.1369692648082449,0.28129943232675525,calibrated,3.82
CA,combined,1.0,weak,307,0.02236111111111111,-0.28642861639646144,0.391304347826087,0.006896551724137931,0.1288326761648742,0.25864125020409745,calibrated,3.82
CA,combined,1.0,weak,308,0.02236111111111111,-0.26332922261468145,0.4161490683229814,0.006711409395973154,0.11941519310476127,0.26190405162407526,calibrated,3.82
CA,combined,1.5,weak,301,0.042777777777777776,-0.3954525863141023,0.5844155844155844,0.04590163934426229,0.1165488693930873,0.45757569848754753,calibrated,3.82
CA,combined,1.5,weak,302,0.04472222222222222,-0.37262576441888245,0.6055900621118012,0.07098765432098765,0.1096368969010257,0.433571900045384,calibrated,3.82
CA,combined,1.5,weak,303,0.043472222222222225,-0.3897247284249069,0.6038338658146964,0.07861635220125786,0.12066873934451522,0.46679316268465737,calibrated,3.82
CA,combined,1.5,weak,304,0.04805555555555555,-0.3817254206675073,0.6184971098265896,0.07058823529411765,0.11836198635880081,0.4714647044761303,calibrated,3.82
CA,combined,1.5,weak,305,0.04611111111111111,-0.39388823647004123,0.536144578313253,0.0764525993883792,0.11203130908200688,0.4743456785715074,calibrated,3.82
CA,combined,1.5,weak,306,0.042638888888888886,-0.37549101728439105,0.5570032573289903,0.03436426116838488,0.13015084947281075,0.4661158819638237,calibrated,3.82
CA,combined,1.5,weak,307,0.04541666666666667,-0.3618095902832494,0.617737003058104,0.035830618892508145,0.11037938487275517,0.445146895872348,calibrated,3.82
CA,combined,1.5,weak,308,0.045,-0.37113944705168184,0.6203703703703703,0.0440251572327044,0.11069526958902526,0.4689817938263286,calibrated,3.82
CA,combined,2.0,weak,301,0.06625,-0.4879247969171574,0.7232704402515723,0.12450592885375494,0.11302851839586563,0.7019447522725742,calibrated,3.82
CA,combined,2.0,weak,302,0.06555555555555556,-0.45725045229466665,0.722457627118644,0.1720226843100189,0.10863593141129456,0.6765786949065067,calibrated,3.82
CA,combined,2.0,weak,303,0.06597222222222222,-0.48124867569259216,0.7410526315789474,0.11585365853658537,0.12176399762692379,0.7267284314739867,calibrated,3.82
CA,combined,2.0,weak,304,0.06722222222222222,-0.46878971297543454,0.6962809917355371,0.13878326996197718,0.117632005931329,0.7382242523380317,calibrated,3.82
CA,combined,2.0,weak,305,0.06416666666666666,-0.45943990719697947,0.6796536796536796,0.128099173553719,0.11209844303524073,0.6614325778127798,calibrated,3.82
CA,combined,2.0,weak,306,0.06527777777777778,-0.4715289985725707,0.7170212765957447,0.10860655737704918,0.12141469847178941,0.709995853627929,calibrated,3.82
CA,combined,2.0,weak,307,0.06597222222222222,-0.4663721250817181,0.7389473684210527,0.0975103734439834,0.114476121382983,0.6726493277923609,calibrated,3.82
CA,combined,2.0,weak,308,0.06680555555555556,-0.4657943566031482,0.738045738045738,0.1420345489443378,0.11150007492678178,0.6946390025443131,calibrated,3.82
CA,combined,2.5,weak,301,0.07805555555555556,-0.5366877781181633,0.7793594306049823,0.21343283582089553,0.11693617815508257,0.8512180581009561,calibrated,3.82
CA,combined,2.5,weak,302,0.08069444444444444,-0.5244566009500532,0.7848537005163512,0.2761394101876676,0.10956268078236799,0.8794998533214053,calibrated,3.82
CA,combined,2.5,weak,303,0.07722222222222222,-0.5442556435019321,0.7877697841726619,0.228486646884273,0.11599100211905694,0.881012208014597,calibrated,3.82
CA,combined,2.5,weak,304,0.07819444444444444,-0.5245562422947891,0.7584369449378331,0.251063829787234,0.11669890653099486,0.8699276028699273,calibrated,3.82
CA,combined,2.5,weak,305,0.07722222222222222,-0.5179250608553762,0.7679856115107914,0.23641703377386197,0.11166047261427121,0.878071462742505,calibrated,3.82
CA,combined,2.5,weak,306,0.0775,-0.5296697463371437,0.7956989247311828,0.21020092735703247,0.1118717476419737,0.8592985149924811,calibrated,3.82
CA,combined,2.5,weak,307,0.07944444444444444,-0.5249965040620308,0.8269230769230769,0.24172661870503598,0.11025688866809429,0.847768852774375,calibrated,3.82
CA,combined,2.5,weak,308,0.07708333333333334,-0.5169991053294676,0.7873873873873873,0.24818577648766327,0.1115203054184453,0.8253024303870159,calibrated,3.82
CA,combined,3.0,weak,301,0.08541666666666667,-0.562886090205786,0.816260162601626,0.3425925925925926,0.11268392122839099,0.9058167040783999,calibrated,3.82
CA,combined,3.0,weak,302,0.08597222222222223,-0.5531056787903806,0.8012924071082391,0.3870625662778367,0.11510698561462206,0.941544289894544,calibrated,3.82
CA,combined,3.0,weak,303,0.08416666666666667,-0.5675867121663138,0.8085808580858086,0.3507549361207898,0.11666662235712146,0.9443320540973832,calibrated,3.82
CA,combined,3.0,weak,304,0.08652777777777777,-0.5544045496543217,0.7945425361155698,0.3590308370044053,0.11427860808446401,0.950593897148027,calibrated,3.82
CA,combined,3.0,weak,305,0.08361111111111111,-0.5570524160387001,0.8006644518272426,0.31746031746031744,0.11226220768530988,0.9377460029209311,calibrated,3.82
CA,combined,3.0,weak,306,0.08333333333333333,-0.563068820340233,0.815,0.30200501253132833,0.11208167739261782,0.9409783615015122,calibrated,3.82
CA,combined,3.0,weak,307,0.08583333333333333,-0.5536607764535028,0.8058252427184466,0.3638392857142857,0.1100552561650015,0.9160717878391642,calibrated,3.82
CA,combined,3.0,weak,308,0.08458333333333333,-0.5534358375120363,0.812807881773399,0.3392018779342723,0.11015864962484799,0.9063329984975627,calibrated,3.82
CA,combined,3.5,weak,301,0.08888888888888889,-0.5817136845845903,0.7875,0.416015625,0.1185902559680549,0.9768095199590308,calibrated,3.82
CA,combined,3.5,weak,302,0.08916666666666667,-0.5727612040836759,0.8099688473520249,0.4488479262672811,0.10938082154817425,0.970197169154354,calibrated,3.82
CA,combined,3.5,weak,303,0.08694444444444445,-0.5836514425286163,0.8083067092651757,0.44518589132507147,0.11507407134074059,0.9636159826862348,calibrated,3.82
CA,combined,3.5,weak,304,0.09027777777777778,-0.5652155113995011,0.7984615384615384,0.4404432132963989,0.11113158098565507,0.9834803921568626,calibrated,3.82
CA,combined,3.5,weak,305,0.0875,-0.5715252052475578,0.8158730158730159,0.40766902119071646,0.11234654438757592,0.9638650890792874,calibrated,3.82
CA,combined,3.5,weak,306,0.08611111111111111,-0.5747167738919992,0.785483870967742,0.40041710114702816,0.11207983117335156,0.9800266666666664,calibrated,3.82
CA,combined,3.5,weak,307,0.09,-0.5715268437639871,0.8055555555555556,0.42200956937799045,0.10941314401258068,0.9701715468796215,calibrated,3.82
CA,combined,3.5,weak,308,0.08847222222222222,-0.5769245557708216,0.8210361067503925,0.4206896551724138,0.1137264502721786,0.9478301675317091,calibrated,3.82
CA,combined,4.0,weak,301,0.09180555555555556,-0.5879442582692022,0.8018154311649016,0.4642233856893543,0.113298842743899,0.9801126244106861,calibrated,3.82
CA,combined,4.0,weak,302,0.09166666666666666,-0.5791440325746345,0.8272727272727273,0.5110410094637224,0.10985365203309098,0.9800477417649586,calibrated,3.82
CA,combined,4.0,weak,303,0.09055555555555556,-0.5932466169698758,0.8205521472392638,0.48299319727891155,0.11246592831217171,0.9966666666666667,calibrated,3.82
CA,combined,4.0,weak,304,0.0913888888888889,-0.5827287808056494,0.8069908814589666,0.4841666666666667,0.11372980171519324,0.9966666666666665,calibrated,3.82
CA,combined,4.0,weak,305,0.08930555555555555,-0.5829094023037426,0.8164852255054432,0.4826989619377163,0.10932579874638683,0.9670445356437147,calibrated,3.82
CA,combined,4.0,weak,306,0.08833333333333333,-0.5874012640104924,0.8176100628930818,0.47043010752688175,0.113891220924932,0.9866666666666667,calibrated,3.82
CA,combined,4.0,weak,307,0.09111111111111111,-0.580967751914301,0.8170731707317073,0.48866498740554154,0.10788829728726101,0.9800241545893721,calibrated,3.82
CA,combined,4.0,weak,308,0.09180555555555556,-0.5805869214158959,0.8078668683812406,0.4814189189189189,0.11656652454831477,0.9900401606425703,calibrated,3.82
CA,combined,5.0,weak,301,0.0925,-0.5932551751041024,0.7942942942942943,0.4979691307879773,0.11049557578345948,0.9966666666666667,calibrated,3.82
CA,combined,5.0,weak,302,0.0925,-0.5910893372771289,0.8273273273273273,0.537833827893175,0.11031040719248002,0.9966666666666665,calibrated,3.82
CA,combined,5.0,weak,303,0.09236111111111112,-0.5990468949897265,0.8165413533834587,0.5197827773467805,0.11304305692635878,1.0,calibrated,3.82
CA,combined,5.0,weak,304,0.09319444444444444,-0.5866792068728314,0.812220566318927,0.5264350453172205,0.115787126769953,0.9966666666666667,calibrated,3.82
CA,combined,5.0,weak,305,0.09111111111111111,-0.5928054953989967,0.8185975609756098,0.5044534412955466,0.11506050662500028,0.9933333333333333,calibrated,3.82
CA,combined,5.0,weak,306,0.08972222222222222,-0.599429681030269,0.8297213622291022,0.5037159372419489,0.11566240015628682,0.9966666666666667,calibrated,3.82
CA,combined,5.0,weak,307,0.09416666666666666,-0.5886745788401003,0.8112094395280236,0.5210084033613446,0.11032200435437695,0.9966666666666667,calibrated,3.82
CA,combined,5.0,weak,308,0.09319444444444444,-0.5934163436344764,0.812220566318927,0.5192307692307693,0.11890286504420346,0.9966666666666667,calibrated,3.82
CA,combined,6.0,weak,301,0.0925,-0.6005339483658433,0.7897897897897898,0.48841059602649006,0.11632098838871006,1.0,calibrated,3.82
CA,combined,6.0,weak,302,0.09458333333333334,-0.5904507472273633,0.8076358296622613,0.5200302343159486,0.10807844861684685,1.0,calibrated,3.82
CA,combined,6.0,weak,303,0.09222222222222222,-0.5968700542225246,0.8192771084337349,0.5056,0.11243653767632729,1.0,calibrated,3.82
CA,combined,6.0,weak,304,0.09472222222222222,-0.5950079875329578,0.8240469208211144,0.5159090909090909,0.11596677755766306,1.0,calibrated,3.82
CA,combined,6.0,weak,305,0.09375,-0.6051378864553117,0.8118518518518518,0.4890333062550772,0.11699291641397315,1.0,calibrated,3.82
CA,combined,6.0,weak,306,0.09083333333333334,-0.5979946859752914,0.8073394495412844,0.493744787322769,0.11747190048865673,1.0,calibrated,3.82
CA,combined,6.0,weak,307,0.09569444444444444,-0.5932612860560272,0.8142235123367199,0.5130368098159509,0.1108993281647475,1.0,calibrated,3.82
CA,combined,6.0,weak,308,0.09388888888888888,-0.5913662944904817,0.8091715976331361,0.5027624309392266,0.11446457244369995,0.9966666666666667,calibrated,3.82
FL,combined,0.0,medium,301,0.007638888888888889,-0.048956819187555775,0.03636363636363636,0.0,0.19886223982446194,0.16916681559039773,calibrated,3.82
FL,combined,0.0,medium,302,0.008472222222222223,-0.015929588364130554,0.16393442622950818,0.01694915254237288,0.2014173900829351,0.1672871892950777,calibrated,3.82
FL,combined,0.0,medium,303,0.008888888888888889,-0.047797159455704834,0.203125,0.0,0.1981098448538778,0.18172436502925007,calibrated,3.82
FL,combined,0.0,medium,304,0.007083333333333333,-0.002016100732413052,0.1568627450980392,0.0,0.19753771812000107,0.19109839232492842,calibrated,3.82
FL,combined,0.0,medium,305,0.0075,-0.04402399827213189,0.05555555555555555,0.0,0.19825726533412213,0.1812447795637225,calibrated,3.82
FL,combined,0.0,medium,306,0.0077777777777777776,-0.021350173121122966,0.17857142857142858,0.0,0.1987566531586307,0.181904615320813,calibrated,3.82
FL,combined,0.0,medium,307,0.00875,-0.0523212080441048,0.25396825396825395,0.0,0.19962050667655887,0.17849172385750423,calibrated,3.82
FL,combined,0.0,medium,308,0.007916666666666667,-0.042452896542687225,0.3157894736842105,0.038461538461538464,0.19798351636634223,0.1791246992213705,calibrated,3.82
FL,combined,0.5,medium,301,0.019166666666666665,-0.11469962216297871,0.32608695652173914,0.007874015748031496,0.15349951384845242,0.18920387369399336,calibrated,3.82
FL,combined,0.5,medium,302,0.01888888888888889,-0.09104053761062125,0.4264705882352941,0.061068702290076333,0.15795816436411933,0.18864676322087146,calibrated,3.82
FL,combined,0.5,medium,303,0.015694444444444445,-0.07688404710106526,0.35398230088495575,0.009433962264150943,0.1548506450809713,0.1891538087183542,calibrated,3.82
FL,combined,0.5,medium,304,0.014027777777777778,-0.048873047732195744,0.2871287128712871,0.010309278350515464,0.1549849686036109,0.1896310233156832,calibrated,3.82
FL,combined,0.5,medium,305,0.017638888888888888,-0.12424113189125761,0.4566929133858268,0.05,0.15434887812507744,0.19813467459476106,calibrated,3.82
FL,combined,0.5,medium,306,0.018472222222222223,-0.10374706484518423,0.3684210526315789,0.016129032258064516,0.156487768796253,0.20138008679390176,calibrated,3.82
FL,combined,0.5,medium,307,0.018055555555555554,-0.10048002004021188,0.36923076923076925,0.0,0.15511238448368483,0.19824380188143256,calibrated,3.82
FL,combined,0.5,medium,308,0.018333333333333333,-0.08944248642161734,0.29545454545454547,0.016666666666666666,0.1563911194120011,0.19565671717182057,calibrated,3.82
FL,combined,1.0,medium,301,0.03680555555555556,-0.19393429452939157,0.5358490566037736,0.10507246376811594,0.12583162510153903,0.2809024863643893,calibrated,3.82
FL,combined,1.0,medium,302,0.035138888888888886,-0.1640525421968954,0.5177865612648221,0.1453900709219858,0.1213461920065233,0.2747853356853858,calibrated,3.82
FL,combined,1.0,medium,303,0.03347222222222222,-0.1751758430265431,0.5228215767634855,0.07851239669421488,0.12681445231298877,0.27215990801174145,calibrated,3.82
FL,combined,1.0,medium,304,0.035,-0.18056516208376175,0.5674603174603174,0.0642570281124498,0.11808351763004972,0.28221053764276777,calibrated,3.82
FL,combined,1.0,medium,305,0.03902777777777778,-0.21627240134495698,0.5871886120996441,0.10600706713780919,0.13462509342113166,0.29553299283735424,calibrated,3.82
FL,combined,1.0,medium,306,0.035833333333333335,-0.1861968969235317,0.5387596899224806,0.06374501992031872,0.12252070429391931,0.2869790263907145,calibrated,3.82
FL,combined,1.0,medium,307,0.035694444444444445,-0.1816599682559488,0.6186770428015564,0.10038610038610038,0.12553235261199183,0.26816225482690487,calibrated,3.82
FL,combined,1.0,medium,308,0.035416666666666666,-0.18454202386933072,0.5450980392156862,0.05220883534136546,0.12878460598239097,0.26257184698137503,calibrated,3.82
FL,combined,1.5,medium,301,0.06527777777777778,-0.3093565179592813,0.7276595744680852,0.21350364963503649,0.11571222006453209,0.5189296737324026,calibrated,3.82
FL,combined,1.5,medium,302,0.05708333333333333,-0.2778247979854915,0.6909975669099757,0.2665406427221172,0.11617495614930824,0.4997873889823458,calibrated,3.82
FL,combined,1.5,medium,303,0.06375,-0.30292901397769073,0.7494553376906318,0.20186915887850468,0.11665473830734148,0.5218218709886439,calibrated,3.82
FL,combined,1.5,medium,304,0.06208333333333333,-0.28833521876594703,0.7404921700223713,0.18036072144288579,0.11445913405691151,0.5099813560397528,calibrated,3.82
FL,combined,1.5,medium,305,0.0661111111111111,-0.3321293932304689,0.7668067226890757,0.218018018018018,0.1293266632959081,0.5400145194687068,calibrated,3.82
FL,combined,1.5,medium,306,0.06097222222222222,-0.2963923947473756,0.7608200455580866,0.1848906560636183,0.11993360529478976,0.5151034757163158,calibrated,3.82
FL,combined,1.5,medium,307,0.06152777777777778,-0.29431881236562574,0.7155756207674944,0.18452380952380953,0.11762469947793537,0.5099765994726876,calibrated,3.82
FL,combined,1.5,medium,308,0.06138888888888889,-0.29116320516354915,0.7285067873303167,0.24577861163227016,0.11750270411273121,0.4811931591379378,calibrated,3.82
FL,combined,2.0,medium,301,0.08611111111111111,-0.4018382310229746,0.8387096774193549,0.34522439585730724,0.1093299438844884,0.7620376430584461,calibrated,3.82
FL,combined,2.0,medium,302,0.08,-0.3818403559350505,0.8368055555555556,0.3745583038869258,0.10563911481643821,0.7902430883497279,calibrated,3.82
FL,combined,2.0,medium,303,0.08430555555555555,-0.3830438801321367,0.785831960461285,0.31403940886699505,0.11609731368096528,0.8088067515337701,calibrated,3.82
FL,combined,2.0,medium,304,0.08375,-0.4123967286357208,0.8208955223880597,0.334916864608076,0.11370743501905523,0.8004369516819031,calibrated,3.82
FL,combined,2.0,medium,305,0.08527777777777777,-0.3963547365764131,0.8355048859934854,0.31363088057901084,0.1188188789401821,0.8016880849784924,calibrated,3.82
FL,combined,2.0,medium,306,0.08138888888888889,-0.3820058635411949,0.8361774744027304,0.3361963190184049,0.1206402406641685,0.7573362238037371,calibrated,3.82
FL,combined,2.0,medium,307,0.08416666666666667,-0.40865868743930817,0.8267326732673267,0.32019704433497537,0.11708526132609033,0.7913077529980882,calibrated,3.82
FL,combined,2.0,medium,308,0.08458333333333333,-0.39404372916499886,0.8620689655172413,0.31873479318734793,0.1190965966545685,0.7822281476783018,calibrated,3.82
FL,combined,2.5,medium,301,0.09527777777777778,-0.45149495966955594,0.8454810495626822,0.40642201834862385,0.11521268332154024,0.9254410161864204,calibrated,3.82
FL,combined,2.5,medium,302,0.09055555555555556,-0.41567302934924877,0.852760736196319,0.4928511354079058,0.11387358598502838,0.906057554718456,calibrated,3.82
FL,combined,2.5,medium,303,0.09513888888888888,-0.4550331272007066,0.8496350364963504,0.4252039891205802,0.11371703460885495,0.934475683331494,calibrated,3.82
FL,combined,2.5,medium,304,0.09472222222222222,-0.4485798414392622,0.8680351906158358,0.4540727902946274,0.11430400030279314,0.9475354207694276,calibrated,3.82
FL,combined,2.5,medium,305,0.0948611111111111,-0.44400066423278584,0.862371888726208,0.45768566493955093,0.1201796996740558,0.921997525872142,calibrated,3.82
FL,combined,2.5,medium,306,0.09291666666666666,-0.4283592369452186,0.8609865470852018,0.44263775971093045,0.1190238804886457,0.9249175458259596,calibrated,3.82
FL,combined,2.5,medium,307,0.09513888888888888,-0.4581871327387522,0.8642335766423358,0.41899441340782123,0.11342698956357677,0.9347417110486345,calibrated,3.82
FL,combined,2.5,medium,308,0.09555555555555556,-0.44992684609833,0.876453488372093,0.41427247451343835,0.11633486860824976,0.9121600067014888,calibrated,3.82
FL,combined,3.0,medium,301,0.1,-0.4818003440779729,0.8652777777777778,0.5176385889128869,0.11575755038953434,0.9669267264564531,calibrated,3.82
FL,combined,3.0,medium,302,0.09527777777777778,-0.44263299108533516,0.8571428571428571,0.5905867182462927,0.10866225064241648,0.966843769314886,calibrated,3.82
FL,combined,3.0,medium,303,0.10152777777777777,-0.46362393919688116,0.8727770177838577,0.5198300283286119,0.11652592340674674,0.9933333333333333,calibrated,3.82
FL,combined,3.0,medium,304,0.10013888888888889,-0.4851998828526952,0.8918169209431346,0.5254480286738351,0.11115805632920206,0.9734252873563218,calibrated,3.82
FL,combined,3.0,medium,305,0.10069444444444445,-0.4725046209790451,0.8579310344827586,0.5294943820224719,0.12206733590137199,0.9735142118863048,calibrated,3.82
FL,combined,3.0,medium,306,0.09805555555555556,-0.45930647216666565,0.8711048158640227,0.535,0.11820342780964055,0.9668432247284878,calibrated,3.82
FL,combined,3.0,medium,307,0.09958333333333333,-0.4727801652565141,0.8451882845188284,0.5147492625368731,0.1109413967154892,0.9800674446326619,calibrated,3.82
FL,combined,3.0,medium,308,0.09958333333333333,-0.48179371807006394,0.8633193863319386,0.5205776173285198,0.11367251465234667,0.9703233830845772,calibrated,3.82
FL,combined,3.5,medium,301,0.10305555555555555,-0.5037326531734152,0.8530997304582211,0.5739938080495356,0.11669422616995355,0.9866666666666667,calibrated,3.82
FL,combined,3.5,medium,302,0.09875,-0.45450589669073005,0.8593530239099859,0.6311977715877437,0.11176817162477587,0.9966666666666667,calibrated,3.82
FL,combined,3.5,medium,303,0.10319444444444445,-0.4862473079538626,0.8667563930013459,0.5656309448319594,0.1168314329953438,0.9933333333333333,calibrated,3.82
FL,combined,3.5,medium,304,0.10055555555555555,-0.48627947827162604,0.8535911602209945,0.5752045311516677,0.11880426602135852,0.9966666666666667,calibrated,3.82
FL,combined,3.5,medium,305,0.10138888888888889,-0.4854831697024572,0.8616438356164383,0.5967741935483871,0.11754236537722945,0.9733815444912682,calibrated,3.82
FL,combined,3.5,medium,306,0.10055555555555555,-0.4735498000150333,0.8646408839779005,0.5842627013630731,0.11741987751260985,0.9867261904761904,calibrated,3.82
FL,combined,3.5,medium,307,0.10222222222222223,-0.48010881961291946,0.8668478260869565,0.5862279098110909,0.11443562260182959,0.9866893424036282,calibrated,3.82
FL,combined,3.5,medium,308,0.10222222222222223,-0.48716734862976946,0.84375,0.5783885071830106,0.11378171559448601,0.9834515031196823,calibrated,3.82
FL,combined,4.0,medium,301,0.10527777777777778,-0.5024120290518383,0.841688654353562,0.5982905982905983,0.12001024220661466,0.9833589743589743,calibrated,3.82
FL,combined,4.0,medium,302,0.09944444444444445,-0.4600011049034743,0.8547486033519553,0.6660009985022466,0.11145435370416773,0.9933333333333333,calibrated,3.82
FL,combined,4.0,medium,303,0.10430555555555555,-0.47975521741489136,0.8681757656458056,0.6077224398433129,0.11942176173538066,0.9900980392156862,calibrated,3.82
FL,combined,4.0,medium,304,0.10208333333333333,-0.4995009275052747,0.8666666666666667,0.6149068322981367,0.11620518220993568,1.0,calibrated,3.82
FL,combined,4.0,medium,305,0.105,-0.4999468794110846,0.8597883597883598,0.6080178173719376,0.11748353180120842,0.9966666666666667,calibrated,3.82
FL,combined,4.0,medium,306,0.10375,-0.4765068725475586,0.8781793842034806,0.6281081081081081,0.1136795423947863,0.9900198412698413,calibrated,3.82
FL,combined,4.0,medium,307,0.10388888888888889,-0.4869513987003576,0.8502673796791443,0.6168327796234773,0.11617768781887235,0.99,calibrated,3.82
FL,combined,4.0,medium,308,0.10527777777777778,-0.48636473922955087,0.8509234828496042,0.6142384105960265,0.11564277762912799,0.9800248756218906,calibrated,3.82
FL,combined,5.0,medium,301,0.10708333333333334,-0.5148931304493345,0.8300907911802854,0.6184909670563231,0.11406907571091085,1.0,calibrated,3.82
FL,combined,5.0,medium,302,0.10305555555555555,-0.4676685477495803,0.8423180592991913,0.6863368134362233,0.11116667819873101,0.9966666666666667,calibrated,3.82
FL,combined,5.0,medium,303,0.10583333333333333,-0.4919287746552074,0.8530183727034121,0.6314699792960663,0.12000464063264439,1.0,calibrated,3.82
FL,combined,5.0,medium,304,0.10444444444444445,-0.503664509465534,0.8470744680851063,0.6401028277634961,0.11589687322523477,1.0,calibrated,3.82
FL,combined,5.0,medium,305,0.10694444444444444,-0.5149738949001887,0.8532467532467533,0.6205263157894737,0.11558002944585588,0.9966666666666667,calibrated,3.82
FL,combined,5.0,medium,306,0.10486111111111111,-0.491904248907505,0.8582781456953642,0.6456852791878173,0.11532920304268753,0.9966666666666667,calibrated,3.82
FL,combined,5.0,medium,307,0.10680555555555556,-0.4934919333161172,0.8387516254876463,0.6393275598573612,0.11491774813259209,1.0,calibrated,3.82
FL,combined,5.0,medium,308,0.1063888888888889,-0.5040606578825044,0.8407310704960835,0.6343476018566271,0.11562859711404931,1.0,calibrated,3.82
FL,combined,6.0,medium,301,0.10944444444444444,-0.5110715665418774,0.8426395939086294,0.6082751209027405,0.11490891513133761,1.0,calibrated,3.82
FL,combined,6.0,medium,302,0.10430555555555555,-0.4801643142084102,0.8468708388814914,0.6721082089552238,0.11337242808823211,1.0,calibrated,3.82
FL,combined,6.0,medium,303,0.1076388888888889,-0.5059517116607972,0.8490322580645161,0.6165693043016464,0.11894467875928688,1.0,calibrated,3.82
FL,combined,6.0,medium,304,0.10555555555555556,-0.5054346822065862,0.8618421052631579,0.6250661025912215,0.11778932980871491,1.0,calibrated,3.82
FL,combined,6.0,medium,305,0.10805555555555556,-0.5126129342480341,0.8431876606683805,0.6109032602886157,0.11702551828700371,1.0,calibrated,3.82
FL,combined,6.0,medium,306,0.10666666666666667,-0.4932425834399871,0.8541666666666666,0.6326109391124871,0.11494852661689947,1.0,calibrated,3.82
FL,combined,6.0,medium,307,0.10819444444444444,-0.5015482836598071,0.82798459563543,0.61579795808705,0.11424410153943303,1.0,calibrated,3.82
FL,combined,6.0,medium,308,0.10875,-0.5123073244135854,0.8569604086845466,0.6207078711040677,0.11357654644903792,1.0,calibrated,3.82
FL,combined,0.0,strong,301,0.01,-0.04126201667461496,0.2777777777777778,0.0,0.199580158958821,0.18681771337425807,calibrated,3.82
FL,combined,0.0,strong,302,0.00875,-0.06263702540722427,0.1746031746031746,0.0,0.20162977585436945,0.18075274504061634,calibrated,3.82
FL,combined,0.0,strong,303,0.007638888888888889,-0.07565988202074414,0.12727272727272726,0.02040816326530612,0.19736723652011626,0.18750345838462606,calibrated,3.82
FL,combined,0.0,strong,304,0.008611111111111111,-0.06880472178563352,0.1774193548387097,0.0,0.19823052145193013,0.19911849430303932,calibrated,3.82
FL,combined,0.0,strong,305,0.010138888888888888,-0.08475667205971994,0.3698630136986301,0.0,0.1976926461164592,0.1926119148213138,calibrated,3.82
FL,combined,0.0,strong,306,0.008055555555555555,-0.027348312483512004,0.15517241379310345,0.0,0.199334256203777,0.19315136278738096,calibrated,3.82
FL,combined,0.0,strong,307,0.00875,-0.03114004891371542,0.19047619047619047,0.0,0.19866034846881722,0.18215217419158664,calibrated,3.82
FL,combined,0.0,strong,308,0.009166666666666667,-0.05102489392816978,0.16666666666666666,0.0,0.19947468379808733,0.18828158774945739,calibrated,3.82
FL,combined,0.5,strong,301,0.02013888888888889,-0.13632021464695138,0.38620689655172413,0.06382978723404255,0.15737727242656416,0.2105769219434725,calibrated,3.82
FL,combined,0.5,strong,302,0.017222222222222222,-0.0978011400712743,0.3790322580645161,0.04201680672268908,0.1572785869442867,0.19121634894914222,calibrated,3.82
FL,combined,0.5,strong,303,0.02388888888888889,-0.15420716554803024,0.48255813953488375,0.030864197530864196,0.15389514383647412,0.2241006691053107,calibrated,3.82
FL,combined,0.5,strong,304,0.01972222222222222,-0.10362840345127718,0.2605633802816901,0.030534351145038167,0.1537673198802092,0.2226857310609751,calibrated,3.82
FL,combined,0.5,strong,305,0.023194444444444445,-0.14163455784458728,0.4251497005988024,0.013071895424836602,0.15850442288627486,0.21508059134536414,calibrated,3.82
FL,combined,0.5,strong,306,0.01611111111111111,-0.09682814780399901,0.3103448275862069,0.027522935779816515,0.1548292224433024,0.20210244941916347,calibrated,3.82
FL,combined,0.5,strong,307,0.019444444444444445,-0.1118507266926479,0.39285714285714285,0.0,0.15751172518375933,0.20121649865709662,calibrated,3.82
FL,combined,0.5,strong,308,0.01861111111111111,-0.13376043147525243,0.40298507462686567,0.0234375,0.15432254321784503,0.2027629665416298,calibrated,3.82
FL,combined,1.0,strong,301,0.043055555555555555,-0.23231817654721357,0.5838709677419355,0.10126582278481013,0.12216127805492859,0.3176229805420006,calibrated,3.82
FL,combined,1.0,strong,302,0.035277777777777776,-0.16722027003113016,0.5708661417322834,0.19727891156462585,0.12189068610887553,0.2722492537518512,calibrated,3.82
FL,combined,1.0,strong,303,0.042916666666666665,-0.2217366217040789,0.6019417475728155,0.12654320987654322,0.12336944000490492,0.34431660234153383,calibrated,3.82
FL,combined,1.0,strong,304,0.03847222222222222,-0.1948283894927028,0.6101083032490975,0.0975609756097561,0.12249566602981872,0.311055391170225,calibrated,3.82
FL,combined,1.0,strong,305,0.04486111111111111,-0.24337615007882313,0.6068111455108359,0.15472779369627507,0.13201724459696676,0.3335032084464956,calibrated,3.82
FL,combined,1.0,strong,306,0.04097222222222222,-0.21834032071881485,0.5966101694915255,0.15030674846625766,0.11894331580131247,0.3332160517079762,calibrated,3.82
FL,combined,1.0,strong,307,0.042222222222222223,-0.2082496426707502,0.6052631578947368,0.11974110032362459,0.12283306579504277,0.30450022131249804,calibrated,3.82
FL,combined,1.0,strong,308,0.044583333333333336,-0.23384749723585416,0.6479750778816199,0.15895953757225434,0.12492614523135252,0.3155780373772952,calibrated,3.82
FL,combined,1.5,strong,301,0.07430555555555556,-0.3567802206954303,0.7794392523364486,0.23802163833075735,0.11625719506406172,0.6521125982265432,calibrated,3.82
FL,combined,1.5,strong,302,0.0648611111111111,-0.3068611790559116,0.7323340471092077,0.33636363636363636,0.11666538139177872,0.5771338779501135,calibrated,3.82
FL,combined,1.5,strong,303,0.07069444444444445,-0.3264407109613142,0.8172888015717092,0.26594090202177295,0.11921054674218397,0.6072537365643152,calibrated,3.82
FL,combined,1.5,strong,304,0.06833333333333333,-0.3271965074236379,0.7560975609756098,0.2770700636942675,0.11923014740852884,0.607170800361251,calibrated,3.82
FL,combined,1.5,strong,305,0.06763888888888889,-0.3321159750730646,0.7494866529774127,0.27491961414790994,0.1208872762167094,0.6007277138884848,calibrated,3.82
FL,combined,1.5,strong,306,0.07055555555555555,-0.33928824818372283,0.7913385826771654,0.25162337662337664,0.1182859606327847,0.6240584705752443,calibrated,3.82
FL,combined,1.5,strong,307,0.07111111111111111,-0.3366367375442399,0.79296875,0.2748447204968944,0.11633070442474248,0.6201670418031331,calibrated,3.82
FL,combined,1.5,strong,308,0.07444444444444444,-0.36550421020693147,0.7761194029850746,0.2530487804878049,0.11824234534910243,0.6722229525759178,calibrated,3.82
FL,combined,2.0,strong,301,0.09152777777777778,-0.42818583288784945,0.8391502276176024,0.3729508196721312,0.11155135929941738,0.8911364993011712,calibrated,3.82
FL,combined,2.0,strong,302,0.08611111111111111,-0.4058712631026167,0.8370967741935483,0.44273339749759383,0.11249765433029148,0.9040767934952487,calibrated,3.82
FL,combined,2.0,strong,303,0.08930555555555555,-0.41438910712305427,0.8460342146189735,0.41321499013806706,0.11420993163806749,0.9062764263102404,calibrated,3.82
FL,combined,2.0,strong,304,0.09,-0.42451544541259745,0.8580246913580247,0.378125,0.11689019072241996,0.915736066184201,calibrated,3.82
FL,combined,2.0,strong,305,0.09069444444444444,-0.4237853547604061,0.8407350689127105,0.3835051546391753,0.12219458526079642,0.8874465408431683,calibrated,3.82
FL,combined,2.0,strong,306,0.08527777777777777,-0.4049775951475616,0.8192182410423453,0.4054336468129572,0.11910979441164828,0.8564116935074693,calibrated,3.82
FL,combined,2.0,strong,307,0.08972222222222222,-0.4243979636699171,0.8359133126934984,0.39300411522633744,0.11600977302207849,0.9033401255473522,calibrated,3.82
FL,combined,2.0,strong,308,0.09069444444444444,-0.4227145328482259,0.8300153139356815,0.37202072538860104,0.11769532076583544,0.8888072158779626,calibrated,3.82
FL,combined,2.5,strong,301,0.09861111111111111,-0.4713575641095928,0.8619718309859155,0.5,0.11673433835447523,0.9701459826930837,calibrated,3.82
FL,combined,2.5,strong,302,0.09305555555555556,-0.4296266011235209,0.8611940298507462,0.5511811023622047,0.11916676937061625,0.9800952507531455,calibrated,3.82
FL,combined,2.5,strong,303,0.09680555555555556,-0.4522098673580473,0.8766140602582496,0.49961449498843485,0.11908025433197034,0.9604214172319239,calibrated,3.82
FL,combined,2.5,strong,304,0.09597222222222222,-0.45502843240461127,0.8726483357452967,0.4858757062146893,0.1207964569098975,0.957050597530019,calibrated,3.82
FL,combined,2.5,strong,305,0.0961111111111111,-0.4629626695319427,0.8641618497109826,0.4972244250594766,0.12048213247206074,0.9409356759508339,calibrated,3.82
FL,combined,2.5,strong,306,0.09527777777777778,-0.4572204017821927,0.8731778425655977,0.49686520376175547,0.12076334163051589,0.9800793650793649,calibrated,3.82
FL,combined,2.5,strong,307,0.09791666666666667,-0.46096310514358346,0.8609929078014185,0.5053680981595092,0.11176588591553065,0.9801148575372177,calibrated,3.82
FL,combined,2.5,strong,308,0.0973611111111111,-0.4661704942297131,0.8701854493580599,0.5041761579347,0.11143047090041773,0.9636844604142734,calibrated,3.82
FL,combined,3.0,strong,301,0.10222222222222223,-0.4953785982055277,0.8600543478260869,0.5411605937921727,0.1155783677731328,0.983413654618474,calibrated,3.82
FL,combined,3.0,strong,302,0.09708333333333333,-0.44196022305469973,0.8497854077253219,0.612012012012012,0.10618512306058843,0.9833528265107213,calibrated,3.82
FL,combined,3.0,strong,303,0.10180555555555555,-0.4756725689758687,0.8813096862210096,0.5586701434159062,0.11861789097937185,0.9933333333333333,calibrated,3.82
FL,combined,3.0,strong,304,0.09902777777777778,-0.4795738621308849,0.8695652173913043,0.5424430641821946,0.11496753178764856,0.9866896551724138,calibrated,3.82
FL,combined,3.0,strong,305,0.10166666666666667,-0.47793461246763763,0.8661202185792349,0.5625806451612904,0.11922198263896737,0.9966666666666667,calibrated,3.82
FL,combined,3.0,strong,306,0.09930555555555555,-0.4631891062075293,0.8601398601398601,0.5669291338582677,0.11818600370397371,0.9933333333333332,calibrated,3.82
FL,combined,3.0,strong,307,0.10027777777777777,-0.4703653722515931,0.8670360110803325,0.568241469816273,0.11428973066219524,0.9867149758454105,calibrated,3.82
FL,combined,3.0,strong,308,0.10097222222222223,-0.4784263646020547,0.8486932599724897,0.5651058370750481,0.11504692778129093,0.99,calibrated,3.82
FL,combined,3.5,strong,301,0.10319444444444445,-0.4967112910010215,0.8263795423956931,0.5972222222222222,0.11591888046668497,0.9966666666666667,calibrated,3.82
FL,combined,3.5,strong,302,0.09930555555555555,-0.45482421528668443,0.8713286713286713,0.6586242299794661,0.11136004348703595,0.9966666666666667,calibrated,3.82
FL,combined,3.5,strong,303,0.10208333333333333,-0.4828574374415646,0.8721088435374149,0.6006984866123399,0.11650652053553144,0.9966666666666667,calibrated,3.82
FL,combined,3.5,strong,304,0.10083333333333333,-0.49067967234799714,0.8471074380165289,0.6022326674500588,0.11687617605776442,0.9966666666666667,calibrated,3.82
FL,combined,3.5,strong,305,0.10347222222222222,-0.48022453868779663,0.8577181208053691,0.6164154103852596,0.11756016993575179,0.9966666666666667,calibrated,3.82
FL,combined,3.5,strong,306,0.10222222222222223,-0.4762769129102735,0.8722826086956522,0.6146010186757216,0.11704849714558307,1.0,calibrated,3.82
FL,combined,3.5,strong,307,0.10263888888888889,-0.48118831589183164,0.86468200270636,0.6051873198847262,0.11614551855166222,1.0,calibrated,3.82
FL,combined,3.5,strong,308,0.1025,-0.49061253927427845,0.8509485094850948,0.5998831775700935,0.11179716254498283,0.9866666666666667,calibrated,3.82
FL,combined,4.0,strong,301,0.10541666666666667,-0.508297494140217,0.857707509881423,0.6099447513812155,0.11658554027202489,0.9966666666666667,calibrated,3.82
FL,combined,4.0,strong,302,0.1,-0.4656691576017212,0.8583333333333333,0.6758454106280193,0.10918589146820556,0.9966666666666667,calibrated,3.82
FL,combined,4.0,strong,303,0.10458333333333333,-0.49496906676418306,0.8711819389110226,0.6169510181618052,0.12166338930903646,1.0,calibrated,3.82
FL,combined,4.0,strong,304,0.10236111111111111,-0.5030197115732407,0.8670284938941656,0.6303879310344828,0.1172289962145649,0.9933333333333333,calibrated,3.82
FL,combined,4.0,strong,305,0.10458333333333333,-0.5063335418811383,0.8605577689243028,0.6155115511551155,0.11540769365144528,0.9966666666666667,calibrated,3.82
FL,combined,4.0,strong,306,0.10319444444444445,-0.4808394139472409,0.8721399730820996,0.6340425531914894,0.11568878091713057,0.9966666666666667,calibrated,3.82
FL,combined,4.0,strong,307,0.10402777777777777,-0.48520452600493075,0.8571428571428571,0.6233624454148472,0.11411978900692178,1.0,calibrated,3.82
FL,combined,4.0,strong,308,0.10583333333333333,-0.5014427071228964,0.8582677165354331,0.6295514511873351,0.1137169951435008,0.9933333333333333,calibrated,3.82
FL,combined,5.0,strong,301,0.10805555555555556,-0.5082063897875236,0.8431876606683805,0.6225923997917752,0.11800964661938414,1.0,calibrated,3.82
FL,combined,5.0,strong,302,0.10277777777777777,-0.47206573322180473,0.8324324324324325,0.6869369369369369,0.10973806327888407,1.0,calibrated,3.82
FL,combined,5.0,strong,303,0.10583333333333333,-0.4932980969818173,0.8713910761154856,0.6337809917355371,0.11943292120648413,1.0,calibrated,3.82
FL,combined,5.0,strong,304,0.10347222222222222,-0.499990055060514,0.8523489932885906,0.6440677966101694,0.1176145851662476,1.0,calibrated,3.82
FL,combined,5.0,strong,305,0.10708333333333334,-0.5151359823282857,0.8495460440985733,0.6262363352420615,0.11276149830402776,1.0,calibrated,3.82
FL,combined,5.0,strong,306,0.10652777777777778,-0.4839247782077815,0.8591916558018253,0.645937813440321,0.11681854447373048,1.0,calibrated,3.82
FL,combined,5.0,strong,307,0.10597222222222222,-0.4978567933077949,0.8532110091743119,0.643289606458123,0.11171915017000857,1.0,calibrated,3.82
FL,combined,5.0,strong,308,0.10791666666666666,-0.5054141502584812,0.8326898326898327,0.6301867219917012,0.11488288282364001,1.0,calibrated,3.82
FL,combined,6.0,strong,301,0.10944444444444444,-0.5197154863411024,0.8413705583756346,0.6076426264800862,0.11414593930875332,1.0,calibrated,3.82
FL,combined,6.0,strong,302,0.10402777777777777,-0.4826539463819516,0.8544726301735648,0.6704384724186704,0.11286444773581163,1.0,calibrated,3.82
FL,combined,6.0,strong,303,0.10791666666666666,-0.5051899780940936,0.8648648648648649,0.6118598382749326,0.11632851810277528,1.0,calibrated,3.82
FL,combined,6.0,strong,304,0.1063888888888889,-0.5099594440080366,0.8577023498694517,0.6238095238095238,0.11765702987762411,1.0,calibrated,3.82
FL,combined,6.0,strong,305,0.10791666666666666,-0.5150992127708877,0.824967824967825,0.6097691894793345,0.11706857525913843,1.0,calibrated,3.82
FL,combined,6.0,strong,306,0.10625,-0.49095645728243514,0.857516339869281,0.6351490236382322,0.11610471378299851,1.0,calibrated,3.82
FL,combined,6.0,strong,307,0.10708333333333334,-0.5036942221850931,0.8326848249027238,0.6162162162162163,0.11453094999697278,1.0,calibrated,3.82
FL,combined,6.0,strong,308,0.10916666666666666,-0.5121136718566647,0.8486005089058524,0.6174282678002125,0.11142883408545816,1.0,calibrated,3.82
FL,combined,0.0,weak,301,0.005416666666666667,-0.010089815386073375,0.05128205128205128,0.0,0.19817351958214088,0.16604035404604237,calibrated,3.82
FL,combined,0.0,weak,302,0.0077777777777777776,0.014089895668252564,0.16071428571428573,0.0,0.19997744876037107,0.16257605395425248,calibrated,3.82
FL,combined,0.0,weak,303,0.0059722222222222225,0.009966371371062429,0.11627906976744186,0.0,0.19927999366804497,0.17100319226809668,calibrated,3.82
FL,combined,0.0,weak,304,0.008055555555555555,-0.03738233945335298,0.22413793103448276,0.0,0.19662050257903338,0.17432599468183618,calibrated,3.82
FL,combined,0.0,weak,305,0.006944444444444444,-0.05048883202279309,0.12,0.0,0.1981743229443306,0.17217872269575732,calibrated,3.82
FL,combined,0.0,weak,306,0.006527777777777778,-0.04242546426702031,0.1702127659574468,0.0,0.1992343634434611,0.17494241710688022,calibrated,3.82
FL,combined,0.0,weak,307,0.005833333333333334,0.01210755123461039,0.16666666666666666,0.0,0.19897830629749033,0.1784289962338596,calibrated,3.82
FL,combined,0.0,weak,308,0.005694444444444445,6.905843210318375e-05,0.04878048780487805,0.0,0.19995388118507,0.16730389154338904,calibrated,3.82
FL,combined,0.5,weak,301,0.015,-0.08410154265652849,0.26851851851851855,0.01,0.15435983782082344,0.17676032640477246,calibrated,3.82
FL,combined,0.5,weak,302,0.016527777777777777,-0.046000958141403016,0.2773109243697479,0.009433962264150943,0.15724498708799584,0.17502779563371215,calibrated,3.82
FL,combined,0.5,weak,303,0.016527777777777777,-0.08538330881219987,0.3277310924369748,0.0,0.1574593836949285,0.18665930378451312,calibrated,3.82
FL,combined,0.5,weak,304,0.015694444444444445,-0.06652905268409585,0.2743362831858407,0.009708737864077669,0.15594572134721457,0.18907722878741406,calibrated,3.82
FL,combined,0.5,weak,305,0.01597222222222222,-0.10244887981274584,0.25217391304347825,0.008928571428571428,0.15795301017854205,0.18542231085319646,calibrated,3.82
FL,combined,0.5,weak,306,0.01375,-0.06636545161479189,0.25252525252525254,0.0,0.153779828944465,0.18705714855481556,calibrated,3.82
FL,combined,0.5,weak,307,0.016666666666666666,-0.06260281365780461,0.39166666666666666,0.045871559633027525,0.1538652918780454,0.19116563668590486,calibrated,3.82
FL,combined,0.5,weak,308,0.01625,-0.08216378508975987,0.29914529914529914,0.036036036036036036,0.1569103305225059,0.17696670407091383,calibrated,3.82
FL,combined,1.0,weak,301,0.034722222222222224,-0.17514929148949251,0.528,0.09126984126984126,0.12293730763946964,0.2535256628945645,calibrated,3.82
FL,combined,1.0,weak,302,0.03,-0.14610175990766444,0.47685185185185186,0.09174311926605505,0.12580177559098435,0.23788872847809642,calibrated,3.82
FL,combined,1.0,weak,303,0.0325,-0.14757736524773138,0.5,0.02727272727272727,0.12509064787670174,0.2420319599934444,calibrated,3.82
FL,combined,1.0,weak,304,0.027083333333333334,-0.15710466979183774,0.4358974358974359,0.035897435897435895,0.11942537334872988,0.23698739124761425,calibrated,3.82
FL,combined,1.0,weak,305,0.03180555555555555,-0.15702056454558425,0.4759825327510917,0.07142857142857142,0.13350274728092976,0.2347900647188679,calibrated,3.82
FL,combined,1.0,weak,306,0.03138888888888889,-0.14433592178002005,0.5176991150442478,0.028708133971291867,0.1295367725863604,0.24687170011349782,calibrated,3.82
FL,combined,1.0,weak,307,0.035555555555555556,-0.1666586875740293,0.59765625,0.06198347107438017,0.12830609512889302,0.25654330595550645,calibrated,3.82
FL,combined,1.0,weak,308,0.030416666666666668,-0.1507235949398361,0.5159817351598174,0.047619047619047616,0.1294917686660664,0.2286169009510799,calibrated,3.82
FL,combined,1.5,weak,301,0.05388888888888889,-0.2499842627712156,0.6649484536082474,0.15602836879432624,0.11673807500875995,0.3846267417779678,calibrated,3.82
FL,combined,1.5,weak,302,0.051527777777777777,-0.2345690042228271,0.6118598382749326,0.19675925925925927,0.1140036577300112,0.4071609467434508,calibrated,3.82
FL,combined,1.5,weak,303,0.05416666666666667,-0.2563637705232346,0.6692307692307692,0.14928909952606634,0.11642134707858544,0.40449261719050006,calibrated,3.82
FL,combined,1.5,weak,304,0.05569444444444444,-0.24249769386592407,0.6932668329177057,0.12254901960784313,0.11292225843173977,0.4227059657130248,calibrated,3.82
FL,combined,1.5,weak,305,0.050277777777777775,-0.2453474953869143,0.6546961325966851,0.1782178217821782,0.12946770188422874,0.3540891893224003,calibrated,3.82
FL,combined,1.5,weak,306,0.052222222222222225,-0.24833705661888317,0.6835106382978723,0.15,0.12094340418977541,0.40350641235358187,calibrated,3.82
FL,combined,1.5,weak,307,0.05402777777777778,-0.2777750584113528,0.6966580976863753,0.14354066985645933,0.11785923592437865,0.43231577190660136,calibrated,3.82
FL,combined,1.5,weak,308,0.05472222222222222,-0.27909063108282095,0.6954314720812182,0.12439024390243902,0.1184789052896047,0.4178129104585116,calibrated,3.82
FL,combined,2.0,weak,301,0.07416666666666667,-0.34498113788596046,0.7827715355805244,0.26666666666666666,0.11401773305221215,0.6034960248463536,calibrated,3.82
FL,combined,2.0,weak,302,0.07277777777777777,-0.32896185398627636,0.7938931297709924,0.3296551724137931,0.10931019065606801,0.6650252708596003,calibrated,3.82
FL,combined,2.0,weak,303,0.07611111111111112,-0.3556494843273584,0.7864963503649635,0.28469241773962806,0.11885316042768647,0.6807939805084069,calibrated,3.82
FL,combined,2.0,weak,304,0.07666666666666666,-0.3554918418132882,0.8260869565217391,0.2863247863247863,0.11381261534032837,0.664376799938423,calibrated,3.82
FL,combined,2.0,weak,305,0.07708333333333334,-0.3583652762144095,0.7945945945945946,0.2612481857764877,0.12219036072193067,0.6484296285805287,calibrated,3.82
FL,combined,2.0,weak,306,0.07611111111111112,-0.33379550115064316,0.8065693430656934,0.26850507982583455,0.11903383143431213,0.6788214860206297,calibrated,3.82
FL,combined,2.0,weak,307,0.07736111111111112,-0.3601542775591679,0.770197486535009,0.28212290502793297,0.11637215983514972,0.6807248240699917,calibrated,3.82
FL,combined,2.0,weak,308,0.07611111111111112,-0.357753040700071,0.7937956204379562,0.2658959537572254,0.11211100579068893,0.6537534519715842,calibrated,3.82
FL,combined,2.5,weak,301,0.09166666666666666,-0.43170327969894556,0.8378787878787879,0.3847695390781563,0.11431930037062626,0.8412443189430535,calibrated,3.82
FL,combined,2.5,weak,302,0.08763888888888889,-0.40954594506429914,0.8003169572107766,0.447887323943662,0.10724968208515835,0.86763363396307,calibrated,3.82
FL,combined,2.5,weak,303,0.0913888888888889,-0.4262679796522188,0.8221884498480243,0.3952333664349553,0.11489610052694384,0.8637257991442487,calibrated,3.82
FL,combined,2.5,weak,304,0.09152777777777778,-0.4236562939739248,0.8558421851289834,0.3766632548618219,0.1148179401046112,0.8843863460557735,calibrated,3.82
FL,combined,2.5,weak,305,0.09111111111111111,-0.43708560826814463,0.8292682926829268,0.36219640971488914,0.12487884861941419,0.8393442067775573,calibrated,3.82
FL,combined,2.5,weak,306,0.08722222222222223,-0.4012219255490574,0.8232484076433121,0.42198233562315995,0.12300059442820954,0.8335458534403026,calibrated,3.82
FL,combined,2.5,weak,307,0.09222222222222222,-0.43207239504424627,0.8554216867469879,0.37679671457905545,0.11279378192240867,0.8641512950906982,calibrated,3.82
FL,combined,2.5,weak,308,0.08916666666666667,-0.42950085591275927,0.8411214953271028,0.3862928348909657,0.11541408769704985,0.819124569832256,calibrated,3.82
FL,combined,3.0,weak,301,0.09791666666666667,-0.4678448462329054,0.849645390070922,0.46343467543138867,0.11740785573348574,0.9119783224384787,calibrated,3.82
FL,combined,3.0,weak,302,0.09388888888888888,-0.4231577900435694,0.8846153846153846,0.5639777468706537,0.10783004993717456,0.9284058594197911,calibrated,3.82
FL,combined,3.0,weak,303,0.0975,-0.45459993043728425,0.8504273504273504,0.47338709677419355,0.10974460607042258,0.9505497712751939,calibrated,3.82
FL,combined,3.0,weak,304,0.09583333333333334,-0.4617622991958833,0.8507246376811595,0.48012976480129765,0.11324735150303801,0.9250668556318359,calibrated,3.82
FL,combined,3.0,weak,305,0.09722222222222222,-0.46999223307732124,0.8385714285714285,0.4889763779527559,0.1189517024562528,0.9164182853517038,calibrated,3.82
FL,combined,3.0,weak,306,0.09652777777777778,-0.4377762449803193,0.8489208633093526,0.5195488721804511,0.12131494018632194,0.9251612408502972,calibrated,3.82
FL,combined,3.0,weak,307,0.09777777777777778,-0.45375300117339523,0.8678977272727273,0.48157051282051283,0.11579819574697052,0.9378577257268365,calibrated,3.82
FL,combined,3.0,weak,308,0.09833333333333333,-0.47017482371706004,0.8615819209039548,0.48420221169036337,0.1116175235267816,0.9443707088494002,calibrated,3.82
FL,combined,3.5,weak,301,0.10277777777777777,-0.48828475731419396,0.8432432432432433,0.5660138976626659,0.1178011375358357,0.9668722965342699,calibrated,3.82
FL,combined,3.5,weak,302,0.09819444444444445,-0.4551241955202299,0.8514851485148515,0.6176980913823019,0.10856165432073317,0.9867424242424243,calibrated,3.82
FL,combined,3.5,weak,303,0.09958333333333333,-0.4686749217501457,0.8354253835425384,0.5549668874172186,0.11851576491986808,0.9538612623057557,calibrated,3.82
FL,combined,3.5,weak,304,0.10041666666666667,-0.4754068002358665,0.8409405255878285,0.5635894125242091,0.1150596871957784,0.9703474801061008,calibrated,3.82
FL,combined,3.5,weak,305,0.10180555555555555,-0.4823179808356192,0.8663028649386084,0.5596868884540117,0.12055442269958032,0.9669956471220714,calibrated,3.82
FL,combined,3.5,weak,306,0.10097222222222223,-0.4592252649016063,0.8707015130674003,0.5681965093729799,0.11930088048974806,0.9638163492063492,calibrated,3.82
FL,combined,3.5,weak,307,0.10138888888888889,-0.47673500152855464,0.8589041095890411,0.5480833893745797,0.1130105487784553,0.9736636505947217,calibrated,3.82
FL,combined,3.5,weak,308,0.10222222222222223,-0.46898097780760534,0.8383152173913043,0.5641848523748395,0.10993758867941789,0.9571676330366973,calibrated,3.82
FL,combined,4.0,weak,301,0.10430555555555555,-0.5016503853460246,0.844207723035952,0.5875440658049353,0.11062899126824975,0.98,calibrated,3.82
FL,combined,4.0,weak,302,0.09916666666666667,-0.4663884397740359,0.8515406162464986,0.6470276008492569,0.11049133369187536,0.9834848484848483,calibrated,3.82
FL,combined,4.0,weak,303,0.10388888888888889,-0.4835691275165232,0.8502673796791443,0.5953623188405797,0.11914991013478994,0.9834122287968444,calibrated,3.82
FL,combined,4.0,weak,304,0.10083333333333333,-0.4875145511304455,0.8581267217630854,0.6042154566744731,0.11446059473699156,0.980077519379845,calibrated,3.82
FL,combined,4.0,weak,305,0.1025,-0.49449522209759034,0.8523035230352304,0.5959834613112818,0.11795785476763941,0.9767596205539081,calibrated,3.82
FL,combined,4.0,weak,306,0.10222222222222223,-0.4711142769464402,0.84375,0.6057971014492753,0.11722181694674304,0.9801781818181818,calibrated,3.82
FL,combined,4.0,weak,307,0.10402777777777777,-0.4859116455286369,0.855807743658211,0.6027713625866051,0.11312157042827614,0.9933333333333333,calibrated,3.82
FL,combined,4.0,weak,308,0.10444444444444445,-0.4932097581274601,0.8351063829787234,0.6052631578947368,0.11570680208964014,0.9704009024644222,calibrated,3.82
FL,combined,5.0,weak,301,0.1075,-0.5193462055275446,0.851421188630491,0.6157556270096463,0.11436132251622387,0.9900694444444446,calibrated,3.82
FL,combined,5.0,weak,302,0.10222222222222223,-0.4714528085145058,0.8369565217391305,0.6767058823529412,0.11041582999324516,0.9966666666666667,calibrated,3.82
FL,combined,5.0,weak,303,0.10666666666666667,-0.5009398100956531,0.8567708333333334,0.6253284287966369,0.12135722002787852,0.9900653594771242,calibrated,3.82
FL,combined,5.0,weak,304,0.10527777777777778,-0.5028106956451194,0.8680738786279684,0.6397547266223812,0.11566741605613433,1.0,calibrated,3.82
FL,combined,5.0,weak,305,0.10541666666666667,-0.505039317628167,0.83399209486166,0.6196120689655172,0.11320882778713705,0.9900392156862745,calibrated,3.82
FL,combined,5.0,weak,306,0.10527777777777778,-0.48612156724304756,0.8680738786279684,0.6414423565261554,0.1140899057499466,1.0,calibrated,3.82
FL,combined,5.0,weak,307,0.10611111111111111,-0.4967339282974507,0.8363874345549738,0.6311134235171696,0.11398584361663715,1.0,calibrated,3.82
FL,combined,5.0,weak,308,0.10805555555555556,-0.509302323832403,0.8496143958868895,0.6241433842909858,0.11527778853180921,0.9966666666666667,calibrated,3.82
FL,combined,6.0,weak,301,0.10902777777777778,-0.5129264580381411,0.8305732484076433,0.6070460704607046,0.11676724202544335,0.9966666666666667,calibrated,3.82
FL,combined,6.0,weak,302,0.10388888888888889,-0.48651594291183436,0.8435828877005348,0.6663479923518164,0.11031656509581785,1.0,calibrated,3.82
FL,combined,6.0,weak,303,0.10708333333333334,-0.4998672028639529,0.8508430609597925,0.6113207547169811,0.11461955612276735,0.9966666666666667,calibrated,3.82
FL,combined,6.0,weak,304,0.10583333333333333,-0.509702065543906,0.863517060367454,0.620504562533548,0.11818517651310077,1.0,calibrated,3.82
FL,combined,6.0,weak,305,0.10861111111111112,-0.5176194958296576,0.8542199488491049,0.6027397260273972,0.11607445692181463,1.0,calibrated,3.82
FL,combined,6.0,weak,306,0.10583333333333333,-0.4901683089093479,0.8530183727034121,0.6280167890870934,0.11688228209514347,1.0,calibrated,3.82
FL,combined,6.0,weak,307,0.10847222222222222,-0.5035973889917726,0.8309859154929577,0.615260612573885,0.11320597975685882,1.0,calibrated,3.82
FL,combined,6.0,weak,308,0.10791666666666666,-0.515011566702962,0.8455598455598455,0.6109603906673902,0.11353443263118744,0.9966666666666667,calibrated,3.82
IL,combined,0.0,medium,301,0.004166666666666667,-0.0027144827382265158,0.1,0.16129032258064516,0.2017719900872075,0.16916681559039773,calibrated,3.82
IL,combined,0.0,medium,302,0.002638888888888889,0.061585591887917394,0.15789473684210525,0.058823529411764705,0.2003694500459381,0.1672871892950777,calibrated,3.82
IL,combined,0.0,medium,303,0.0038888888888888888,0.02555213486294653,0.07142857142857142,0.0,0.20043796277940676,0.18172436502925007,calibrated,3.82
IL,combined,0.0,medium,304,0.0016666666666666668,0.08751187421742516,0.0,0.0,0.19466055561707615,0.19109839232492842,calibrated,3.82
IL,combined,0.0,medium,305,0.0022222222222222222,0.054669590575202834,0.0625,0.0,0.19972534557753432,0.1812447795637225,calibrated,3.82
IL,combined,0.0,medium,306,0.0030555555555555557,0.11104273097712788,0.045454545454545456,0.09523809523809523,0.20277184280728713,0.181904615320813,calibrated,3.82
IL,combined,0.0,medium,307,0.004722222222222222,0.02322338319827893,0.11764705882352941,0.0,0.1978883393357824,0.17849172385750423,calibrated,3.82
IL,combined,0.0,medium,308,0.003611111111111111,0.06535883024511797,0.07692307692307693,0.0,0.20429233670904567,0.1791246992213705,calibrated,3.82
IL,combined,0.5,medium,301,0.005416666666666667,-0.008480630019144487,0.02564102564102564,0.07894736842105263,0.1638673965432199,0.1768729667818635,calibrated,3.82
IL,combined,0.5,medium,302,0.006388888888888889,0.06300873440140442,0.2608695652173913,0.047619047619047616,0.15654313373761045,0.15606454020690771,calibrated,3.82
IL,combined,0.5,medium,303,0.00625,0.027059335266989844,0.13333333333333333,0.047619047619047616,0.1650769227074846,0.17281839126028367,calibrated,3.82
IL,combined,0.5,medium,304,0.004861111111111111,0.045313364239612366,0.05714285714285714,0.0,0.15416140948348894,0.17809890399378947,calibrated,3.82
IL,combined,0.5,medium,305,0.0075,0.011125262608862133,0.18518518518518517,0.05555555555555555,0.1582751203004715,0.17292755404115753,calibrated,3.82
IL,combined,0.5,medium,306,0.006111111111111111,0.025984830447472775,0.09090909090909091,0.08888888888888889,0.16702174585315555,0.1767947119329938,calibrated,3.82
IL,combined,0.5,medium,307,0.008472222222222223,0.012483551724790626,0.14754098360655737,0.1016949152542373,0.1574913804698617,0.1688624095151796,calibrated,3.82
IL,combined,0.5,medium,308,0.006111111111111111,0.06194632075039422,0.13636363636363635,0.04878048780487805,0.16714534154448232,0.16460971664220708,calibrated,3.82
IL,combined,1.0,medium,301,0.014305555555555556,-0.05129382800643973,0.3300970873786408,0.14814814814814814,0.1255684115639146,0.174648283422001,calibrated,3.82
IL,combined,1.0,medium,302,0.015555555555555555,-0.05405819046898118,0.32142857142857145,0.11711711711711711,0.12192099195458818,0.1738365481793478,calibrated,3.82
IL,combined,1.0,medium,303,0.013194444444444444,0.0064332510037717365,0.18947368421052632,0.12,0.14120445378682245,0.16995917122632653,calibrated,3.82
IL,combined,1.0,medium,304,0.013194444444444444,-0.009155795419765824,0.2,0.09473684210526316,0.12532123154136993,0.17079884771993956,calibrated,3.82
IL,combined,1.0,medium,305,0.012777777777777779,-0.05075935409732615,0.25,0.17307692307692307,0.13346718227057006,0.16867645331668765,calibrated,3.82
IL,combined,1.0,medium,306,0.013333333333333334,-0.00129405355869543,0.28125,0.16981132075471697,0.1466010372013619,0.173840260033,calibrated,3.82
IL,combined,1.0,medium,307,0.01375,-0.008231178603008092,0.25252525252525254,0.09278350515463918,0.11941923308138223,0.16559935333711545,calibrated,3.82
IL,combined,1.0,medium,308,0.012638888888888889,-0.0213303227602986,0.2087912087912088,0.11578947368421053,0.1327583194170064,0.17356947557323787,calibrated,3.82
IL,combined,1.5,medium,301,0.025277777777777777,-0.07527068750385547,0.4230769230769231,0.23636363636363636,0.12142821623579414,0.20326814106140356,calibrated,3.82
IL,combined,1.5,medium,302,0.025416666666666667,-0.09060790402517083,0.44808743169398907,0.24553571428571427,0.1122572259512636,0.18804228557409322,calibrated,3.82
IL,combined,1.5,medium,303,0.02263888888888889,-0.05387471230407681,0.3987730061349693,0.27488151658767773,0.13341010061085323,0.18870526631977624,calibrated,3.82
IL,combined,1.5,medium,304,0.023055555555555555,-0.06330107396285846,0.3614457831325301,0.26666666666666666,0.11547402381270487,0.2009762499032797,calibrated,3.82
IL,combined,1.5,medium,305,0.025694444444444443,-0.07638511286565369,0.4,0.2905982905982906,0.1209530817226638,0.20726348764565625,calibrated,3.82
IL,combined,1.5,medium,306,0.02236111111111111,-0.047699159609716484,0.4472049689440994,0.35585585585585583,0.12056394168511031,0.18720606305847784,calibrated,3.82
IL,combined,1.5,medium,307,0.02347222222222222,-0.079963731782925,0.4378698224852071,0.273972602739726,0.12270076808784026,0.1958973430815527,calibrated,3.82
IL,combined,1.5,medium,308,0.02375,-0.06290579381830959,0.45614035087719296,0.3080357142857143,0.12073798868016106,0.19778602851573598,calibrated,3.82
IL,combined,2.0,medium,301,0.04027777777777778,-0.1519913609158216,0.6103448275862069,0.40765765765765766,0.12120998567721986,0.2806746043468338,calibrated,3.82
IL,combined,2.0,medium,302,0.041944444444444444,-0.16614327911431337,0.6026490066225165,0.4383838383838384,0.11712191387868505,0.3011606065435111,calibrated,3.82
IL,combined,2.0,medium,303,0.03777777777777778,-0.14025470367304843,0.5808823529411765,0.4721030042918455,0.12087436522835275,0.2488474308892496,calibrated,3.82
IL,combined,2.0,medium,304,0.03652777777777778,-0.10398923926239054,0.5817490494296578,0.4474885844748858,0.11977999528548598,0.24150895005444478,calibrated,3.82
IL,combined,2.0,medium,305,0.042222222222222223,-0.16447230606767863,0.6282894736842105,0.43568464730290457,0.12651760743522608,0.28418422203971244,calibrated,3.82
IL,combined,2.0,medium,306,0.034166666666666665,-0.09449863347106635,0.5813008130081301,0.47980997624703087,0.12110815486775166,0.2359207875158043,calibrated,3.82
IL,combined,2.0,medium,307,0.03680555555555556,-0.1441269824850035,0.5584905660377358,0.4337899543378995,0.10976995189363985,0.2566736227134016,calibrated,3.82
IL,combined,2.0,medium,308,0.035416666666666666,-0.11337206397763251,0.5411764705882353,0.4847161572052402,0.11748667679608236,0.23290247579703963,calibrated,3.82
IL,combined,2.5,medium,301,0.05708333333333333,-0.22806919033240616,0.7177615571776156,0.5380894800483675,0.1223062220272908,0.4135108414530474,calibrated,3.82
IL,combined,2.5,medium,302,0.06194444444444445,-0.2622326761600274,0.757847533632287,0.5162064825930373,0.10573696431041614,0.48303227263764453,calibrated,3.82
IL,combined,2.5,medium,303,0.05625,-0.20740326630963435,0.7012345679012346,0.5683962264150944,0.12611358492563365,0.39957533060845746,calibrated,3.82
IL,combined,2.5,medium,304,0.05638888888888889,-0.2109162019502248,0.687192118226601,0.5485436893203883,0.12425248554721591,0.4272654460654837,calibrated,3.82
IL,combined,2.5,medium,305,0.05694444444444444,-0.22473230421678297,0.7219512195121951,0.5502392344497608,0.12809943809685634,0.41780906594874245,calibrated,3.82
IL,combined,2.5,medium,306,0.04972222222222222,-0.18074085459901043,0.6536312849162011,0.5861214374225526,0.12173387247518123,0.34117049799603855,calibrated,3.82
IL,combined,2.5,medium,307,0.058611111111111114,-0.22571068165904354,0.6872037914691943,0.5392986698911729,0.11137258225014902,0.40909945519575047,calibrated,3.82
IL,combined,2.5,medium,308,0.051805555555555556,-0.19104122357532277,0.6890080428954424,0.5817073170731707,0.12049780889342464,0.3382432259302739,calibrated,3.82
IL,combined,3.0,medium,301,0.08125,-0.32419386059994193,0.7794871794871795,0.599549211119459,0.1257185879705255,0.715904567843785,calibrated,3.82
IL,combined,3.0,medium,302,0.08027777777777778,-0.3480764353652098,0.801038062283737,0.5932330827067669,0.1085129241170124,0.794195364229466,calibrated,3.82
IL,combined,3.0,medium,303,0.0751388888888889,-0.29623579399040445,0.7652495378927912,0.6368343195266272,0.12614556771008117,0.6453955944640907,calibrated,3.82
IL,combined,3.0,medium,304,0.075,-0.28558191525397325,0.8111111111111111,0.6254709871891485,0.12253130326626249,0.6112446504262841,calibrated,3.82
IL,combined,3.0,medium,305,0.08,-0.33523092224717066,0.8055555555555556,0.6149927219796215,0.12025029589928947,0.7229769497984743,calibrated,3.82
IL,combined,3.0,medium,306,0.07083333333333333,-0.2820483199017669,0.792156862745098,0.6521739130434783,0.11524002018471519,0.5970026433789631,calibrated,3.82
IL,combined,3.0,medium,307,0.07930555555555556,-0.32012446605535744,0.8003502626970228,0.6197080291970803,0.10402918141165239,0.6859011698032961,calibrated,3.82
IL,combined,3.0,medium,308,0.07319444444444445,-0.2704772988683746,0.7438330170777988,0.6401202103681443,0.12538852147381593,0.5630811218630646,calibrated,3.82
IL,combined,3.5,medium,301,0.09375,-0.38426391449197667,0.8548148148148148,0.6418764302059496,0.12961118106931582,0.9218994375917335,calibrated,3.82
IL,combined,3.5,medium,302,0.09180555555555556,-0.401515495189339,0.8502269288956127,0.6366313309776207,0.10886960866856833,0.9476296605011775,calibrated,3.82
IL,combined,3.5,medium,303,0.09472222222222222,-0.3802916927783296,0.8665689149560117,0.6574432761483121,0.12419779538434096,0.9414162669891127,calibrated,3.82
IL,combined,3.5,medium,304,0.09458333333333334,-0.37626321590508405,0.8707782672540382,0.6567982456140351,0.12127412037398265,0.9318003012676506,calibrated,3.82
IL,combined,3.5,medium,305,0.09555555555555556,-0.3867261064938426,0.8561046511627907,0.6500829187396352,0.12067177341114081,0.9380916631475119,calibrated,3.82
IL,combined,3.5,medium,306,0.09166666666666666,-0.35984417719113365,0.8424242424242424,0.6784957627118644,0.11655900691604393,0.8934005707423538,calibrated,3.82
IL,combined,3.5,medium,307,0.095,-0.3984769325846566,0.8669590643274854,0.6294326241134752,0.10052586626125619,0.9379292612317912,calibrated,3.82
IL,combined,3.5,medium,308,0.0925,-0.36873975529188135,0.8363363363363363,0.6711445459430414,0.12096053721071282,0.88083046545452,calibrated,3.82
IL,combined,4.0,medium,301,0.10111111111111111,-0.4190447871440981,0.8598901098901099,0.6778523489932886,0.12011072543534211,0.9734326277749097,calibrated,3.82
IL,combined,4.0,medium,302,0.09902777777777778,-0.43042913976543484,0.8681626928471248,0.6784847013113162,0.1104391517560979,0.99,calibrated,3.82
IL,combined,4.0,medium,303,0.09944444444444445,-0.40692004813041377,0.8589385474860335,0.6995412844036697,0.12817181901460042,0.9833925049309664,calibrated,3.82
IL,combined,4.0,medium,304,0.09888888888888889,-0.40202139750776134,0.8595505617977528,0.6946494464944649,0.11926755771285463,0.9834108527131783,calibrated,3.82
IL,combined,4.0,medium,305,0.09805555555555556,-0.40073696898746397,0.8583569405099151,0.6894439208294062,0.11874269039298196,0.9635508711366549,calibrated,3.82
IL,combined,4.0,medium,306,0.09861111111111111,-0.3998115438090374,0.8633802816901408,0.716017316017316,0.12320881793141104,0.99,calibrated,3.82
IL,combined,4.0,medium,307,0.10138888888888889,-0.42521510715923166,0.8534246575342466,0.6781444285031085,0.11248593144730372,0.990048309178744,calibrated,3.82
IL,combined,4.0,medium,308,0.10083333333333333,-0.4068146154177058,0.8732782369146006,0.7037527593818984,0.1218726087108392,0.9736272903773814,calibrated,3.82
IL,combined,5.0,medium,301,0.10652777777777778,-0.4544253921902317,0.8709256844850065,0.7002529510961214,0.12871224368064968,0.9966666666666667,calibrated,3.82
IL,combined,5.0,medium,302,0.10208333333333333,-0.44633041984135774,0.8639455782312925,0.7069038542990258,0.10654469163798887,0.9966666666666667,calibrated,3.82
IL,combined,5.0,medium,303,0.10416666666666667,-0.44383966795795343,0.8706666666666667,0.7223340040241448,0.11705943717224625,0.9900000000000002,calibrated,3.82
IL,combined,5.0,medium,304,0.105,-0.42879811113149147,0.8849206349206349,0.7273440564927423,0.11859302769757686,0.99,calibrated,3.82
IL,combined,5.0,medium,305,0.10430555555555555,-0.43626063792374337,0.8628495339547271,0.7213771016813451,0.11681997269638393,1.0,calibrated,3.82
IL,combined,5.0,medium,306,0.10347222222222222,-0.42843139470430774,0.8885906040268456,0.7490815576781779,0.12014629968913121,1.0,calibrated,3.82
IL,combined,5.0,medium,307,0.1075,-0.44436560148350784,0.8669250645994832,0.7169132347061176,0.11453049089112295,1.0,calibrated,3.82
IL,combined,5.0,medium,308,0.10527777777777778,-0.443786187302274,0.8759894459102903,0.7299496319256102,0.11696789954097964,0.9933333333333333,calibrated,3.82
IL,combined,6.0,medium,301,0.10902777777777778,-0.4592648548975719,0.8598726114649682,0.7021623827009384,0.12222839223762433,1.0,calibrated,3.82
IL,combined,6.0,medium,302,0.10347222222222222,-0.45905848862301335,0.8577181208053691,0.7097440132122214,0.10726158880960808,1.0,calibrated,3.82
IL,combined,6.0,medium,303,0.1075,-0.44656969334427793,0.8656330749354005,0.7222650231124808,0.11768598678212532,1.0,calibrated,3.82
IL,combined,6.0,medium,304,0.10722222222222222,-0.45837072129196904,0.8613989637305699,0.7157018239492466,0.11971329766646199,0.9966666666666667,calibrated,3.82
IL,combined,6.0,medium,305,0.10569444444444444,-0.4544991747760172,0.8515111695137977,0.7109120521172638,0.11596711208820197,1.0,calibrated,3.82
IL,combined,6.0,medium,306,0.1063888888888889,-0.442161461725439,0.8942558746736292,0.740388136213841,0.1261620960221528,0.9966666666666667,calibrated,3.82
IL,combined,6.0,medium,307,0.10847222222222222,-0.4510779332704685,0.8591549295774648,0.7129813418023025,0.11342673563928818,0.9966666666666667,calibrated,3.82
IL,combined,6.0,medium,308,0.1075,-0.45641856530242086,0.8811369509043928,0.7261995430312262,0.11805429847041911,1.0,calibrated,3.82
IL,combined,0.0,strong,301,0.004027777777777778,0.011659687867028362,0.10344827586206896,0.1935483870967742,0.20796575015001828,0.18681771337425807,calibrated,3.82
IL,combined,0.0,strong,302,0.003472222222222222,0.0023386038154832177,0.16,0.0,0.20422604475155112,0.18075274504061634,calibrated,3.82
IL,combined,0.0,strong,303,0.0025,0.019506280189794476,0.0,0.0,0.2009163580658726,0.18750345838462606,calibrated,3.82
IL,combined,0.0,strong,304,0.0030555555555555557,0.13057263371429115,0.0,0.0,0.20122636583268627,0.19911849430303932,calibrated,3.82
IL,combined,0.0,strong,305,0.002916666666666667,0.04744886221625255,0.047619047619047616,0.0,0.19902405678161741,0.1926119148213138,calibrated,3.82
IL,combined,0.0,strong,306,0.0033333333333333335,0.12103369467310454,0.041666666666666664,0.0,0.20792856393346593,0.19315136278738096,calibrated,3.82
IL,combined,0.0,strong,307,0.0019444444444444444,0.032343500709377124,0.07142857142857142,0.07692307692307693,0.2081401927709762,0.18215217419158664,calibrated,3.82
IL,combined,0.0,strong,308,0.002638888888888889,-0.013380657179602292,0.15789473684210525,0.0,0.2044116942580596,0.18828158774945739,calibrated,3.82
IL,combined,0.5,strong,301,0.00625,0.017015277744705338,0.1111111111111111,0.09523809523809523,0.16893987968932755,0.17788744359220354,calibrated,3.82
IL,combined,0.5,strong,302,0.007083333333333333,0.030740542509835784,0.0784313725490196,0.0,0.15829172496505137,0.16361878571381,calibrated,3.82
IL,combined,0.5,strong,303,0.006805555555555555,0.05345389918389164,0.1836734693877551,0.0,0.16969333514023854,0.1721886293773955,calibrated,3.82
IL,combined,0.5,strong,304,0.0059722222222222225,0.02113242572204018,0.20930232558139536,0.047619047619047616,0.15693483767750463,0.18633656460216183,calibrated,3.82
IL,combined,0.5,strong,305,0.01,0.042565845727439815,0.25,0.03333333333333333,0.16296673219997138,0.18642036352066016,calibrated,3.82
IL,combined,0.5,strong,306,0.006111111111111111,0.027245277867601447,0.1590909090909091,0.04878048780487805,0.1608077107654656,0.18982322092824566,calibrated,3.82
IL,combined,0.5,strong,307,0.007361111111111111,0.00475623740807437,0.16981132075471697,0.07407407407407407,0.15924428486809686,0.17906517778294295,calibrated,3.82
IL,combined,0.5,strong,308,0.005694444444444445,0.05329760799845683,0.0975609756097561,0.04878048780487805,0.15751140112031312,0.17992076351072558,calibrated,3.82
IL,combined,1.0,strong,301,0.01625,-0.05147060017389569,0.2905982905982906,0.15503875968992248,0.12713296018134176,0.18397334474836136,calibrated,3.82
IL,combined,1.0,strong,302,0.014861111111111111,-0.05538030366972712,0.29906542056074764,0.13793103448275862,0.11686771566797594,0.17336538493982404,calibrated,3.82
IL,combined,1.0,strong,303,0.015,-0.028523377404092297,0.3148148148148148,0.17647058823529413,0.13367168859548198,0.1737860787422988,calibrated,3.82
IL,combined,1.0,strong,304,0.011944444444444445,-0.016885435537861246,0.16279069767441862,0.14736842105263157,0.12113958801219672,0.1744548413465442,calibrated,3.82
IL,combined,1.0,strong,305,0.014861111111111111,-0.03299998597353212,0.2616822429906542,0.2047244094488189,0.13210925300370505,0.1754715903290503,calibrated,3.82
IL,combined,1.0,strong,306,0.012638888888888889,0.0006970051705483595,0.26373626373626374,0.18867924528301888,0.1377096579402655,0.184990326003239,calibrated,3.82
IL,combined,1.0,strong,307,0.015277777777777777,0.002631050461664296,0.3181818181818182,0.23255813953488372,0.12559976101656387,0.18250301887265497,calibrated,3.82
IL,combined,1.0,strong,308,0.014722222222222222,-0.01740098967855753,0.29245283018867924,0.22950819672131148,0.1347051634772058,0.17723164931559984,calibrated,3.82
IL,combined,1.5,strong,301,0.02666666666666667,-0.09770551939214694,0.5052083333333334,0.33201581027667987,0.12583377756609285,0.2088848285614737,calibrated,3.82
IL,combined,1.5,strong,302,0.02652777777777778,-0.1288682842994707,0.4397905759162304,0.3155893536121673,0.1157591881671461,0.2075594203127649,calibrated,3.82
IL,combined,1.5,strong,303,0.02263888888888889,-0.0640595931882798,0.44171779141104295,0.3686440677966102,0.14216431988416292,0.1949382234620281,calibrated,3.82
IL,combined,1.5,strong,304,0.023055555555555555,-0.08801266583125945,0.42771084337349397,0.31221719457013575,0.12301523628574375,0.20124712702174705,calibrated,3.82
IL,combined,1.5,strong,305,0.025277777777777777,-0.060056723211630414,0.5,0.36507936507936506,0.12895367868953714,0.2006653497054046,calibrated,3.82
IL,combined,1.5,strong,306,0.02013888888888889,-0.05471612180477191,0.4068965517241379,0.3991228070175439,0.12955885600658013,0.19300240706545854,calibrated,3.82
IL,combined,1.5,strong,307,0.025,-0.1020825585031403,0.45,0.33203125,0.11165295998285824,0.19946047232794106,calibrated,3.82
IL,combined,1.5,strong,308,0.022083333333333333,-0.06613734421582905,0.4025157232704403,0.3160377358490566,0.12109311124947196,0.19149824773037138,calibrated,3.82
IL,combined,2.0,strong,301,0.04055555555555555,-0.17504140491532785,0.5924657534246576,0.49619771863117873,0.1252088565883311,0.28474283816564727,calibrated,3.82
IL,combined,2.0,strong,302,0.043472222222222225,-0.17999915272600084,0.6613418530351438,0.520066889632107,0.10579909064306625,0.3089855143468597,calibrated,3.82
IL,combined,2.0,strong,303,0.03833333333333333,-0.12322569222462082,0.5217391304347826,0.5341726618705036,0.12885643972110017,0.26611210177179545,calibrated,3.82
IL,combined,2.0,strong,304,0.04,-0.14202320588208334,0.6423611111111112,0.5160075329566854,0.11859042868895775,0.28409601215683095,calibrated,3.82
IL,combined,2.0,strong,305,0.03972222222222222,-0.14183718931885747,0.5804195804195804,0.4951267056530214,0.11993608440752886,0.26989530486995816,calibrated,3.82
IL,combined,2.0,strong,306,0.035138888888888886,-0.13755092940474478,0.6047430830039525,0.5297619047619048,0.12172918075523032,0.25169763794048755,calibrated,3.82
IL,combined,2.0,strong,307,0.042083333333333334,-0.1744223512413828,0.6501650165016502,0.46923076923076923,0.10914790868469114,0.29875739442482996,calibrated,3.82
IL,combined,2.0,strong,308,0.037083333333333336,-0.13946430247758834,0.5730337078651685,0.5276190476190477,0.12371565726108562,0.25334759897328796,calibrated,3.82
IL,combined,2.5,strong,301,0.06125,-0.2549232451513292,0.7619047619047619,0.5877551020408164,0.1186983375018248,0.47628282690464874,calibrated,3.82
IL,combined,2.5,strong,302,0.06722222222222222,-0.2862179448627508,0.737603305785124,0.5893358278765201,0.10770380393372213,0.5642394955557682,calibrated,3.82
IL,combined,2.5,strong,303,0.055,-0.2241070757035752,0.7146464646464646,0.6354481369587109,0.12617932434714996,0.39178651172120016,calibrated,3.82
IL,combined,2.5,strong,304,0.05708333333333333,-0.20428275217436703,0.7299270072992701,0.6184615384615385,0.11458048986734888,0.404336779127807,calibrated,3.82
IL,combined,2.5,strong,305,0.06166666666666667,-0.25065169677923643,0.7387387387387387,0.5964391691394659,0.13029428075583285,0.4802167101584892,calibrated,3.82
IL,combined,2.5,strong,306,0.04888888888888889,-0.17773018409726302,0.6960227272727273,0.6645898234683282,0.12172461284724855,0.3500650122378706,calibrated,3.82
IL,combined,2.5,strong,307,0.058611111111111114,-0.2319340623825933,0.7701421800947867,0.5966386554621849,0.105938773899451,0.41407586848410577,calibrated,3.82
IL,combined,2.5,strong,308,0.05458333333333333,-0.2031825675785148,0.6997455470737913,0.6187433439829606,0.12780266610180116,0.3609903710632628,calibrated,3.82
IL,combined,3.0,strong,301,0.08444444444444445,-0.3559635954341808,0.8108552631578947,0.6229946524064172,0.1301401356585444,0.7857124728589263,calibrated,3.82
IL,combined,3.0,strong,302,0.08458333333333333,-0.36158587602044523,0.80623973727422,0.6281967213114754,0.11482747445506754,0.87483940129458,calibrated,3.82
IL,combined,3.0,strong,303,0.0751388888888889,-0.29561381119992447,0.8151571164510166,0.6934673366834171,0.12127625871419634,0.6268590495613591,calibrated,3.82
IL,combined,3.0,strong,304,0.08097222222222222,-0.32198256878283155,0.8147512864493996,0.6549249836921069,0.1155740423112425,0.7365082840510763,calibrated,3.82
IL,combined,3.0,strong,305,0.0825,-0.3265996034388821,0.8316498316498316,0.6486310299869622,0.12988487506139948,0.717239933283389,calibrated,3.82
IL,combined,3.0,strong,306,0.07027777777777777,-0.27409967963550674,0.8023715415019763,0.7007822685788787,0.1221174144481423,0.5693884592469852,calibrated,3.82
IL,combined,3.0,strong,307,0.08305555555555555,-0.3383638184617597,0.8260869565217391,0.6389073950699533,0.11023012710768683,0.7382304924001343,calibrated,3.82
IL,combined,3.0,strong,308,0.075,-0.2999985536571065,0.7796296296296297,0.6799217731421121,0.12061660991709151,0.6173755657998256,calibrated,3.82
IL,combined,3.5,strong,301,0.09680555555555556,-0.41184823618377425,0.8766140602582496,0.6514905149051491,0.1257291280300189,0.9701365585384042,calibrated,3.82
IL,combined,3.5,strong,302,0.0948611111111111,-0.40389105466696723,0.8550512445095169,0.6716572018585442,0.11099314616368344,0.9766861598440545,calibrated,3.82
IL,combined,3.5,strong,303,0.09625,-0.394679556101921,0.8513708513708513,0.6760491299897646,0.12542055378848047,0.980081300813008,calibrated,3.82
IL,combined,3.5,strong,304,0.09444444444444444,-0.3681909066219031,0.8397058823529412,0.685427135678392,0.11767733699549322,0.9605164237566908,calibrated,3.82
IL,combined,3.5,strong,305,0.09527777777777778,-0.3980750565176813,0.8760932944606414,0.670490093847758,0.1204751766778428,0.9767282537175943,calibrated,3.82
IL,combined,3.5,strong,306,0.08597222222222223,-0.3328099451561303,0.8497576736672051,0.7321763602251408,0.11345307316303556,0.7939303598025425,calibrated,3.82
IL,combined,3.5,strong,307,0.09819444444444445,-0.4200293249971034,0.8755304101838756,0.668034889687019,0.11327639503499742,0.9768065750674445,calibrated,3.82
IL,combined,3.5,strong,308,0.0948611111111111,-0.38063781198151564,0.8389458272327965,0.682069311903566,0.11809112288310854,0.954141076275821,calibrated,3.82
IL,combined,4.0,strong,301,0.10277777777777777,-0.4261381874637363,0.8702702702702703,0.6911231884057971,0.12193582728610412,0.980120213120213,calibrated,3.82
IL,combined,4.0,strong,302,0.09722222222222222,-0.42556579925908294,0.8442857142857143,0.6910112359550562,0.11385611605156863,1.0,calibrated,3.82
IL,combined,4.0,strong,303,0.09791666666666667,-0.40774751764414613,0.8808510638297873,0.7217021276595744,0.12322244006584716,0.983360433604336,calibrated,3.82
IL,combined,4.0,strong,304,0.09972222222222223,-0.40678184144719465,0.8690807799442897,0.7114882506527415,0.12097548211997083,0.9933333333333333,calibrated,3.82
IL,combined,4.0,strong,305,0.10152777777777777,-0.4239066300683314,0.9015047879616963,0.6874129122155133,0.1184836412487638,0.9966666666666667,calibrated,3.82
IL,combined,4.0,strong,306,0.10111111111111111,-0.3943663986438679,0.875,0.7258924907673369,0.11665580804350549,0.9966666666666667,calibrated,3.82
IL,combined,4.0,strong,307,0.1025,-0.43017844674124217,0.8807588075880759,0.6862745098039216,0.1107278104246871,0.9966666666666667,calibrated,3.82
IL,combined,4.0,strong,308,0.10069444444444445,-0.423069559160494,0.8537931034482759,0.7095652173913043,0.12215060524734571,0.9801809677735333,calibrated,3.82
IL,combined,5.0,strong,301,0.10680555555555556,-0.46189249048302533,0.8543563068920677,0.7049382716049383,0.12662770512383478,0.9966666666666667,calibrated,3.82
IL,combined,5.0,strong,302,0.10152777777777777,-0.44492906575227714,0.8645690834473324,0.7119565217391305,0.10411704491552894,0.9933333333333333,calibrated,3.82
IL,combined,5.0,strong,303,0.10486111111111111,-0.43465761798363695,0.8807947019867549,0.7334869431643625,0.11712437689416015,1.0,calibrated,3.82
IL,combined,5.0,strong,304,0.10458333333333333,-0.431910725596031,0.8751660026560425,0.7324159021406728,0.12393038312049576,1.0,calibrated,3.82
IL,combined,5.0,strong,305,0.10430555555555555,-0.4426275856312866,0.8641810918774967,0.7189648200566114,0.11681804838591607,1.0,calibrated,3.82
IL,combined,5.0,strong,306,0.10486111111111111,-0.4282307888910165,0.9033112582781457,0.7495469372961218,0.11710182118156852,1.0,calibrated,3.82
IL,combined,5.0,strong,307,0.10694444444444444,-0.4495445138050949,0.8766233766233766,0.7200474495848161,0.11067611937960216,1.0,calibrated,3.82
IL,combined,5.0,strong,308,0.10583333333333333,-0.4358141317397985,0.863517060367454,0.7332572298325722,0.1179939170053375,1.0,calibrated,3.82
IL,combined,6.0,strong,301,0.10888888888888888,-0.46697468697169414,0.8571428571428571,0.7018683996750609,0.1265690231560414,1.0,calibrated,3.82
IL,combined,6.0,strong,302,0.10375,-0.45540064558474125,0.8527443105756358,0.7089552238805971,0.104508748675768,1.0,calibrated,3.82
IL,combined,6.0,strong,303,0.10722222222222222,-0.4544230336727198,0.8639896373056994,0.7272380952380952,0.1183634928210887,1.0,calibrated,3.82
IL,combined,6.0,strong,304,0.10847222222222222,-0.45705419105844997,0.8719590268886044,0.7194552529182879,0.12058957196866656,1.0,calibrated,3.82
IL,combined,6.0,strong,305,0.10805555555555556,-0.45374701984780996,0.8676092544987146,0.710261569416499,0.12063244528963894,1.0,calibrated,3.82
IL,combined,6.0,strong,306,0.10680555555555556,-0.44942644146788185,0.8894668400520156,0.7373068432671082,0.12129944651495328,1.0,calibrated,3.82
IL,combined,6.0,strong,307,0.10875,-0.45662349746944936,0.8607918263090677,0.7126984126984127,0.11195104202238108,1.0,calibrated,3.82
IL,combined,6.0,strong,308,0.1076388888888889,-0.4518231312810866,0.8516129032258064,0.726927459172047,0.11815552792394109,1.0,calibrated,3.82
IL,combined,0.0,weak,301,0.0031944444444444446,0.027086025658923926,0.0,0.1,0.20484758739251974,0.16604035404604237,calibrated,3.82
IL,combined,0.0,weak,302,0.0019444444444444444,0.043493552997979974,0.07142857142857142,0.0,0.19843400416616172,0.16257605395425248,calibrated,3.82
IL,combined,0.0,weak,303,0.002916666666666667,0.09205338315885318,0.047619047619047616,0.1,0.20303815455100713,0.17100319226809668,calibrated,3.82
IL,combined,0.0,weak,304,0.0022222222222222222,0.086307619035534,0.0,0.0,0.19369381013450093,0.17432599468183618,calibrated,3.82
IL,combined,0.0,weak,305,0.002916666666666667,0.09528812544799582,0.047619047619047616,0.0,0.1999349427190952,0.17217872269575732,calibrated,3.82
IL,combined,0.0,weak,306,0.0033333333333333335,0.10666736494008887,0.041666666666666664,0.0,0.199833105234937,0.17494241710688022,calibrated,3.82
IL,combined,0.0,weak,307,0.0031944444444444446,0.06252843707126728,0.08695652173913043,0.0,0.1973182895434138,0.1784289962338596,calibrated,3.82
IL,combined,0.0,weak,308,0.003472222222222222,0.07481526654763104,0.16,0.043478260869565216,0.21792880985850857,0.16730389154338904,calibrated,3.82
IL,combined,0.5,weak,301,0.006944444444444444,0.01679534923497586,0.06,0.045454545454545456,0.16308118613535946,0.16705982587606016,calibrated,3.82
IL,combined,0.5,weak,302,0.004861111111111111,0.05895833330091325,0.2571428571428571,0.0,0.15781342045773117,0.15633692097802973,calibrated,3.82
IL,combined,0.5,weak,303,0.005416666666666667,0.0576779181784446,0.1282051282051282,0.075,0.1731865626857376,0.16008153117343799,calibrated,3.82
IL,combined,0.5,weak,304,0.005277777777777778,0.047444062806262094,0.05263157894736842,0.0,0.16475487608537626,0.16836249977525092,calibrated,3.82
IL,combined,0.5,weak,305,0.005833333333333334,0.05932438670425895,0.16666666666666666,0.07317073170731707,0.15643314688598356,0.16667365552998864,calibrated,3.82
IL,combined,0.5,weak,306,0.006944444444444444,0.0665142091315743,0.16,0.06382978723404255,0.1666802321913825,0.17796208696186866,calibrated,3.82
IL,combined,0.5,weak,307,0.006111111111111111,0.0476649454173854,0.13636363636363635,0.06521739130434782,0.15853440349212036,0.16316057310343124,calibrated,3.82
IL,combined,0.5,weak,308,0.006388888888888889,-0.0001508911141451205,0.08695652173913043,0.10416666666666667,0.17474777590722082,0.1664279177752879,calibrated,3.82
IL,combined,1.0,weak,301,0.013472222222222222,-0.008731168573987461,0.25773195876288657,0.10416666666666667,0.13536075578674972,0.1682780732177549,calibrated,3.82
IL,combined,1.0,weak,302,0.011944444444444445,0.0012378185141765777,0.20930232558139536,0.05952380952380952,0.12410865059070847,0.1580364527512717,calibrated,3.82
IL,combined,1.0,weak,303,0.012222222222222223,-0.017685566348903847,0.2727272727272727,0.1276595744680851,0.14204483377052066,0.16782899168179624,calibrated,3.82
IL,combined,1.0,weak,304,0.009722222222222222,0.034377001788750514,0.05714285714285714,0.0958904109589041,0.13530361936788712,0.169876588043792,calibrated,3.82
IL,combined,1.0,weak,305,0.013888888888888888,-0.012843817830069803,0.21,0.13333333333333333,0.13135775139832223,0.16862491339081284,calibrated,3.82
IL,combined,1.0,weak,306,0.010833333333333334,-0.005327977790176653,0.20512820512820512,0.0975609756097561,0.127351974950097,0.1690206115961236,calibrated,3.82
IL,combined,1.0,weak,307,0.014722222222222222,0.0007245103346102222,0.22641509433962265,0.16521739130434782,0.12073132450968409,0.15863000211817352,calibrated,3.82
IL,combined,1.0,weak,308,0.013194444444444444,-0.00033278875687958146,0.18947368421052632,0.13402061855670103,0.13542186382142443,0.16507402398525733,calibrated,3.82
IL,combined,1.5,weak,301,0.02361111111111111,-0.08110423150994221,0.4235294117647059,0.20526315789473684,0.11882440388777782,0.19060985479663078,calibrated,3.82
IL,combined,1.5,weak,302,0.025833333333333333,-0.08629550133745925,0.41397849462365593,0.1724137931034483,0.10738870317156807,0.20295611592601878,calibrated,3.82
IL,combined,1.5,weak,303,0.02263888888888889,-0.033050611202496444,0.32515337423312884,0.21808510638297873,0.12361922412629223,0.18244823871517724,calibrated,3.82
IL,combined,1.5,weak,304,0.021111111111111112,-0.04972224498650861,0.3815789473684211,0.2222222222222222,0.11510247318621508,0.1967830088946678,calibrated,3.82
IL,combined,1.5,weak,305,0.02347222222222222,-0.034514771661342904,0.3431952662721893,0.22277227722772278,0.12522004736920087,0.1829771223168697,calibrated,3.82
IL,combined,1.5,weak,306,0.01972222222222222,-0.05628179485922153,0.39436619718309857,0.2994652406417112,0.12182731122974434,0.18907949635758997,calibrated,3.82
IL,combined,1.5,weak,307,0.024722222222222222,-0.07139582615177806,0.43258426966292135,0.25925925925925924,0.11324898229748327,0.18913464294623553,calibrated,3.82
IL,combined,1.5,weak,308,0.020972222222222222,-0.029854847263817708,0.3576158940397351,0.27979274611398963,0.13078972982319118,0.16973757848850496,calibrated,3.82
IL,combined,2.0,weak,301,0.03972222222222222,-0.15016436584231307,0.5804195804195804,0.38221153846153844,0.12155193538466853,0.25438956564757964,calibrated,3.82
IL,combined,2.0,weak,302,0.03972222222222222,-0.15848413993203475,0.5699300699300699,0.3367088607594937,0.1088220651873092,0.27051278045967914,calibrated,3.82
IL,combined,2.0,weak,303,0.034166666666666665,-0.10572235831562996,0.4959349593495935,0.4405940594059406,0.11898236345058709,0.2277198752051627,calibrated,3.82
IL,combined,2.0,weak,304,0.03236111111111111,-0.08977118481104746,0.47639484978540775,0.3764367816091954,0.11216302888282166,0.22763106860660798,calibrated,3.82
IL,combined,2.0,weak,305,0.0375,-0.10051447577569589,0.562962962962963,0.3925,0.12866585465206345,0.23923076502427118,calibrated,3.82
IL,combined,2.0,weak,306,0.03125,-0.07966432554031319,0.48,0.4730077120822622,0.12506968281896355,0.21510835390318023,calibrated,3.82
IL,combined,2.0,weak,307,0.037083333333333336,-0.12895559370402493,0.5730337078651685,0.3626943005181347,0.11053854461998591,0.2454278070709941,calibrated,3.82
IL,combined,2.0,weak,308,0.035277777777777776,-0.12944463642839854,0.5669291338582677,0.3844086021505376,0.12129060948975823,0.23053517685472646,calibrated,3.82
IL,combined,2.5,weak,301,0.05722222222222222,-0.22329862266455633,0.7378640776699029,0.4596541786743516,0.1281836067546134,0.4124680954774116,calibrated,3.82
IL,combined,2.5,weak,302,0.058472222222222224,-0.2473833498845431,0.7292161520190024,0.45673758865248226,0.10869960590626726,0.4511330879536949,calibrated,3.82
IL,combined,2.5,weak,303,0.050833333333333335,-0.18780928912701308,0.6939890710382514,0.5172413793103449,0.11838458051178713,0.35188553972529185,calibrated,3.82
IL,combined,2.5,weak,304,0.05263888888888889,-0.177213545399534,0.7044854881266491,0.5092460881934566,0.125593796419,0.3624948674392885,calibrated,3.82
IL,combined,2.5,weak,305,0.058194444444444444,-0.22290530117326898,0.6921241050119332,0.4746922024623803,0.12171733926715907,0.4264826619497792,calibrated,3.82
IL,combined,2.5,weak,306,0.04819444444444444,-0.14951337613486154,0.6484149855907781,0.5549215406562055,0.12182080465726658,0.30572382373929124,calibrated,3.82
IL,combined,2.5,weak,307,0.05430555555555556,-0.20848995645771695,0.6854219948849105,0.4633781763826607,0.12334218712529864,0.39814515993286564,calibrated,3.82
IL,combined,2.5,weak,308,0.04986111111111111,-0.16770324116819807,0.6545961002785515,0.533715925394548,0.1206108628829533,0.32191096515338224,calibrated,3.82
IL,combined,3.0,weak,301,0.07652777777777778,-0.3213832583136166,0.8021778584392014,0.5457013574660633,0.12352213566623697,0.6570652337179003,calibrated,3.82
IL,combined,3.0,weak,302,0.07583333333333334,-0.33523966487672124,0.7912087912087912,0.5494211932324132,0.10799053030557991,0.6758993206259623,calibrated,3.82
IL,combined,3.0,weak,303,0.07263888888888889,-0.2913250395013312,0.7743785850860421,0.5914163090128756,0.12210831199656062,0.6047776968488274,calibrated,3.82
IL,combined,3.0,weak,304,0.07472222222222222,-0.27855161614106994,0.7434944237918215,0.5616071428571429,0.12329999353838812,0.6077176521765467,calibrated,3.82
IL,combined,3.0,weak,305,0.0751388888888889,-0.3140534088104391,0.7985212569316081,0.5463636363636364,0.12635420997802135,0.645606591479437,calibrated,3.82
IL,combined,3.0,weak,306,0.06513888888888889,-0.24294476224208708,0.7356076759061834,0.6352040816326531,0.12209232956253792,0.4980651693837878,calibrated,3.82
IL,combined,3.0,weak,307,0.07583333333333334,-0.3109764851622812,0.782051282051282,0.5523724261414503,0.11157365461388762,0.6353279482815428,calibrated,3.82
IL,combined,3.0,weak,308,0.06652777777777778,-0.2490349510747339,0.7515657620041754,0.6133567662565905,0.12156644507081014,0.48245192802428327,calibrated,3.82
IL,combined,3.5,weak,301,0.09194444444444444,-0.37248422358896105,0.8413897280966768,0.62,0.12094705945580415,0.8664581703063959,calibrated,3.82
IL,combined,3.5,weak,302,0.09111111111111111,-0.3921485986732957,0.8246951219512195,0.6044386422976501,0.10903328474791905,0.8962642616228073,calibrated,3.82
IL,combined,3.5,weak,303,0.08875,-0.3623507916726019,0.8247261345852895,0.6196911196911197,0.12170869600293148,0.8546448904560805,calibrated,3.82
IL,combined,3.5,weak,304,0.08986111111111111,-0.3566789051972369,0.8191653786707882,0.6327543424317618,0.11807677145483149,0.845576741374961,calibrated,3.82
IL,combined,3.5,weak,305,0.08986111111111111,-0.3704999646713073,0.848531684698609,0.6139564660691421,0.12014087573064486,0.8601926325469992,calibrated,3.82
IL,combined,3.5,weak,306,0.0875,-0.3515192551543589,0.8253968253968254,0.6525625744934446,0.11669155063778552,0.8386640980243656,calibrated,3.82
IL,combined,3.5,weak,307,0.08930555555555555,-0.3612249727087892,0.8180404354587869,0.6333126165320074,0.10703509582341038,0.8269237345719698,calibrated,3.82
IL,combined,3.5,weak,308,0.09152777777777778,-0.35842766404980947,0.8300455235204856,0.6348246674727932,0.12546864918930908,0.8517781154722527,calibrated,3.82
IL,combined,4.0,weak,301,0.09847222222222222,-0.4122424448475927,0.8533145275035261,0.6613236814891417,0.12699091894478606,0.9472828938074046,calibrated,3.82
IL,combined,4.0,weak,302,0.09652777777777778,-0.4161968280449209,0.8431654676258993,0.6484290357529794,0.1075462171169038,0.9602121242889503,calibrated,3.82
IL,combined,4.0,weak,303,0.0975,-0.4097257393167119,0.8831908831908832,0.6747352496217852,0.1253517006890292,0.9505944578489038,calibrated,3.82
IL,combined,4.0,weak,304,0.09791666666666667,-0.3852893564649069,0.8539007092198582,0.6712052445789208,0.1218128063274787,0.9605757843085883,calibrated,3.82
IL,combined,4.0,weak,305,0.09819444444444445,-0.41228411529934006,0.8698727015558698,0.6557291666666667,0.11903712057266586,0.9638737050103598,calibrated,3.82
IL,combined,4.0,weak,306,0.09791666666666667,-0.3860525453476536,0.8680851063829788,0.6977611940298507,0.11984854646097394,0.947433228962818,calibrated,3.82
IL,combined,4.0,weak,307,0.09958333333333333,-0.41816734847399467,0.8549511854951185,0.6630824372759857,0.11118618935822545,0.9474455882506179,calibrated,3.82
IL,combined,4.0,weak,308,0.09805555555555556,-0.410698067687488,0.8951841359773371,0.684971098265896,0.12209920799404063,0.9472723401797946,calibrated,3.82
IL,combined,5.0,weak,301,0.10611111111111111,-0.44156585763274275,0.8416230366492147,0.6975546975546976,0.12696094579235442,0.9800223713646532,calibrated,3.82
IL,combined,5.0,weak,302,0.10125,-0.4405808182306105,0.8463648834019204,0.7043590850237376,0.10389491772655007,0.9900194931773878,calibrated,3.82
IL,combined,5.0,weak,303,0.10444444444444445,-0.4382128455048456,0.8670212765957447,0.7144032921810699,0.1189881492297759,0.9933727810650889,calibrated,3.82
IL,combined,5.0,weak,304,0.10541666666666667,-0.43178253175662107,0.8774703557312253,0.7255360623781676,0.11831840207216315,0.9933333333333333,calibrated,3.82
IL,combined,5.0,weak,305,0.10361111111111111,-0.43212658820558236,0.8605898123324397,0.7194679564691656,0.11555955995055633,0.9900258397932816,calibrated,3.82
IL,combined,5.0,weak,306,0.10361111111111111,-0.4240707763853689,0.8726541554959786,0.7350133638793432,0.12046514886578717,0.9966666666666667,calibrated,3.82
IL,combined,5.0,weak,307,0.10611111111111111,-0.44863815278467495,0.8808900523560209,0.7074290484140233,0.1102549758025757,0.9933333333333333,calibrated,3.82
IL,combined,5.0,weak,308,0.10430555555555555,-0.43682095522492226,0.8748335552596538,0.7259142744789618,0.1187714236706442,0.9900248756218905,calibrated,3.82
IL,combined,6.0,weak,301,0.10916666666666666,-0.4666416872112532,0.8562340966921119,0.6964656964656964,0.12424367390200484,0.9966666666666667,calibrated,3.82
IL,combined,6.0,weak,302,0.10430555555555555,-0.45807717101478623,0.8561917443408789,0.7043441585828765,0.1104161758381545,0.9966666666666667,calibrated,3.82
IL,combined,6.0,weak,303,0.10694444444444444,-0.445242585285131,0.8636363636363636,0.7217054263565892,0.11958402845888838,0.9966666666666667,calibrated,3.82
IL,combined,6.0,weak,304,0.10680555555555556,-0.4541685063646335,0.8634590377113134,0.7113071371291099,0.11984361578577409,0.9934108527131783,calibrated,3.82
IL,combined,6.0,weak,305,0.10680555555555556,-0.45518644748742515,0.8543563068920677,0.7050538525269263,0.12013002843006204,1.0,calibrated,3.82
IL,combined,6.0,weak,306,0.1075,-0.43512206807824394,0.8953488372093024,0.7386990077177509,0.12769650822235343,1.0,calibrated,3.82
IL,combined,6.0,weak,307,0.10819444444444444,-0.4577958499211567,0.8818998716302953,0.711066398390342,0.10781505239213056,1.0,calibrated,3.82
IL,combined,6.0,weak,308,0.10833333333333334,-0.4501929970008331,0.8730769230769231,0.7249141549027089,0.1180013783376881,0.9966666666666667,calibrated,3.82
MA,combined,0.0,medium,301,0.0020833333333333333,0.079198245785492,0.0,0.06666666666666667,0.19719297018263462,0.16916681559039773,calibrated,3.82
MA,combined,0.0,medium,302,0.0025,0.08595695879741988,0.0,0.10526315789473684,0.20272166216965992,0.1672871892950777,calibrated,3.82
MA,combined,0.0,medium,303,0.0025,0.11297983569391586,0.0,0.19047619047619047,0.2011069010163213,0.18172436502925007,calibrated,3.82
MA,combined,0.0,medium,304,0.0030555555555555557,0.044685854524034445,0.13636363636363635,0.13043478260869565,0.19771352352181537,0.19109839232492842,calibrated,3.82
MA,combined,0.0,medium,305,0.003472222222222222,0.04493416757759027,0.0,0.08333333333333333,0.20242498422761354,0.1812447795637225,calibrated,3.82
MA,combined,0.0,medium,306,0.002777777777777778,0.05740120254153767,0.0,0.0,0.20167395194672236,0.181904615320813,calibrated,3.82
MA,combined,0.0,medium,307,0.003472222222222222,0.10323454344655454,0.08,0.24,0.2041299883691188,0.17849172385750423,calibrated,3.82
MA,combined,0.0,medium,308,0.0025,0.10457619824510303,0.0,0.0,0.20891418083143912,0.1791246992213705,calibrated,3.82
MA,combined,0.5,medium,301,0.006111111111111111,0.07119691420476554,0.09090909090909091,0.13636363636363635,0.15870060306215739,0.16638525468924173,calibrated,3.82
MA,combined,0.5,medium,302,0.0044444444444444444,0.05052190227159621,0.03125,0.14285714285714285,0.1666857028651663,0.16175270069078693,calibrated,3.82
MA,combined,0.5,medium,303,0.005833333333333334,0.09076663890556491,0.16666666666666666,0.11363636363636363,0.15416947895149624,0.1734298149236407,calibrated,3.82
MA,combined,0.5,medium,304,0.005416666666666667,0.03526249832250356,0.15384615384615385,0.28,0.17221634315741044,0.1756003578731484,calibrated,3.82
MA,combined,0.5,medium,305,0.004583333333333333,0.05483216130081009,0.21212121212121213,0.16666666666666666,0.16784806784806786,0.17349303534391003,calibrated,3.82
MA,combined,0.5,medium,306,0.006111111111111111,0.05757600543529892,0.11363636363636363,0.10204081632653061,0.16805994163284513,0.17557617140071805,calibrated,3.82
MA,combined,0.5,medium,307,0.004722222222222222,0.04939253582616915,0.11764705882352941,0.2558139534883721,0.16806351279276108,0.17263781152230118,calibrated,3.82
MA,combined,0.5,medium,308,0.004722222222222222,0.05122521571167822,0.058823529411764705,0.030303030303030304,0.16005930629221535,0.16728837224955845,calibrated,3.82
MA,combined,1.0,medium,301,0.011944444444444445,0.044325033906443975,0.22093023255813954,0.2571428571428571,0.12045967531402048,0.168739862491336,calibrated,3.82
MA,combined,1.0,medium,302,0.011527777777777777,-0.0011653185285287774,0.25301204819277107,0.23,0.13422667376517736,0.16219586831596758,calibrated,3.82
MA,combined,1.0,medium,303,0.010555555555555556,0.032857049977465254,0.2894736842105263,0.32673267326732675,0.1279878211110308,0.17232361992009132,calibrated,3.82
MA,combined,1.0,medium,304,0.011111111111111112,0.017775781402901293,0.1875,0.25742574257425743,0.1296428805103686,0.17560011822177568,calibrated,3.82
MA,combined,1.0,medium,305,0.011527777777777777,0.02340669657498279,0.20481927710843373,0.26666666666666666,0.12991131990516677,0.17155892501556033,calibrated,3.82
MA,combined,1.0,medium,306,0.011527777777777777,0.011598714279823905,0.1927710843373494,0.30973451327433627,0.1381828157662946,0.16851047846459452,calibrated,3.82
MA,combined,1.0,medium,307,0.010416666666666666,0.04025984370661517,0.2,0.37735849056603776,0.12975374024445005,0.16518038511625505,calibrated,3.82
MA,combined,1.0,medium,308,0.013194444444444444,0.023168554590259075,0.29473684210526313,0.22727272727272727,0.1372140362864993,0.16560175785571085,calibrated,3.82
MA,combined,1.5,medium,301,0.020416666666666666,-0.051400553138486654,0.40816326530612246,0.3888888888888889,0.1043756351459707,0.170271214532219,calibrated,3.82
MA,combined,1.5,medium,302,0.017638888888888888,-0.021895505753228666,0.30708661417322836,0.45622119815668205,0.12074859115231364,0.16623327847521444,calibrated,3.82
MA,combined,1.5,medium,303,0.014861111111111111,-0.0008813195199549657,0.308411214953271,0.5330188679245284,0.10554186759663318,0.1679938846045217,calibrated,3.82
MA,combined,1.5,medium,304,0.01638888888888889,-0.0052415001212075905,0.2966101694915254,0.45454545454545453,0.12222945099107539,0.16742765110400568,calibrated,3.82
MA,combined,1.5,medium,305,0.016944444444444446,0.0035880467949368226,0.3360655737704918,0.49528301886792453,0.127343178937046,0.16716256466679502,calibrated,3.82
MA,combined,1.5,medium,306,0.020555555555555556,-0.0393073799083646,0.43243243243243246,0.39555555555555555,0.1196217659182605,0.18750166436869142,calibrated,3.82
MA,combined,1.5,medium,307,0.014166666666666666,-0.009391600733323093,0.3235294117647059,0.5204081632653061,0.12422923887277032,0.17028046372676464,calibrated,3.82
MA,combined,1.5,medium,308,0.020972222222222222,-0.03188228210632714,0.5033112582781457,0.2648648648648649,0.14113514292812893,0.1668873225110761,calibrated,3.82
MA,combined,2.0,medium,301,0.030833333333333334,-0.06843309896781609,0.4144144144144144,0.5273159144893111,0.10017626679168819,0.20662891298673938,calibrated,3.82
MA,combined,2.0,medium,302,0.03013888888888889,-0.09207388082978964,0.5944700460829493,0.5630434782608695,0.10986603133705837,0.2006656934527335,calibrated,3.82
MA,combined,2.0,medium,303,0.0225,-0.03187460654477262,0.4506172839506173,0.6612529002320185,0.10789160114003671,0.17715586892540428,calibrated,3.82
MA,combined,2.0,medium,304,0.025138888888888888,-0.03412424475299429,0.5193370165745856,0.6121495327102804,0.11592144639028201,0.1801503893484849,calibrated,3.82
MA,combined,2.0,medium,305,0.026805555555555555,-0.052356993792959286,0.47150259067357514,0.5935334872979214,0.12745414211740075,0.19453263569682677,calibrated,3.82
MA,combined,2.0,medium,306,0.028333333333333332,-0.06502808168995546,0.5294117647058824,0.5443349753694581,0.12114321514059219,0.20698963245024427,calibrated,3.82
MA,combined,2.0,medium,307,0.02263888888888889,-0.025116400019873676,0.50920245398773,0.6513317191283293,0.11599238708392018,0.1716337411517223,calibrated,3.82
MA,combined,2.0,medium,308,0.028888888888888888,-0.059598265448969734,0.5,0.5581947743467933,0.12134891982841099,0.19263305145650486,calibrated,3.82
MA,combined,2.5,medium,301,0.04513888888888889,-0.15561302879484257,0.5815384615384616,0.6313193588162762,0.10507259551974747,0.2903607183968678,calibrated,3.82
MA,combined,2.5,medium,302,0.0425,-0.14348071950061306,0.6111111111111112,0.6523388116308471,0.11974466768524582,0.2790658026951489,calibrated,3.82
MA,combined,2.5,medium,303,0.029861111111111113,-0.05670645664551101,0.4790697674418605,0.7399219765929779,0.10532929450944852,0.20167287327386785,calibrated,3.82
MA,combined,2.5,medium,304,0.03833333333333333,-0.10125462463065069,0.6014492753623188,0.6589986468200271,0.11984591402370626,0.23972970545210334,calibrated,3.82
MA,combined,2.5,medium,305,0.04069444444444444,-0.12437922620583451,0.6450511945392492,0.6804245283018868,0.12648634711093762,0.25199386307712773,calibrated,3.82
MA,combined,2.5,medium,306,0.042777777777777776,-0.13010757898360426,0.6396103896103896,0.6317880794701987,0.12842239797998356,0.27531492452915546,calibrated,3.82
MA,combined,2.5,medium,307,0.03319444444444444,-0.06019037821758522,0.5397489539748954,0.7284263959390863,0.11901235002058817,0.2012275465704174,calibrated,3.82
MA,combined,2.5,medium,308,0.04055555555555555,-0.11292717724201608,0.6164383561643836,0.6469816272965879,0.12496443534068709,0.2445154589912245,calibrated,3.82
MA,combined,3.0,medium,301,0.0575,-0.18372281745475547,0.6811594202898551,0.714177407126611,0.09698541400976486,0.3691619338455857,calibrated,3.82
MA,combined,3.0,medium,302,0.06416666666666666,-0.2495776438784561,0.7683982683982684,0.7067879636109167,0.11932823053891427,0.5054336925139472,calibrated,3.82
MA,combined,3.0,medium,303,0.04666666666666667,-0.12101327074189969,0.6517857142857143,0.7803979366249079,0.0975529638544625,0.28213012821185707,calibrated,3.82
MA,combined,3.0,medium,304,0.05638888888888889,-0.1750720153328133,0.6970443349753694,0.7226386806596702,0.10860948621840172,0.3675455403914194,calibrated,3.82
MA,combined,3.0,medium,305,0.051111111111111114,-0.16041889135340237,0.7092391304347826,0.753698224852071,0.13101953391893092,0.32676222954306855,calibrated,3.82
MA,combined,3.0,medium,306,0.057777777777777775,-0.19639673721446715,0.7139423076923077,0.7079579579579579,0.1181938613632759,0.42593430784559344,calibrated,3.82
MA,combined,3.0,medium,307,0.04875,-0.13682516766724176,0.6723646723646723,0.7643072289156626,0.10870749325148976,0.30187323115981535,calibrated,3.82
MA,combined,3.0,medium,308,0.059444444444444446,-0.19265149590610925,0.7476635514018691,0.6973886328725039,0.12069287026743179,0.415083674349834,calibrated,3.82
MA,combined,3.5,medium,301,0.08555555555555555,-0.3260401992105033,0.8262987012987013,0.7135601828339259,0.1089046447842243,0.7449392750911277,calibrated,3.82
MA,combined,3.5,medium,302,0.08361111111111111,-0.3264323219370719,0.8322259136212624,0.7260069617105918,0.11471691426698204,0.7997252041840646,calibrated,3.82
MA,combined,3.5,medium,303,0.06458333333333334,-0.2001054471285659,0.7784946236559139,0.7893946973486743,0.10589427388096329,0.47357328666735365,calibrated,3.82
MA,combined,3.5,medium,304,0.07763888888888888,-0.2740153281371199,0.7960644007155635,0.7321052631578947,0.11632929123490114,0.6230007970297089,calibrated,3.82
MA,combined,3.5,medium,305,0.07305555555555555,-0.2570896635443972,0.7718631178707225,0.758893280632411,0.1277357532896909,0.5870820797784881,calibrated,3.82
MA,combined,3.5,medium,306,0.08013888888888888,-0.2965489140967572,0.7954939341421143,0.7189473684210527,0.1212434594164724,0.7163358433701809,calibrated,3.82
MA,combined,3.5,medium,307,0.058472222222222224,-0.164044440088275,0.7030878859857482,0.8051881993896236,0.10644463149884222,0.36894846810322474,calibrated,3.82
MA,combined,3.5,medium,308,0.07805555555555556,-0.2902957722993961,0.8042704626334519,0.734746639089969,0.12170501277599843,0.6573855440812446,calibrated,3.82
MA,combined,4.0,medium,301,0.09638888888888889,-0.3801164854862703,0.8342939481268011,0.7374233128834355,0.10509092494465795,0.9540091621001301,calibrated,3.82
MA,combined,4.0,medium,302,0.09444444444444444,-0.36588940953404003,0.861764705882353,0.7504958349861166,0.10867221180085113,0.9571780442678051,calibrated,3.82
MA,combined,4.0,medium,303,0.08638888888888889,-0.31464107360087235,0.8279742765273312,0.7869955156950673,0.11029565077502691,0.8144381740259907,calibrated,3.82
MA,combined,4.0,medium,304,0.09694444444444444,-0.35942567685629345,0.8653295128939829,0.7445284520493434,0.11585062512861725,0.9345908818053321,calibrated,3.82
MA,combined,4.0,medium,305,0.0948611111111111,-0.34420293156384196,0.8521229868228404,0.7566510172143975,0.1298460911397811,0.8939995527570257,calibrated,3.82
MA,combined,4.0,medium,306,0.09333333333333334,-0.3447879956767244,0.8214285714285714,0.7532518722901064,0.12195092335694689,0.9222553969398382,calibrated,3.82
MA,combined,4.0,medium,307,0.07666666666666666,-0.25155682785004985,0.8079710144927537,0.8179496534111638,0.10714497973787214,0.5867132608236938,calibrated,3.82
MA,combined,4.0,medium,308,0.09569444444444444,-0.3722664260605138,0.8534107402031931,0.7345911949685534,0.12173345472729753,0.9280783001794236,calibrated,3.82
MA,combined,5.0,medium,301,0.10597222222222222,-0.4118094937356386,0.8754914809960681,0.7561567811307666,0.1013956985092188,0.9966666666666667,calibrated,3.82
MA,combined,5.0,medium,302,0.09944444444444445,-0.3997903342291358,0.8505586592178771,0.7733288089582626,0.1162310036413302,0.9966666666666667,calibrated,3.82
MA,combined,5.0,medium,303,0.09972222222222223,-0.37458031500026057,0.8857938718662952,0.8095100864553314,0.11441336244488902,0.9966666666666667,calibrated,3.82
MA,combined,5.0,medium,304,0.10541666666666667,-0.4065152622289961,0.8774703557312253,0.7687188019966722,0.11405420873193683,0.99,calibrated,3.82
MA,combined,5.0,medium,305,0.1025,-0.4013947491365169,0.8712737127371274,0.7763893456099967,0.12443579893948599,0.99,calibrated,3.82
MA,combined,5.0,medium,306,0.10277777777777777,-0.40391589195202326,0.8729729729729729,0.7620534165799514,0.1257079046179195,1.0,calibrated,3.82
MA,combined,5.0,medium,307,0.10194444444444445,-0.3767185258139887,0.8787465940054496,0.8012459210916641,0.11745952081430677,0.9966666666666667,calibrated,3.82
MA,combined,5.0,medium,308,0.10333333333333333,-0.4206271545248921,0.8655913978494624,0.7549124687388353,0.11764338147451703,0.990060975609756,calibrated,3.82
MA,combined,6.0,medium,301,0.10833333333333334,-0.42331470139460287,0.8525641025641025,0.7601194426011945,0.10841542638710176,1.0,calibrated,3.82
MA,combined,6.0,medium,302,0.10347222222222222,-0.4169978631022873,0.8630872483221477,0.7723550605961349,0.10965860048373512,1.0,calibrated,3.82
MA,combined,6.0,medium,303,0.10319444444444445,-0.3927504256358913,0.8721399730820996,0.8042057402671213,0.10902848706190828,0.9966666666666667,calibrated,3.82
MA,combined,6.0,medium,304,0.10833333333333334,-0.42177495735153403,0.8782051282051282,0.7708533077660594,0.12175211567189194,1.0,calibrated,3.82
MA,combined,6.0,medium,305,0.10652777777777778,-0.41100314261098364,0.8709256844850065,0.7737715379706446,0.12194390566884884,1.0,calibrated,3.82
MA,combined,6.0,medium,306,0.10597222222222222,-0.4187236031462361,0.8859764089121888,0.7630872483221477,0.12073958662701119,1.0,calibrated,3.82
MA,combined,6.0,medium,307,0.10680555555555556,-0.4113375041441199,0.8842652795838751,0.7929528246942341,0.11126133179625135,1.0,calibrated,3.82
MA,combined,6.0,medium,308,0.1076388888888889,-0.42729906321386923,0.8580645161290322,0.7628590514362057,0.12128100337390847,0.9933333333333333,calibrated,3.82
MA,combined,0.0,strong,301,0.002638888888888889,0.0777289960657583,0.0,0.1,0.21969484826100874,0.18681771337425807,calibrated,3.82
MA,combined,0.0,strong,302,0.0018055555555555555,0.048375314588398825,0.0,0.0,0.2146241813915537,0.18075274504061634,calibrated,3.82
MA,combined,0.0,strong,303,0.0020833333333333333,0.0979143842653878,0.0,0.2777777777777778,0.19377738203202596,0.18750345838462606,calibrated,3.82
MA,combined,0.0,strong,304,0.0033333333333333335,0.11787459025006493,0.041666666666666664,0.13043478260869565,0.20241119174942704,0.19911849430303932,calibrated,3.82
MA,combined,0.0,strong,305,0.002638888888888889,0.06038862855255132,0.05263157894736842,0.05263157894736842,0.20692647853245327,0.1926119148213138,calibrated,3.82
MA,combined,0.0,strong,306,0.0019444444444444444,0.058049491495137065,0.0,0.0,0.2071858836208569,0.19315136278738096,calibrated,3.82
MA,combined,0.0,strong,307,0.002638888888888889,0.0807034252085866,0.15789473684210525,0.28,0.21486413492655923,0.18215217419158664,calibrated,3.82
MA,combined,0.0,strong,308,0.002777777777777778,0.045808967210326075,0.15,0.05263157894736842,0.20066538573791645,0.18828158774945739,calibrated,3.82
MA,combined,0.5,strong,301,0.006388888888888889,0.016687007903438158,0.21739130434782608,0.07142857142857142,0.1573385441855006,0.17485340901130514,calibrated,3.82
MA,combined,0.5,strong,302,0.005416666666666667,0.030286907262966085,0.07692307692307693,0.0,0.1666183198509439,0.17546032163928155,calibrated,3.82
MA,combined,0.5,strong,303,0.006805555555555555,0.03364607721863625,0.1836734693877551,0.18,0.15681861923971493,0.1827942975051626,calibrated,3.82
MA,combined,0.5,strong,304,0.005694444444444445,0.03825659113624816,0.12195121951219512,0.14634146341463414,0.16168459697871462,0.1913939567942218,calibrated,3.82
MA,combined,0.5,strong,305,0.005833333333333334,0.039241365794096365,0.14285714285714285,0.3275862068965517,0.15712612208664575,0.1755920712268404,calibrated,3.82
MA,combined,0.5,strong,306,0.006111111111111111,0.06404459584252115,0.1590909090909091,0.1702127659574468,0.15659057823382425,0.1879747456487083,calibrated,3.82
MA,combined,0.5,strong,307,0.0059722222222222225,0.06983435323576619,0.13953488372093023,0.28846153846153844,0.16001598473866266,0.17342775574384178,calibrated,3.82
MA,combined,0.5,strong,308,0.007361111111111111,0.03492410948555279,0.20754716981132076,0.09433962264150944,0.1627150462474158,0.1761904797526853,calibrated,3.82
MA,combined,1.0,strong,301,0.012222222222222223,0.00597530827722797,0.23863636363636365,0.3162393162393162,0.12174234541052621,0.17227890926903508,calibrated,3.82
MA,combined,1.0,strong,302,0.011666666666666667,-0.0027346995242334368,0.35714285714285715,0.2761904761904762,0.13657198239793497,0.16476997119860254,calibrated,3.82
MA,combined,1.0,strong,303,0.0077777777777777776,0.055715439825471884,0.125,0.42391304347826086,0.12027204836925816,0.1731162216955602,calibrated,3.82
MA,combined,1.0,strong,304,0.010138888888888888,0.005647441594538895,0.1643835616438356,0.3125,0.12924274578287465,0.18480447857452478,calibrated,3.82
MA,combined,1.0,strong,305,0.011111111111111112,0.006029681509476579,0.25,0.2897196261682243,0.1346333993776231,0.1701438727689413,calibrated,3.82
MA,combined,1.0,strong,306,0.012083333333333333,0.011385452239103025,0.1839080459770115,0.2545454545454545,0.1199047352613372,0.18628207309652728,calibrated,3.82
MA,combined,1.0,strong,307,0.011111111111111112,0.025571474263387205,0.2,0.36936936936936937,0.12466430682478759,0.17124670126379057,calibrated,3.82
MA,combined,1.0,strong,308,0.011944444444444445,0.014040728281542035,0.19767441860465115,0.2,0.14431617312564357,0.17497067205206657,calibrated,3.82
MA,combined,1.5,strong,301,0.02013888888888889,-0.05605764839332382,0.4068965517241379,0.5018315018315018,0.11005402060964808,0.1774982781627336,calibrated,3.82
MA,combined,1.5,strong,302,0.02277777777777778,-0.06348104183693358,0.4268292682926829,0.42412451361867703,0.11735004144657403,0.1854854106802274,calibrated,3.82
MA,combined,1.5,strong,303,0.015833333333333335,-0.013748427153090995,0.38596491228070173,0.4950980392156863,0.10391858616268716,0.1761307020279609,calibrated,3.82
MA,combined,1.5,strong,304,0.016527777777777777,0.016896687037534098,0.2605042016806723,0.42487046632124353,0.11675822077941078,0.17371456688274775,calibrated,3.82
MA,combined,1.5,strong,305,0.017083333333333332,0.007528650004857747,0.23577235772357724,0.5176991150442478,0.1328919137118311,0.1863907710729835,calibrated,3.82
MA,combined,1.5,strong,306,0.020833333333333332,-0.011030219743572649,0.42,0.39555555555555555,0.12010047292954999,0.19212978338583467,calibrated,3.82
MA,combined,1.5,strong,307,0.017222222222222222,0.004173619582923665,0.43548387096774194,0.5068493150684932,0.11370175530290742,0.16734939038041208,calibrated,3.82
MA,combined,1.5,strong,308,0.021527777777777778,-0.03259231066192226,0.4645161290322581,0.39565217391304347,0.12906598487918156,0.17988156577003475,calibrated,3.82
MA,combined,2.0,strong,301,0.029305555555555557,-0.0811400599762388,0.4928909952606635,0.5887265135699373,0.10901150661152859,0.22013370090822182,calibrated,3.82
MA,combined,2.0,strong,302,0.0325,-0.09091569376594222,0.5598290598290598,0.5787321063394683,0.11904422684540611,0.22036883748994526,calibrated,3.82
MA,combined,2.0,strong,303,0.0225,-0.03250445562168169,0.4691358024691358,0.6573426573426573,0.09507016771307349,0.18875170378430667,calibrated,3.82
MA,combined,2.0,strong,304,0.02486111111111111,-0.05055567755223195,0.45251396648044695,0.6573875802997858,0.10642438128882231,0.1927359817744901,calibrated,3.82
MA,combined,2.0,strong,305,0.02722222222222222,-0.05791032379098899,0.4642857142857143,0.6409185803757829,0.12927059822126882,0.1939981180559766,calibrated,3.82
MA,combined,2.0,strong,306,0.029583333333333333,-0.06958133700696209,0.5915492957746479,0.5938144329896907,0.11461322640003761,0.21003845347146366,calibrated,3.82
MA,combined,2.0,strong,307,0.020555555555555556,-0.03567044462766456,0.47297297297297297,0.6641975308641975,0.11827543312848159,0.18731938190299338,calibrated,3.82
MA,combined,2.0,strong,308,0.03138888888888889,-0.08043780368775345,0.5752212389380531,0.5648351648351648,0.13114971857265326,0.20856083763153335,calibrated,3.82
MA,combined,2.5,strong,301,0.04791666666666667,-0.15614785912434062,0.6753623188405797,0.6719242902208202,0.09750286288424342,0.3042167674995951,calibrated,3.82
MA,combined,2.5,strong,302,0.0425,-0.15167774741881723,0.673202614379085,0.6917127071823205,0.11093184693524204,0.2923130234618523,calibrated,3.82
MA,combined,2.5,strong,303,0.034305555555555554,-0.08255487115165916,0.631578947368421,0.7220125786163522,0.1099769369160758,0.23486595861785522,calibrated,3.82
MA,combined,2.5,strong,304,0.03986111111111111,-0.1121710371189822,0.6236933797909407,0.6947743467933492,0.11936658774500053,0.23571735142895076,calibrated,3.82
MA,combined,2.5,strong,305,0.03888888888888889,-0.11869428897010868,0.6107142857142858,0.7168539325842697,0.12161476936790093,0.26241194738014345,calibrated,3.82
MA,combined,2.5,strong,306,0.043472222222222225,-0.1423001688147314,0.6805111821086262,0.6819708846584547,0.13047627393861563,0.28176164063843356,calibrated,3.82
MA,combined,2.5,strong,307,0.034166666666666665,-0.08591497329018649,0.6097560975609756,0.732934131736527,0.1168510668286704,0.22045167373845337,calibrated,3.82
MA,combined,2.5,strong,308,0.0425,-0.13893085068346092,0.6666666666666666,0.6674641148325359,0.12431705144118145,0.2779176801651989,calibrated,3.82
MA,combined,3.0,strong,301,0.058472222222222224,-0.17563574891110317,0.7268408551068883,0.7438292194796531,0.10338802978763835,0.38552299376205607,calibrated,3.82
MA,combined,3.0,strong,302,0.06263888888888888,-0.2381961466014502,0.7893569844789357,0.737620578778135,0.11855836327893181,0.49786333543619454,calibrated,3.82
MA,combined,3.0,strong,303,0.044444444444444446,-0.11726664261769448,0.596875,0.7998619737750172,0.10559375687120824,0.271497099674565,calibrated,3.82
MA,combined,3.0,strong,304,0.05736111111111111,-0.18513279863554766,0.7215496368038741,0.746,0.1124551995326244,0.3793625201577041,calibrated,3.82
MA,combined,3.0,strong,305,0.05347222222222222,-0.16535111167405983,0.6597402597402597,0.757190635451505,0.13317584451278475,0.35401969929718796,calibrated,3.82
MA,combined,3.0,strong,306,0.059305555555555556,-0.20477136323392958,0.7096018735362998,0.7406166219839142,0.1251577374721444,0.4346965866757473,calibrated,3.82
MA,combined,3.0,strong,307,0.04736111111111111,-0.132157821632735,0.6891495601173021,0.7959866220735786,0.11401021701419685,0.28899074265822217,calibrated,3.82
MA,combined,3.0,strong,308,0.06430555555555556,-0.23607518880995187,0.7580993520518359,0.710580204778157,0.12078669622813897,0.487593097810359,calibrated,3.82
MA,combined,3.5,strong,301,0.08666666666666667,-0.31627296969655916,0.8381410256410257,0.7295238095238096,0.10266104570645168,0.7807155296264673,calibrated,3.82
MA,combined,3.5,strong,302,0.08402777777777778,-0.32012483799474994,0.828099173553719,0.7467889908256881,0.11458061334765766,0.8034452738133033,calibrated,3.82
MA,combined,3.5,strong,303,0.06513888888888889,-0.21907087504265585,0.7782515991471215,0.805618486633439,0.10900383883803334,0.4926235382428691,calibrated,3.82
MA,combined,3.5,strong,304,0.07527777777777778,-0.24691628041471925,0.7878228782287823,0.7711121365943701,0.12012216131930449,0.5942291319841148,calibrated,3.82
MA,combined,3.5,strong,305,0.0798611111111111,-0.29609511371914937,0.84,0.7479867361440076,0.12821638975835728,0.7021726384603573,calibrated,3.82
MA,combined,3.5,strong,306,0.08375,-0.307376398884124,0.8424543946932007,0.7344660194174757,0.12892032555271832,0.7546815927836511,calibrated,3.82
MA,combined,3.5,strong,307,0.06277777777777778,-0.19403870321115618,0.75,0.815,0.10783844323805751,0.4507856690759329,calibrated,3.82
MA,combined,3.5,strong,308,0.08472222222222223,-0.3181070986554843,0.8442622950819673,0.7311251826595226,0.11848155400149707,0.7240150081821688,calibrated,3.82
MA,combined,4.0,strong,301,0.09875,-0.3769154015412773,0.8677918424753868,0.7411167512690355,0.1074047401924376,0.9800694444444443,calibrated,3.82
MA,combined,4.0,strong,302,0.09472222222222222,-0.37423967148508425,0.8401759530791789,0.7631970260223049,0.11583621202977118,0.9833528265107213,calibrated,3.82
MA,combined,4.0,strong,303,0.0825,-0.30178564002924135,0.8114478114478114,0.8046678635547576,0.1092033787554587,0.7721358442007822,calibrated,3.82
MA,combined,4.0,strong,304,0.09569444444444444,-0.34341316122794574,0.8519593613933236,0.7572741194486983,0.1142653221443264,0.918920919870069,calibrated,3.82
MA,combined,4.0,strong,305,0.09638888888888889,-0.35790777823370223,0.8559077809798271,0.7609351432880844,0.131218728983122,0.9378264787336971,calibrated,3.82
MA,combined,4.0,strong,306,0.0973611111111111,-0.3665926085329942,0.8815977175463623,0.7509607993850884,0.12299578384219774,0.976808275862069,calibrated,3.82
MA,combined,4.0,strong,307,0.08263888888888889,-0.273178733577553,0.7983193277310925,0.8047908473364319,0.11320693763916805,0.6984434060592023,calibrated,3.82
MA,combined,4.0,strong,308,0.09958333333333333,-0.3881707386200773,0.8591352859135286,0.7378171566653242,0.11675628283599754,0.990060975609756,calibrated,3.82
MA,combined,5.0,strong,301,0.10527777777777778,-0.41153398669056385,0.8812664907651715,0.7536738978306508,0.10774574100948682,1.0,calibrated,3.82
MA,combined,5.0,strong,302,0.10111111111111111,-0.40648352868995313,0.8914835164835165,0.7813211845102506,0.11085654438768072,0.9933333333333333,calibrated,3.82
MA,combined,5.0,strong,303,0.09805555555555556,-0.3684965285302974,0.8640226628895185,0.8104046242774566,0.10429187409288337,0.99,calibrated,3.82
MA,combined,5.0,strong,304,0.10388888888888889,-0.4045564817754859,0.8636363636363636,0.7744778067885117,0.11555911162590311,0.9966666666666667,calibrated,3.82
MA,combined,5.0,strong,305,0.10347222222222222,-0.40364011241210845,0.8926174496644296,0.7800127713920817,0.12446490607738643,1.0,calibrated,3.82
MA,combined,5.0,strong,306,0.10291666666666667,-0.4018511272812863,0.8798920377867746,0.7674339878131348,0.11998070788682187,1.0,calibrated,3.82
MA,combined,5.0,strong,307,0.1025,-0.39024103040844144,0.8726287262872628,0.798314268512944,0.11473519155120987,0.9966666666666667,calibrated,3.82
MA,combined,5.0,strong,308,0.10430555555555555,-0.40951993759001676,0.877496671105193,0.7663299663299663,0.12055193709641106,0.9966666666666667,calibrated,3.82
MA,combined,6.0,strong,301,0.10916666666666666,-0.4237012025124778,0.861323155216285,0.7572815533980582,0.10714022578928338,1.0,calibrated,3.82
MA,combined,6.0,strong,302,0.10458333333333333,-0.4275123627466137,0.8764940239043825,0.774652440995797,0.10861423914994206,1.0,calibrated,3.82
MA,combined,6.0,strong,303,0.10402777777777777,-0.39325134992618405,0.8811748998664887,0.801894918173988,0.11189290632192478,1.0,calibrated,3.82
MA,combined,6.0,strong,304,0.10958333333333334,-0.42406818947906283,0.8884664131812421,0.7685686962065668,0.11561664648663877,1.0,calibrated,3.82
MA,combined,6.0,strong,305,0.10708333333333334,-0.41664121696331147,0.8793774319066148,0.7726403061224489,0.1249521021809955,1.0,calibrated,3.82
MA,combined,6.0,strong,306,0.10652777777777778,-0.41910992394911656,0.8813559322033898,0.7701743060038735,0.1204468764600171,0.9966666666666667,calibrated,3.82
MA,combined,6.0,strong,307,0.10722222222222222,-0.40480037391870194,0.8911917098445595,0.7969381860196418,0.11319647132778458,1.0,calibrated,3.82
MA,combined,6.0,strong,308,0.10861111111111112,-0.42184571310853297,0.8593350383631714,0.7604373757455268,0.11376804863104735,1.0,calibrated,3.82
MA,combined,0.0,weak,301,0.002638888888888889,0.11845878375535061,0.10526315789473684,0.11764705882352941,0.1997785314989616,0.16604035404604237,calibrated,3.82
MA,combined,0.0,weak,302,0.0033333333333333335,0.08168266990895505,0.0,0.08695652173913043,0.20095304446550846,0.16257605395425248,calibrated,3.82
MA,combined,0.0,weak,303,0.002916666666666667,0.09312605513142905,0.0,0.05555555555555555,0.1990952960907322,0.17100319226809668,calibrated,3.82
MA,combined,0.0,weak,304,0.0033333333333333335,0.07512993788089066,0.041666666666666664,0.16,0.204299218099819,0.17432599468183618,calibrated,3.82
MA,combined,0.0,weak,305,0.0018055555555555555,0.10680750375562188,0.0,0.23529411764705882,0.20593879834732243,0.17217872269575732,calibrated,3.82
MA,combined,0.0,weak,306,0.0030555555555555557,0.07388543175165778,0.0,0.047619047619047616,0.20511618894939332,0.17494241710688022,calibrated,3.82
MA,combined,0.0,weak,307,0.0020833333333333333,0.1114820512958312,0.06666666666666667,0.16666666666666666,0.20893103527542886,0.1784289962338596,calibrated,3.82
MA,combined,0.0,weak,308,0.0022222222222222222,0.07150810138250517,0.0,0.11764705882352941,0.2006490663030911,0.16730389154338904,calibrated,3.82
MA,combined,0.5,weak,301,0.007083333333333333,0.08256032419198324,0.1568627450980392,0.14,0.1579144066095796,0.1671374959195632,calibrated,3.82
MA,combined,0.5,weak,302,0.005416666666666667,0.059320436093445984,0.10256410256410256,0.14285714285714285,0.1595576104558107,0.15995666100608014,calibrated,3.82
MA,combined,0.5,weak,303,0.004166666666666667,0.026482545555638885,0.03333333333333333,0.2,0.15719536582363233,0.16587598442859103,calibrated,3.82
MA,combined,0.5,weak,304,0.0059722222222222225,0.061498047881966986,0.09302325581395349,0.1956521739130435,0.15892979863736847,0.16676875583879872,calibrated,3.82
MA,combined,0.5,weak,305,0.0043055555555555555,0.09504724443054773,0.12903225806451613,0.16129032258064516,0.16019714177608912,0.1671974997872519,calibrated,3.82
MA,combined,0.5,weak,306,0.007222222222222222,0.06461086561554058,0.1346153846153846,0.11764705882352941,0.16309732911791372,0.16182542901032373,calibrated,3.82
MA,combined,0.5,weak,307,0.004722222222222222,0.0762358321448869,0.029411764705882353,0.18421052631578946,0.1644892740458249,0.16106391812163665,calibrated,3.82
MA,combined,0.5,weak,308,0.006388888888888889,0.0689357632485196,0.2608695652173913,0.09090909090909091,0.1626859298804362,0.16177075127753537,calibrated,3.82
MA,combined,1.0,weak,301,0.011666666666666667,0.013611516876528664,0.2619047619047619,0.21649484536082475,0.12565996908845492,0.15396845932090808,calibrated,3.82
MA,combined,1.0,weak,302,0.010416666666666666,0.02406242686549691,0.18666666666666668,0.21505376344086022,0.1330102288070949,0.15359541821541892,calibrated,3.82
MA,combined,1.0,weak,303,0.01,0.06560879471500619,0.2638888888888889,0.35353535353535354,0.12867839448028126,0.1560721448675041,calibrated,3.82
MA,combined,1.0,weak,304,0.011111111111111112,0.019824992548252134,0.225,0.24489795918367346,0.11745858010565759,0.16375159185020538,calibrated,3.82
MA,combined,1.0,weak,305,0.009444444444444445,0.028594065503859185,0.25,0.3225806451612903,0.13302964037907206,0.16416090041074083,calibrated,3.82
MA,combined,1.0,weak,306,0.010138888888888888,0.04566961206930535,0.1780821917808219,0.3020833333333333,0.13700048107952031,0.17179781591544885,calibrated,3.82
MA,combined,1.0,weak,307,0.010416666666666666,0.06616805290494614,0.16,0.3465346534653465,0.1324706422185076,0.15255651842387968,calibrated,3.82
MA,combined,1.0,weak,308,0.011805555555555555,-0.00424317626159755,0.3176470588235294,0.2222222222222222,0.14082044345824332,0.1614326783610544,calibrated,3.82
MA,combined,1.5,weak,301,0.020277777777777777,-0.01781084095923259,0.4246575342465753,0.375,0.1173124868320299,0.16700483734863097,calibrated,3.82
MA,combined,1.5,weak,302,0.017083333333333332,-0.0025507325854790654,0.2845528455284553,0.44607843137254904,0.11888828358591753,0.15992246590184803,calibrated,3.82
MA,combined,1.5,weak,303,0.014444444444444444,0.028420146563957607,0.28846153846153844,0.49473684210526314,0.10981495965884815,0.1691055087594315,calibrated,3.82
MA,combined,1.5,weak,304,0.017638888888888888,0.008381838299358586,0.33858267716535434,0.4577114427860697,0.11050366795758447,0.16537590557892337,calibrated,3.82
MA,combined,1.5,weak,305,0.01638888888888889,0.012258585296983619,0.4152542372881356,0.3710691823899371,0.13746582339466049,0.16056251539004487,calibrated,3.82
MA,combined,1.5,weak,306,0.01861111111111111,-0.024722386087770398,0.417910447761194,0.3473684210526316,0.11791848369062724,0.1738785632756115,calibrated,3.82
MA,combined,1.5,weak,307,0.013888888888888888,0.021000055934214005,0.23,0.4723926380368098,0.1320713218161479,0.1569417237140016,calibrated,3.82
MA,combined,1.5,weak,308,0.01875,-0.039559885681611937,0.32592592592592595,0.3131868131868132,0.14105111063497358,0.17577481560214855,calibrated,3.82
MA,combined,2.0,weak,301,0.02847222222222222,-0.062128265215470435,0.5121951219512195,0.5199004975124378,0.10669227106086497,0.19653711417271785,calibrated,3.82
MA,combined,2.0,weak,302,0.027916666666666666,-0.07940800735621918,0.4577114427860697,0.574468085106383,0.11307328742004301,0.19662321286346512,calibrated,3.82
MA,combined,2.0,weak,303,0.02125,-0.004480968976421966,0.42483660130718953,0.6351706036745407,0.09687197204239889,0.1759813899782145,calibrated,3.82
MA,combined,2.0,weak,304,0.02347222222222222,-0.00959078806826145,0.39644970414201186,0.5822102425876011,0.1075301770997228,0.17200713104611987,calibrated,3.82
MA,combined,2.0,weak,305,0.02638888888888889,-0.03295243310431109,0.4789473684210526,0.5345744680851063,0.11922437460325352,0.18723227978225102,calibrated,3.82
MA,combined,2.0,weak,306,0.027916666666666666,-0.040292959267533714,0.4577114427860697,0.5041551246537396,0.11517697163031149,0.1966478640708641,calibrated,3.82
MA,combined,2.0,weak,307,0.02388888888888889,-0.006803823768985175,0.47674418604651164,0.6234413965087282,0.11501022847545105,0.17268136929371541,calibrated,3.82
MA,combined,2.0,weak,308,0.025972222222222223,-0.019448261246740026,0.40641711229946526,0.48955223880597015,0.12814623185130303,0.1916333851241574,calibrated,3.82
MA,combined,2.5,weak,301,0.04,-0.11281113222443803,0.5625,0.620979020979021,0.11412885537302914,0.25981970345717487,calibrated,3.82
MA,combined,2.5,weak,302,0.03888888888888889,-0.12625596620172017,0.6392857142857142,0.6396648044692738,0.11596717030762287,0.24902717032239888,calibrated,3.82
MA,combined,2.5,weak,303,0.030416666666666668,-0.04932990550938407,0.4748858447488584,0.7144886363636364,0.09244057281863116,0.20563520308227762,calibrated,3.82
MA,combined,2.5,weak,304,0.04097222222222222,-0.11816912502615484,0.6203389830508474,0.6345108695652174,0.1099161870263678,0.2440676859989571,calibrated,3.82
MA,combined,2.5,weak,305,0.03666666666666667,-0.08449794587996476,0.5568181818181818,0.6643550624133149,0.12037098939076248,0.2227334168029885,calibrated,3.82
MA,combined,2.5,weak,306,0.03958333333333333,-0.1119944863079626,0.6105263157894737,0.6280400572246065,0.12059941924900885,0.24593998714920454,calibrated,3.82
MA,combined,2.5,weak,307,0.029027777777777777,-0.039406560651147296,0.5023923444976076,0.7280453257790368,0.11413955541907424,0.18923490564906578,calibrated,3.82
MA,combined,2.5,weak,308,0.0425,-0.12739976470330572,0.6143790849673203,0.5863095238095238,0.12927389091870034,0.26388062922353633,calibrated,3.82
MA,combined,3.0,weak,301,0.06166666666666667,-0.19622067187040418,0.7252252252252253,0.6669414674361088,0.10012752899577602,0.4159570838515075,calibrated,3.82
MA,combined,3.0,weak,302,0.055,-0.1893141420786733,0.6666666666666666,0.7053571428571429,0.11901388757092092,0.3952871825034797,calibrated,3.82
MA,combined,3.0,weak,303,0.043611111111111114,-0.12235663556268363,0.6178343949044586,0.7706122448979592,0.10946760880978651,0.2805529005274492,calibrated,3.82
MA,combined,3.0,weak,304,0.05541666666666667,-0.16195617613577834,0.6766917293233082,0.7174780526735834,0.12429330817962124,0.3369724709475052,calibrated,3.82
MA,combined,3.0,weak,305,0.05347222222222222,-0.1501041849411758,0.7012987012987013,0.7079124579124579,0.12091259825225571,0.3469758245874611,calibrated,3.82
MA,combined,3.0,weak,306,0.05722222222222222,-0.19550752939308014,0.6966019417475728,0.6859504132231405,0.12404388036360238,0.4036326125587225,calibrated,3.82
MA,combined,3.0,weak,307,0.041527777777777775,-0.09009118060781605,0.6120401337792643,0.7804681194511703,0.11234386464284835,0.24603268833018974,calibrated,3.82
MA,combined,3.0,weak,308,0.06,-0.20292025950480141,0.7615740740740741,0.6472172351885098,0.12723570828076394,0.4193842947563089,calibrated,3.82
MA,combined,3.5,weak,301,0.07958333333333334,-0.2866272653535809,0.8132635253054101,0.7010135135135135,0.09965633515274541,0.6499420231744509,calibrated,3.82
MA,combined,3.5,weak,302,0.0775,-0.2980494398312117,0.8297491039426523,0.7207009857612268,0.10721977348977872,0.7122252272984032,calibrated,3.82
MA,combined,3.5,weak,303,0.05652777777777778,-0.15671567562284322,0.7100737100737101,0.7917364600781687,0.10365586168631996,0.3941533499275902,calibrated,3.82
MA,combined,3.5,weak,304,0.07444444444444444,-0.2510723763952334,0.8078358208955224,0.7290858725761773,0.12182754843513367,0.5709867773239025,calibrated,3.82
MA,combined,3.5,weak,305,0.07125,-0.23838768415616615,0.7816764132553606,0.7436464088397791,0.1303698036948332,0.5299910227049348,calibrated,3.82
MA,combined,3.5,weak,306,0.07722222222222222,-0.270572615140084,0.7823741007194245,0.7090395480225988,0.12554841386870472,0.6385239107979508,calibrated,3.82
MA,combined,3.5,weak,307,0.060833333333333336,-0.18394691803085067,0.7488584474885844,0.7866018368449487,0.10751912798666181,0.4115179050984037,calibrated,3.82
MA,combined,3.5,weak,308,0.07597222222222222,-0.26214918074597693,0.793418647166362,0.7058823529411765,0.11196594751675998,0.6109971732592093,calibrated,3.82
MA,combined,4.0,weak,301,0.09597222222222222,-0.36573734774035754,0.8610709117221418,0.7184855233853007,0.10117375540710209,0.9035832685413828,calibrated,3.82
MA,combined,4.0,weak,302,0.0926388888888889,-0.36863003268791983,0.8320839580209896,0.7308855291576674,0.11709105482198745,0.9314143483352065,calibrated,3.82
MA,combined,4.0,weak,303,0.08611111111111111,-0.3065120287078229,0.8080645161290323,0.7738572574178028,0.11417905205495044,0.805380897749631,calibrated,3.82
MA,combined,4.0,weak,304,0.09166666666666666,-0.3257275696808365,0.85,0.7445193929173693,0.11296287598128986,0.8381907901664064,calibrated,3.82
MA,combined,4.0,weak,305,0.0926388888888889,-0.3522682214271715,0.8320839580209896,0.7399658411614005,0.1282209324056516,0.8716453431984412,calibrated,3.82
MA,combined,4.0,weak,306,0.09361111111111112,-0.3609883560222288,0.8635014836795252,0.7331037451571244,0.1191554093969621,0.9223916743792605,calibrated,3.82
MA,combined,4.0,weak,307,0.07541666666666667,-0.23996925226091428,0.8066298342541437,0.8060701616081987,0.1100089272454808,0.5592756455443048,calibrated,3.82
MA,combined,4.0,weak,308,0.09430555555555556,-0.35530584175351204,0.8394698085419735,0.7087017217310377,0.1152039411806073,0.8960731821300214,calibrated,3.82
MA,combined,5.0,weak,301,0.10416666666666667,-0.4184033310495363,0.88,0.7478165938864629,0.10633911587694576,0.99,calibrated,3.82
MA,combined,5.0,weak,302,0.09972222222222223,-0.39767411929237645,0.8690807799442897,0.7724207687120701,0.11127310107227499,0.99,calibrated,3.82
MA,combined,5.0,weak,303,0.09930555555555555,-0.35338437864194877,0.8531468531468531,0.8090699017908723,0.10645057942483356,0.9900469483568076,calibrated,3.82
MA,combined,5.0,weak,304,0.10555555555555556,-0.4119143947071462,0.8973684210526316,0.7619047619047619,0.119226624572656,0.9933333333333333,calibrated,3.82
MA,combined,5.0,weak,305,0.10347222222222222,-0.39805193400740324,0.87248322147651,0.7737154150197628,0.12271430014087097,0.9966666666666667,calibrated,3.82
MA,combined,5.0,weak,306,0.10305555555555555,-0.4093887000636151,0.8921832884097035,0.7621866295264624,0.11798274600022614,0.9867261904761906,calibrated,3.82
MA,combined,5.0,weak,307,0.10305555555555555,-0.3913673441043479,0.8706199460916442,0.7881144990665837,0.10640946192363603,0.9866893424036282,calibrated,3.82
MA,combined,5.0,weak,308,0.1063888888888889,-0.402125086595793,0.881201044386423,0.7621972023200273,0.12128606292726851,0.9800650362644607,calibrated,3.82
MA,combined,6.0,weak,301,0.10791666666666666,-0.4321397680495674,0.8584298584298584,0.7487838776928423,0.10398982861695677,0.9966666666666667,calibrated,3.82
MA,combined,6.0,weak,302,0.10486111111111111,-0.41785490171771117,0.871523178807947,0.773511226814188,0.10561009973560508,0.9966666666666667,calibrated,3.82
MA,combined,6.0,weak,303,0.10263888888888889,-0.3971586287611127,0.8849797023004059,0.8047673098751419,0.10888835722056196,1.0,calibrated,3.82
MA,combined,6.0,weak,304,0.10791666666666666,-0.4106924308856171,0.8751608751608752,0.7709801409352979,0.12044748313894577,0.9933333333333333,calibrated,3.82
MA,combined,6.0,weak,305,0.10597222222222222,-0.4114699873095908,0.8807339449541285,0.7763739734680986,0.12506860168812625,0.9966666666666667,calibrated,3.82
MA,combined,6.0,weak,306,0.10652777777777778,-0.4202016384411464,0.8865710560625815,0.7698826597131682,0.12192856946475522,0.99,calibrated,3.82
MA,combined,6.0,weak,307,0.10708333333333334,-0.41172778883438593,0.8910505836575876,0.7931135103589145,0.10891647110004628,1.0,calibrated,3.82
MA,combined,6.0,weak,308,0.10722222222222222,-0.4191021468942201,0.8626943005181347,0.7601476014760148,0.11745813704999834,0.9966666666666667,calibrated,3.82
NC,combined,0.0,medium,301,0.002916666666666667,0.038155942695552295,0.0,0.0,0.21405939728495404,0.16916681559039773,calibrated,3.82
NC,combined,0.0,medium,302,0.00375,0.0004927735951283482,0.1111111111111111,0.08333333333333333,0.20073163912763528,0.1672871892950777,calibrated,3.82
NC,combined,0.0,medium,303,0.003611111111111111,0.0812088809057954,0.038461538461538464,0.0,0.1975862950047733,0.18172436502925007,calibrated,3.82
NC,combined,0.0,medium,304,0.002777777777777778,0.10217179237435395,0.0,0.0,0.19886648020331418,0.19109839232492842,calibrated,3.82
NC,combined,0.0,medium,305,0.004027777777777778,0.04627932096538424,0.06896551724137931,0.037037037037037035,0.2012948625348726,0.1812447795637225,calibrated,3.82
NC,combined,0.0,medium,306,0.002916666666666667,0.08783437776956159,0.14285714285714285,0.0,0.19658932897730405,0.181904615320813,calibrated,3.82
NC,combined,0.0,medium,307,0.0025,0.07449405309210705,0.05555555555555555,0.05263157894736842,0.19733023440182007,0.17849172385750423,calibrated,3.82
NC,combined,0.0,medium,308,0.003611111111111111,0.07601292704638332,0.0,0.0,0.19933287913164074,0.1791246992213705,calibrated,3.82
NC,combined,0.5,medium,301,0.00875,0.046321447379285466,0.06349206349206349,0.1016949152542373,0.16446365399686702,0.16274480029380692,calibrated,3.82
NC,combined,0.5,medium,302,0.0059722222222222225,0.049609523854234006,0.16279069767441862,0.0,0.1609117820371496,0.16119269965006824,calibrated,3.82
NC,combined,0.5,medium,303,0.006944444444444444,0.047087876892758146,0.16,0.021739130434782608,0.15408313212612215,0.16826672165586867,calibrated,3.82
NC,combined,0.5,medium,304,0.0059722222222222225,0.04575737498594496,0.06976744186046512,0.0,0.15857077111785103,0.17013591661874297,calibrated,3.82
NC,combined,0.5,medium,305,0.0077777777777777776,0.03703388835853274,0.14285714285714285,0.03773584905660377,0.15696741462659722,0.18446839526045225,calibrated,3.82
NC,combined,0.5,medium,306,0.006805555555555555,0.05395975313261942,0.061224489795918366,0.022222222222222223,0.16054856814770058,0.17577058227079556,calibrated,3.82
NC,combined,0.5,medium,307,0.007361111111111111,0.04592008644876966,0.07547169811320754,0.057692307692307696,0.15194147771143504,0.17206449512194485,calibrated,3.82
NC,combined,0.5,medium,308,0.007083333333333333,0.019395943904743175,0.13725490196078433,0.020833333333333332,0.15779246145582065,0.16996842906747034,calibrated,3.82
NC,combined,1.0,medium,301,0.016527777777777777,-0.026895084222960032,0.3949579831932773,0.0967741935483871,0.12924344486506759,0.1675774748837093,calibrated,3.82
NC,combined,1.0,medium,302,0.016666666666666666,-0.03671996754244578,0.35,0.11290322580645161,0.12676434370711193,0.1728593811083537,calibrated,3.82
NC,combined,1.0,medium,303,0.015694444444444445,-0.005072554555466496,0.24778761061946902,0.1322314049586777,0.12050882387559303,0.17436834709322313,calibrated,3.82
NC,combined,1.0,medium,304,0.013194444444444444,-0.017920074813014893,0.3473684210526316,0.07291666666666667,0.12412660131164703,0.18130411504704574,calibrated,3.82
NC,combined,1.0,medium,305,0.015277777777777777,0.005100199316117988,0.34545454545454546,0.18018018018018017,0.12708475255630405,0.16814307841999593,calibrated,3.82
NC,combined,1.0,medium,306,0.015416666666666667,-0.008593254570086676,0.25225225225225223,0.019417475728155338,0.12499979286070527,0.17598364081788043,calibrated,3.82
NC,combined,1.0,medium,307,0.01611111111111111,-0.004587737832939671,0.3879310344827586,0.15966386554621848,0.12277729316791741,0.1679259468765995,calibrated,3.82
NC,combined,1.0,medium,308,0.014027777777777778,-0.018660968522746804,0.31683168316831684,0.07216494845360824,0.13086070981332157,0.16163555641859542,calibrated,3.82
NC,combined,1.5,medium,301,0.02625,-0.06581730001946985,0.41798941798941797,0.2874493927125506,0.12057756860536999,0.19621935027820167,calibrated,3.82
NC,combined,1.5,medium,302,0.025555555555555557,-0.07832979876896413,0.41847826086956524,0.21777777777777776,0.12001541704189805,0.20500518669120052,calibrated,3.82
NC,combined,1.5,medium,303,0.028055555555555556,-0.04973952487604289,0.46534653465346537,0.20851063829787234,0.11330466029242466,0.19012670773189982,calibrated,3.82
NC,combined,1.5,medium,304,0.02736111111111111,-0.06477192287831388,0.467005076142132,0.2217391304347826,0.12040918882003455,0.19709954454776335,calibrated,3.82
NC,combined,1.5,medium,305,0.027916666666666666,-0.07145394362052189,0.5074626865671642,0.2489451476793249,0.12474330817322467,0.21397167308538967,calibrated,3.82
NC,combined,1.5,medium,306,0.03166666666666667,-0.10507419533551249,0.5482456140350878,0.1506276150627615,0.11613148513717435,0.2192543445306845,calibrated,3.82
NC,combined,1.5,medium,307,0.029444444444444443,-0.06699307633919017,0.4716981132075472,0.2396694214876033,0.10852736136676067,0.19860817513147808,calibrated,3.82
NC,combined,1.5,medium,308,0.030972222222222224,-0.0836223747765369,0.57847533632287,0.2178988326848249,0.11118877975972204,0.20721394912124103,calibrated,3.82
NC,combined,2.0,medium,301,0.045,-0.1568336057635684,0.6419753086419753,0.35974304068522484,0.10528387862052137,0.30066645276137755,calibrated,3.82
NC,combined,2.0,medium,302,0.04736111111111111,-0.17680734392590453,0.6099706744868035,0.3445378151260504,0.12221054513640654,0.35113718411666034,calibrated,3.82
NC,combined,2.0,medium,303,0.04569444444444445,-0.15833500226523917,0.6382978723404256,0.37731958762886597,0.1153077854401448,0.30531582040354094,calibrated,3.82
NC,combined,2.0,medium,304,0.04416666666666667,-0.143433237105764,0.6194968553459119,0.3834745762711864,0.1071663461826069,0.2931214449927205,calibrated,3.82
NC,combined,2.0,medium,305,0.042777777777777776,-0.14003222150498398,0.6818181818181818,0.4089935760171306,0.12239307198766473,0.280048143440852,calibrated,3.82
NC,combined,2.0,medium,306,0.04722222222222222,-0.1663202062160869,0.611764705882353,0.32608695652173914,0.10931004327917193,0.30987805510182603,calibrated,3.82
NC,combined,2.0,medium,307,0.04375,-0.15369558458793361,0.6793650793650794,0.40842105263157896,0.11210032257103623,0.28131369141515694,calibrated,3.82
NC,combined,2.0,medium,308,0.04083333333333333,-0.15568360634810943,0.6054421768707483,0.3789954337899543,0.11265866820008257,0.27161398648531787,calibrated,3.82
NC,combined,2.5,medium,301,0.06569444444444444,-0.24174008369665465,0.7758985200845666,0.5253863134657837,0.11138831535289363,0.473841108288901,calibrated,3.82
NC,combined,2.5,medium,302,0.0648611111111111,-0.26755720301949554,0.7837259100642399,0.49823321554770317,0.11817694402968616,0.5195288565740688,calibrated,3.82
NC,combined,2.5,medium,303,0.06347222222222222,-0.2367653807733821,0.7986870897155361,0.5197674418604651,0.11420592143263862,0.4536721448082604,calibrated,3.82
NC,combined,2.5,medium,304,0.06291666666666666,-0.21688265523796027,0.7748344370860927,0.5261324041811847,0.12142493684411054,0.4540483101435251,calibrated,3.82
NC,combined,2.5,medium,305,0.06152777777777778,-0.21596127322101064,0.7381489841986456,0.552423900789177,0.12113431468119241,0.44094841181091804,calibrated,3.82
NC,combined,2.5,medium,306,0.07055555555555555,-0.2793528746920862,0.7834645669291339,0.45,0.11265064440186018,0.577913850878036,calibrated,3.82
NC,combined,2.5,medium,307,0.06194444444444445,-0.2205133135323192,0.7309417040358744,0.5487122060470325,0.11343721107362825,0.4314615854238541,calibrated,3.82
NC,combined,2.5,medium,308,0.06,-0.21965757069184275,0.6990740740740741,0.5283474065138721,0.11890604941239459,0.4154004234529357,calibrated,3.82
NC,combined,3.0,medium,301,0.08444444444444445,-0.3329109617521769,0.8305921052631579,0.5676088617265088,0.11618504736414285,0.7563064814644052,calibrated,3.82
NC,combined,3.0,medium,302,0.08416666666666667,-0.3437957551781932,0.8399339933993399,0.5941818181818181,0.11342513520159181,0.8073244488085363,calibrated,3.82
NC,combined,3.0,medium,303,0.08791666666666667,-0.3511573581995648,0.8515007898894155,0.581041968162084,0.10672358949298215,0.8301197756461265,calibrated,3.82
NC,combined,3.0,medium,304,0.08819444444444445,-0.3275924202260932,0.8283464566929134,0.5665680473372781,0.12013693415866727,0.8215124443759227,calibrated,3.82
NC,combined,3.0,medium,305,0.08319444444444445,-0.3112645139133686,0.8330550918196995,0.5857359635811836,0.11941452452569962,0.735915804258348,calibrated,3.82
NC,combined,3.0,medium,306,0.09055555555555556,-0.35798521143547485,0.848159509202454,0.5448963929393706,0.12163406811124398,0.8575353562507348,calibrated,3.82
NC,combined,3.0,medium,307,0.08652777777777777,-0.3249803265474123,0.8105939004815409,0.589481373265157,0.10528165376420656,0.7624641312891579,calibrated,3.82
NC,combined,3.0,medium,308,0.08444444444444445,-0.3276570133974518,0.8273026315789473,0.571319018404908,0.11184933521607503,0.7378112501335986,calibrated,3.82
NC,combined,3.5,medium,301,0.09805555555555556,-0.3952245405150871,0.8512747875354107,0.6215277777777778,0.1052579634257562,0.9571765760339584,calibrated,3.82
NC,combined,3.5,medium,302,0.09166666666666666,-0.38163797087475615,0.8348484848484848,0.6637314254265272,0.1177772728542188,0.9570477431633213,calibrated,3.82
NC,combined,3.5,medium,303,0.09833333333333333,-0.40130954819154313,0.8601694915254238,0.6332586786114222,0.10945853690223258,0.9411328602218743,calibrated,3.82
NC,combined,3.5,medium,304,0.09694444444444444,-0.39326597671653374,0.8538681948424068,0.6425792106725959,0.12043532976441057,0.9577000517682861,calibrated,3.82
NC,combined,3.5,medium,305,0.09430555555555556,-0.3808569399868126,0.8689248895434463,0.6522222222222223,0.11200061185753213,0.9344681175894028,calibrated,3.82
NC,combined,3.5,medium,306,0.09902777777777778,-0.4163478881132341,0.8863955119214586,0.621342512908778,0.1190075345159921,0.9670104040404041,calibrated,3.82
NC,combined,3.5,medium,307,0.0975,-0.39600564992395076,0.8746438746438746,0.6231714452896431,0.11269718014396879,0.9349600406719025,calibrated,3.82
NC,combined,3.5,medium,308,0.0961111111111111,-0.3857064515904044,0.8627167630057804,0.6434540389972145,0.10459262961866066,0.9348045642679746,calibrated,3.82
NC,combined,4.0,medium,301,0.10263888888888889,-0.4070257380864177,0.8741542625169147,0.6775878442545109,0.10518117749467919,0.9701522414945233,calibrated,3.82
NC,combined,4.0,medium,302,0.09722222222222222,-0.41067166475523803,0.8885714285714286,0.6907265774378585,0.11294979646203433,0.9933333333333332,calibrated,3.82
NC,combined,4.0,medium,303,0.10152777777777777,-0.419960797096791,0.8686730506155951,0.6812206572769953,0.11098663200811613,0.9833333333333333,calibrated,3.82
NC,combined,4.0,medium,304,0.10305555555555555,-0.4204628726403077,0.8908355795148248,0.6782690498588899,0.11311738153505414,0.9867152961980549,calibrated,3.82
NC,combined,4.0,medium,305,0.10111111111111111,-0.38046155023999295,0.8695054945054945,0.6994584837545126,0.11726219902139608,0.967005056764915,calibrated,3.82
NC,combined,4.0,medium,306,0.10305555555555555,-0.42206030104758646,0.889487870619946,0.6702025072324012,0.12343715629705815,0.9934090909090908,calibrated,3.82
NC,combined,4.0,medium,307,0.10194444444444445,-0.4083918950537374,0.8583106267029973,0.6931097008159565,0.11788564128534723,0.9734255151335898,calibrated,3.82
NC,combined,4.0,medium,308,0.10305555555555555,-0.40993741231605635,0.8652291105121294,0.6824512534818942,0.10784796328856748,0.983358208955224,calibrated,3.82
NC,combined,5.0,medium,301,0.10708333333333334,-0.4370479025680022,0.8651102464332037,0.7171156893819335,0.11665239553272184,1.0,calibrated,3.82
NC,combined,5.0,medium,302,0.10180555555555555,-0.43181051472988913,0.859481582537517,0.734472049689441,0.11488085244014297,0.9966666666666667,calibrated,3.82
NC,combined,5.0,medium,303,0.10555555555555556,-0.4395294872489431,0.8763157894736842,0.7207100591715976,0.11121836933487413,0.99,calibrated,3.82
NC,combined,5.0,medium,304,0.10680555555555556,-0.44031269283170726,0.8673602080624188,0.7181314330958036,0.11784177997012733,1.0,calibrated,3.82
NC,combined,5.0,medium,305,0.10444444444444445,-0.42129824892877177,0.8603723404255319,0.7315462315462316,0.11636829826356869,0.9966666666666667,calibrated,3.82
NC,combined,5.0,medium,306,0.10597222222222222,-0.43941064928506285,0.8715596330275229,0.7106242248863167,0.11905438631279193,0.9966666666666667,calibrated,3.82
NC,combined,5.0,medium,307,0.10791666666666666,-0.4386790689075169,0.8931788931788932,0.7320286036883703,0.11665053668667051,0.9933333333333333,calibrated,3.82
NC,combined,5.0,medium,308,0.10861111111111112,-0.42774801439312277,0.870843989769821,0.7340504451038575,0.10673723070795078,0.9966666666666667,calibrated,3.82
NC,combined,6.0,medium,301,0.11166666666666666,-0.45593909002978167,0.8606965174129353,0.7191858273652469,0.11240020925640375,1.0,calibrated,3.82
NC,combined,6.0,medium,302,0.10402777777777777,-0.43281858980717247,0.87716955941255,0.7399253731343284,0.11732573902087183,0.9966666666666665,calibrated,3.82
NC,combined,6.0,medium,303,0.10930555555555556,-0.44769143299033937,0.8500635324015248,0.7153996101364523,0.11424202537377944,1.0,calibrated,3.82
NC,combined,6.0,medium,304,0.11,-0.4463336032988489,0.8522727272727273,0.7214176829268293,0.11656104311675501,0.9966666666666667,calibrated,3.82
NC,combined,6.0,medium,305,0.10625,-0.43271421752247563,0.8666666666666667,0.7402645113886848,0.11619367019526576,0.9900392156862745,calibrated,3.82
NC,combined,6.0,medium,306,0.1075,-0.4510460523805886,0.8733850129198967,0.7143423137876387,0.11518416364751137,0.9966666666666667,calibrated,3.82
NC,combined,6.0,medium,307,0.10875,-0.4501780254406227,0.8684546615581098,0.7247811191473164,0.11151942164617364,0.9966666666666667,calibrated,3.82
NC,combined,6.0,medium,308,0.10972222222222222,-0.44274608313861474,0.859493670886076,0.7316893632683107,0.11041403161569967,1.0,calibrated,3.82
NC,combined,0.0,strong,301,0.0043055555555555555,0.043381362569260715,0.0,0.0,0.2037279048681299,0.18681771337425807,calibrated,3.82
NC,combined,0.0,strong,302,0.0038888888888888888,0.05133001694614634,0.03571428571428571,0.1,0.20146963917768232,0.18075274504061634,calibrated,3.82
NC,combined,0.0,strong,303,0.002361111111111111,0.10094873798097348,0.058823529411764705,0.0,0.20407049104798067,0.18750345838462606,calibrated,3.82
NC,combined,0.0,strong,304,0.0022222222222222222,0.08786041394215993,0.125,0.0,0.2112266940994886,0.19911849430303932,calibrated,3.82
NC,combined,0.0,strong,305,0.005277777777777778,0.04967035290410238,0.15789473684210525,0.02857142857142857,0.19948377467727316,0.1926119148213138,calibrated,3.82
NC,combined,0.0,strong,306,0.0043055555555555555,0.03681394377048043,0.2903225806451613,0.034482758620689655,0.20276427276252032,0.19315136278738096,calibrated,3.82
NC,combined,0.0,strong,307,0.004166666666666667,0.08390085979191966,0.03333333333333333,0.038461538461538464,0.19926898240071114,0.18215217419158664,calibrated,3.82
NC,combined,0.0,strong,308,0.002916666666666667,0.11235442826673327,0.047619047619047616,0.045454545454545456,0.20129240444642924,0.18828158774945739,calibrated,3.82
NC,combined,0.5,strong,301,0.004861111111111111,0.05894455148572517,0.08571428571428572,0.02857142857142857,0.15302853935127841,0.18809407042463372,calibrated,3.82
NC,combined,0.5,strong,302,0.006944444444444444,0.011240041949655239,0.22,0.0,0.15428269029673944,0.17218731352700753,calibrated,3.82
NC,combined,0.5,strong,303,0.006527777777777778,0.0614170346431149,0.0851063829787234,0.0425531914893617,0.15388801819304398,0.17386238856027736,calibrated,3.82
NC,combined,0.5,strong,304,0.006388888888888889,0.02064441619023657,0.17391304347826086,0.10869565217391304,0.15722376012188427,0.1873158466223671,calibrated,3.82
NC,combined,0.5,strong,305,0.008472222222222223,0.01731854718594549,0.16393442622950818,0.034482758620689655,0.15958859577038106,0.18596021189430825,calibrated,3.82
NC,combined,0.5,strong,306,0.006666666666666667,0.02533500138905562,0.08333333333333333,0.0,0.1564868274251308,0.20002388895471956,calibrated,3.82
NC,combined,0.5,strong,307,0.009305555555555555,0.06908820894428296,0.11940298507462686,0.017241379310344827,0.1567327053843249,0.1780951041735869,calibrated,3.82
NC,combined,0.5,strong,308,0.0077777777777777776,0.026087607376509513,0.25,0.1016949152542373,0.16043992047019293,0.1809313290778186,calibrated,3.82
NC,combined,1.0,strong,301,0.015277777777777777,-0.015102828729591854,0.32727272727272727,0.15789473684210525,0.1290871765891518,0.18479019535837293,calibrated,3.82
NC,combined,1.0,strong,302,0.018055555555555554,-0.034326619201468504,0.36923076923076925,0.10526315789473684,0.12728161831360527,0.17538407250013444,calibrated,3.82
NC,combined,1.0,strong,303,0.01375,-0.00978304268506248,0.2222222222222222,0.07,0.11708482035078771,0.17570711698485908,calibrated,3.82
NC,combined,1.0,strong,304,0.01625,-0.036751855790407253,0.3504273504273504,0.13114754098360656,0.12205718592511582,0.1846340974440029,calibrated,3.82
NC,combined,1.0,strong,305,0.014166666666666666,-0.003053061166222335,0.2647058823529412,0.08,0.13490409870226427,0.17661994163876343,calibrated,3.82
NC,combined,1.0,strong,306,0.01638888888888889,-0.044383928381412925,0.2966101694915254,0.09836065573770492,0.13722219826363097,0.1930389943126952,calibrated,3.82
NC,combined,1.0,strong,307,0.015,-0.011378775825920139,0.3148148148148148,0.09433962264150944,0.12439169648638983,0.17110410594206305,calibrated,3.82
NC,combined,1.0,strong,308,0.017222222222222222,-0.01404588973446356,0.3790322580645161,0.08403361344537816,0.1288419304548978,0.1697570214570442,calibrated,3.82
NC,combined,1.5,strong,301,0.027916666666666666,-0.09029962806327288,0.5024875621890548,0.3103448275862069,0.11582165661175643,0.21042195246739864,calibrated,3.82
NC,combined,1.5,strong,302,0.03180555555555555,-0.12688763747955814,0.5545851528384279,0.2526690391459075,0.1172688425307906,0.23569657719010687,calibrated,3.82
NC,combined,1.5,strong,303,0.03236111111111111,-0.10454585408139354,0.5150214592274678,0.25539568345323743,0.10742214033401626,0.21796009300289104,calibrated,3.82
NC,combined,1.5,strong,304,0.026944444444444444,-0.08630753344073164,0.4329896907216495,0.23651452282157676,0.12035357288825699,0.2071516285623863,calibrated,3.82
NC,combined,1.5,strong,305,0.029305555555555557,-0.06692050636958372,0.5023696682464455,0.25396825396825395,0.12215052502038666,0.21169748997533477,calibrated,3.82
NC,combined,1.5,strong,306,0.03125,-0.11634828927118611,0.5244444444444445,0.2608695652173913,0.1209377212075707,0.23230758897931905,calibrated,3.82
NC,combined,1.5,strong,307,0.03333333333333333,-0.11700033751507191,0.6083333333333333,0.2773972602739726,0.11190277837188571,0.22193021766189078,calibrated,3.82
NC,combined,1.5,strong,308,0.030694444444444444,-0.09448131976574634,0.4751131221719457,0.3047945205479452,0.12188431263255872,0.22278479240261737,calibrated,3.82
NC,combined,2.0,strong,301,0.04527777777777778,-0.15443669895395193,0.647239263803681,0.49409780775716694,0.10838245229009362,0.28998872157145356,calibrated,3.82
NC,combined,2.0,strong,302,0.050555555555555555,-0.21388473165007524,0.739010989010989,0.439469320066335,0.11856673336872325,0.40130490015143183,calibrated,3.82
NC,combined,2.0,strong,303,0.04791666666666667,-0.17765749736772804,0.6869565217391305,0.4456140350877193,0.11192633799409864,0.3249785626187627,calibrated,3.82
NC,combined,2.0,strong,304,0.045,-0.15127984678413642,0.6450617283950617,0.46536412078152756,0.11674312733932472,0.28901044269965964,calibrated,3.82
NC,combined,2.0,strong,305,0.043194444444444445,-0.1348618154468948,0.6591639871382636,0.42973523421588594,0.12314788442519968,0.28424243007198424,calibrated,3.82
NC,combined,2.0,strong,306,0.05277777777777778,-0.19547647195024373,0.6789473684210526,0.4077834179357022,0.1206277867579439,0.3618688381734313,calibrated,3.82
NC,combined,2.0,strong,307,0.04833333333333333,-0.1910341925886133,0.646551724137931,0.45200698080279234,0.1093257584875741,0.32560174303257705,calibrated,3.82
NC,combined,2.0,strong,308,0.04666666666666667,-0.17330645674422818,0.6934523809523809,0.4261682242990654,0.12455530067872289,0.32073390396446194,calibrated,3.82
NC,combined,2.5,strong,301,0.06513888888888889,-0.23759135358295552,0.7547974413646056,0.5565843621399177,0.107536349112986,0.4802585094019966,calibrated,3.82
NC,combined,2.5,strong,302,0.07236111111111111,-0.2990343034487811,0.7658349328214972,0.5407478427612655,0.11389323977632891,0.6747983464095237,calibrated,3.82
NC,combined,2.5,strong,303,0.06819444444444445,-0.27152381876873943,0.7494908350305499,0.5555555555555556,0.10453062549206965,0.5547063869936273,calibrated,3.82
NC,combined,2.5,strong,304,0.06902777777777777,-0.25918262370767337,0.772635814889336,0.5435435435435435,0.11021066227444952,0.5599091673048643,calibrated,3.82
NC,combined,2.5,strong,305,0.06638888888888889,-0.24973519154306587,0.7949790794979079,0.5552147239263804,0.12890664016022743,0.5131479999183077,calibrated,3.82
NC,combined,2.5,strong,306,0.0751388888888889,-0.30046106478812196,0.8022181146025879,0.5,0.11731700478719664,0.6473492611910101,calibrated,3.82
NC,combined,2.5,strong,307,0.06875,-0.2681410555643112,0.7878787878787878,0.5719769673704415,0.10752226929838281,0.5364140163330022,calibrated,3.82
NC,combined,2.5,strong,308,0.06472222222222222,-0.23093636511226195,0.7725321888412017,0.5572916666666666,0.11950788257286933,0.46457330006613823,calibrated,3.82
NC,combined,3.0,strong,301,0.09361111111111112,-0.36720746041120944,0.8635014836795252,0.5772413793103448,0.11625330649624098,0.8879462159034913,calibrated,3.82
NC,combined,3.0,strong,302,0.08958333333333333,-0.3739037957224111,0.8356589147286821,0.6204896907216495,0.1090152668500317,0.9319131417377211,calibrated,3.82
NC,combined,3.0,strong,303,0.09,-0.3558631749088898,0.8549382716049383,0.6135770234986945,0.10946900800416344,0.8545301506621795,calibrated,3.82
NC,combined,3.0,strong,304,0.08958333333333333,-0.3360012678447623,0.8248062015503876,0.6173238526179703,0.1126415943494652,0.842381892568964,calibrated,3.82
NC,combined,3.0,strong,305,0.08777777777777777,-0.3495846299262239,0.8481012658227848,0.6254901960784314,0.11935284225896553,0.8672951399199375,calibrated,3.82
NC,combined,3.0,strong,306,0.09375,-0.38507244784787314,0.8622222222222222,0.5827770360480641,0.1124594799362833,0.9445191341991342,calibrated,3.82
NC,combined,3.0,strong,307,0.0901388888888889,-0.3577932482937219,0.8397534668721109,0.6137394685677252,0.1119838435419297,0.8565213151854569,calibrated,3.82
NC,combined,3.0,strong,308,0.08458333333333333,-0.3328977084530672,0.8407224958949097,0.6288180610889774,0.10661748939525538,0.7833066932865655,calibrated,3.82
NC,combined,3.5,strong,301,0.10180555555555555,-0.3903670005520374,0.8772169167803547,0.6531137416366444,0.1121337410304678,0.9833333333333333,calibrated,3.82
NC,combined,3.5,strong,302,0.09402777777777778,-0.4022608153605665,0.8537666174298375,0.6710182767624021,0.11765434986630667,0.9867156862745098,calibrated,3.82
NC,combined,3.5,strong,303,0.09888888888888889,-0.3986149261186963,0.8595505617977528,0.6666666666666666,0.11316865572744972,0.983380281690141,calibrated,3.82
NC,combined,3.5,strong,304,0.09972222222222223,-0.3929768296787068,0.8649025069637883,0.6533055700156168,0.11964022420143915,0.9800946730935607,calibrated,3.82
NC,combined,3.5,strong,305,0.09625,-0.38112435875006706,0.8643578643578643,0.6824055666003976,0.11612579950634623,0.9734876104287871,calibrated,3.82
NC,combined,3.5,strong,306,0.09916666666666667,-0.4073229661417144,0.8641456582633054,0.6505007907221929,0.1193588249346446,0.9833798412698413,calibrated,3.82
NC,combined,3.5,strong,307,0.09902777777777778,-0.40426778963890353,0.884992987377279,0.6480779642663779,0.11662098958813509,0.9800674446326619,calibrated,3.82
NC,combined,3.5,strong,308,0.09791666666666667,-0.3939949486642616,0.8765957446808511,0.6605934409161894,0.11092053561458205,0.9602401166569425,calibrated,3.82
NC,combined,4.0,strong,301,0.10291666666666667,-0.4208841845363877,0.8839406207827261,0.693029490616622,0.10764570565181708,0.9866666666666667,calibrated,3.82
NC,combined,4.0,strong,302,0.09916666666666667,-0.40635884884402307,0.8837535014005602,0.7117235345581803,0.11410239814788072,1.0,calibrated,3.82
NC,combined,4.0,strong,303,0.10152777777777777,-0.40536598139928637,0.8700410396716827,0.701623519087319,0.11051098417873118,0.9900542005420053,calibrated,3.82
NC,combined,4.0,strong,304,0.10194444444444445,-0.4102541751470604,0.8910081743869209,0.7025843188786685,0.11253988750124344,0.9933589743589744,calibrated,3.82
NC,combined,4.0,strong,305,0.10069444444444445,-0.39258712494785925,0.863448275862069,0.7094535993061578,0.11353483585668527,0.983359173126615,calibrated,3.82
NC,combined,4.0,strong,306,0.10208333333333333,-0.4270462817091642,0.8653061224489796,0.6808610201216659,0.1186308312722353,0.9933333333333333,calibrated,3.82
NC,combined,4.0,strong,307,0.10263888888888889,-0.41746927508917864,0.8836265223274695,0.696276357110812,0.11718836061751968,0.9866908212560386,calibrated,3.82
NC,combined,4.0,strong,308,0.10166666666666667,-0.4122153376699354,0.8825136612021858,0.7001326846528085,0.1047081891376979,0.9933333333333333,calibrated,3.82
NC,combined,5.0,strong,301,0.1076388888888889,-0.44265980441963076,0.8683870967741936,0.7213872832369942,0.11258745316129905,1.0,calibrated,3.82
NC,combined,5.0,strong,302,0.10083333333333333,-0.42690123909823224,0.8415977961432507,0.7403549382716049,0.11348999449287407,1.0,calibrated,3.82
NC,combined,5.0,strong,303,0.10736111111111112,-0.4336097075197605,0.8848641655886158,0.7287556904400607,0.11268345057077729,0.9966666666666667,calibrated,3.82
NC,combined,5.0,strong,304,0.10652777777777778,-0.43163275136290313,0.8617992177314211,0.7234290147401086,0.11534945275033011,1.0,calibrated,3.82
NC,combined,5.0,strong,305,0.10486111111111111,-0.4179997722637403,0.8807947019867549,0.7415856394913987,0.11576758482076556,0.9933333333333333,calibrated,3.82
NC,combined,5.0,strong,306,0.10583333333333333,-0.4440588462425827,0.8792650918635171,0.7097701149425287,0.12015753307607237,1.0,calibrated,3.82
NC,combined,5.0,strong,307,0.1075,-0.4437738508787514,0.8746770025839793,0.7323364485981309,0.1160287935440681,1.0,calibrated,3.82
NC,combined,5.0,strong,308,0.10833333333333334,-0.4340336705761267,0.8756410256410256,0.7328330206378987,0.10844685549032852,0.9966666666666667,calibrated,3.82
NC,combined,6.0,strong,301,0.11194444444444444,-0.4552397863811068,0.8660049627791563,0.7203007518796992,0.11079419000316376,1.0,calibrated,3.82
NC,combined,6.0,strong,302,0.10402777777777777,-0.43297439111789515,0.8638184245660881,0.7368221463784603,0.1136278348721221,1.0,calibrated,3.82
NC,combined,6.0,strong,303,0.11055555555555556,-0.4475344693587961,0.8668341708542714,0.7224105461393597,0.11717968288869547,1.0,calibrated,3.82
NC,combined,6.0,strong,304,0.10972222222222222,-0.4477377396388939,0.8607594936708861,0.7209480122324159,0.11852637015660185,1.0,calibrated,3.82
NC,combined,6.0,strong,305,0.10805555555555556,-0.4259162415725557,0.8624678663239075,0.7399708242159008,0.11600812452963981,1.0,calibrated,3.82
NC,combined,6.0,strong,306,0.10875,-0.4484330277382977,0.8697318007662835,0.712988551125148,0.1139913119520833,1.0,calibrated,3.82
NC,combined,6.0,strong,307,0.10972222222222222,-0.44437399432565694,0.8620253164556962,0.7262801204819277,0.11135602347101865,1.0,calibrated,3.82
NC,combined,6.0,strong,308,0.10972222222222222,-0.4480666772748328,0.8658227848101265,0.7302291204730229,0.1101096990757387,1.0,calibrated,3.82
NC,combined,0.0,weak,301,0.004027777777777778,0.10401080192771123,0.10344827586206896,0.0,0.20476068897121533,0.16604035404604237,calibrated,3.82
NC,combined,0.0,weak,302,0.0033333333333333335,0.0435878566747565,0.08333333333333333,0.0,0.20178523102284715,0.16257605395425248,calibrated,3.82
NC,combined,0.0,weak,303,0.004722222222222222,0.05115954753495631,0.029411764705882353,0.0,0.2040122613142942,0.17100319226809668,calibrated,3.82
NC,combined,0.0,weak,304,0.0015277777777777779,0.10949341468544875,0.0,0.0,0.20348845038138438,0.17432599468183618,calibrated,3.82
NC,combined,0.0,weak,305,0.0031944444444444446,0.023195173586499276,0.0,0.0,0.20362915690669137,0.17217872269575732,calibrated,3.82
NC,combined,0.0,weak,306,0.0025,0.044137528474493315,0.05555555555555555,0.0,0.20622368587484866,0.17494241710688022,calibrated,3.82
NC,combined,0.0,weak,307,0.002916666666666667,0.08565822811877052,0.0,0.0,0.19817031161703821,0.1784289962338596,calibrated,3.82
NC,combined,0.0,weak,308,0.002916666666666667,0.06129749225656177,0.14285714285714285,0.05555555555555555,0.20187597212221012,0.16730389154338904,calibrated,3.82
NC,combined,0.5,weak,301,0.008055555555555555,0.04074483930371869,0.10344827586206896,0.05357142857142857,0.15909434903359368,0.1635169944845607,calibrated,3.82
NC,combined,0.5,weak,302,0.006805555555555555,0.03700983592149117,0.2653061224489796,0.0,0.1542963490953014,0.15903330061595317,calibrated,3.82
NC,combined,0.5,weak,303,0.007361111111111111,0.04327430148901462,0.11320754716981132,0.021739130434782608,0.1533962431979952,0.1630956290701041,calibrated,3.82
NC,combined,0.5,weak,304,0.00625,0.05863358047674624,0.044444444444444446,0.023255813953488372,0.16092154949436135,0.1708781108923169,calibrated,3.82
NC,combined,0.5,weak,305,0.008194444444444445,0.06189125229355848,0.1694915254237288,0.018867924528301886,0.1541973982396302,0.16136232118985214,calibrated,3.82
NC,combined,0.5,weak,306,0.0059722222222222225,0.049172892671155995,0.11627906976744186,0.0,0.15657153772259788,0.16689482322200916,calibrated,3.82
NC,combined,0.5,weak,307,0.007222222222222222,0.05321649609084351,0.15384615384615385,0.0,0.15286558245935644,0.16654220813362877,calibrated,3.82
NC,combined,0.5,weak,308,0.006666666666666667,0.026520636241684867,0.16666666666666666,0.022727272727272728,0.15797192502577342,0.15986612937656605,calibrated,3.82
NC,combined,1.0,weak,301,0.014583333333333334,0.03936317320686817,0.22857142857142856,0.10679611650485436,0.12423509293482789,0.1594224632699167,calibrated,3.82
NC,combined,1.0,weak,302,0.017083333333333332,-0.0006201938100282338,0.25203252032520324,0.09322033898305085,0.12959065325935812,0.16810392491641107,calibrated,3.82
NC,combined,1.0,weak,303,0.014166666666666666,-0.01666721345517475,0.21568627450980393,0.06930693069306931,0.11754441098240337,0.17136844795247227,calibrated,3.82
NC,combined,1.0,weak,304,0.010972222222222222,0.0034791475469340668,0.21518987341772153,0.0963855421686747,0.136065658895706,0.17088404799447357,calibrated,3.82
NC,combined,1.0,weak,305,0.016944444444444446,-0.002412038239279264,0.32786885245901637,0.15,0.1349956284739142,0.1811273394565764,calibrated,3.82
NC,combined,1.0,weak,306,0.015833333333333335,-0.012781969527901609,0.30701754385964913,0.07339449541284404,0.12955945776777286,0.1792106557629527,calibrated,3.82
NC,combined,1.0,weak,307,0.014861111111111111,0.01644066434750184,0.2616822429906542,0.1826086956521739,0.12140559959566195,0.1639471714720773,calibrated,3.82
NC,combined,1.0,weak,308,0.014583333333333334,0.007049354970572566,0.3142857142857143,0.07766990291262135,0.132773590174728,0.16641361737058677,calibrated,3.82
NC,combined,1.5,weak,301,0.025416666666666667,-0.053298150456852544,0.4207650273224044,0.23853211009174313,0.11362675702714135,0.1823156537171034,calibrated,3.82
NC,combined,1.5,weak,302,0.02763888888888889,-0.06968583022728952,0.48743718592964824,0.20614035087719298,0.11767072637306346,0.19413084516970866,calibrated,3.82
NC,combined,1.5,weak,303,0.024305555555555556,-0.04086697998145264,0.4342857142857143,0.2767857142857143,0.104265824902866,0.17738615862198565,calibrated,3.82
NC,combined,1.5,weak,304,0.025,-0.03812520674966327,0.37777777777777777,0.2112676056338028,0.11261873603334299,0.1838565270070526,calibrated,3.82
NC,combined,1.5,weak,305,0.02861111111111111,-0.08038845800829454,0.5631067961165048,0.19574468085106383,0.11793008269834894,0.21069955699307977,calibrated,3.82
NC,combined,1.5,weak,306,0.026111111111111113,-0.05763352826360925,0.48404255319148937,0.1497584541062802,0.12211481982849902,0.20092085316567923,calibrated,3.82
NC,combined,1.5,weak,307,0.029166666666666667,-0.04836198661423782,0.48095238095238096,0.24789915966386555,0.10956240475924295,0.1930746046270234,calibrated,3.82
NC,combined,1.5,weak,308,0.025694444444444443,-0.06831673313397892,0.44324324324324327,0.20833333333333334,0.1239801060646304,0.19157664427571977,calibrated,3.82
NC,combined,2.0,weak,301,0.03902777777777778,-0.11302855590745073,0.5587188612099644,0.33159268929503916,0.10409011279926665,0.2531082862268512,calibrated,3.82
NC,combined,2.0,weak,302,0.041805555555555554,-0.13884039370055057,0.5946843853820598,0.3689095127610209,0.11235996206117287,0.2949235998950175,calibrated,3.82
NC,combined,2.0,weak,303,0.04055555555555555,-0.11172983289386916,0.571917808219178,0.35523114355231145,0.10369418342923142,0.2566589364906194,calibrated,3.82
NC,combined,2.0,weak,304,0.03916666666666667,-0.10142639553421998,0.5851063829787234,0.35443037974683544,0.10734569192051417,0.2448660983529948,calibrated,3.82
NC,combined,2.0,weak,305,0.04055555555555555,-0.1215555356776183,0.6643835616438356,0.35872235872235875,0.12268357328660666,0.2689275577540502,calibrated,3.82
NC,combined,2.0,weak,306,0.044305555555555556,-0.1473508133190544,0.6050156739811913,0.24870466321243523,0.11776900192546362,0.3003973590451128,calibrated,3.82
NC,combined,2.0,weak,307,0.043194444444444445,-0.14119506707376941,0.6237942122186495,0.3381995133819951,0.11499184056290862,0.2629513532316969,calibrated,3.82
NC,combined,2.0,weak,308,0.03986111111111111,-0.12798642364559562,0.5888501742160279,0.35784313725490197,0.11312309039441347,0.24888446772197825,calibrated,3.82
NC,combined,2.5,weak,301,0.06,-0.21230289378212838,0.7245370370370371,0.4594594594594595,0.11164874921004109,0.419959592119493,calibrated,3.82
NC,combined,2.5,weak,302,0.06125,-0.23915188555723937,0.7324263038548753,0.47291941875825627,0.11541763825292582,0.4984129486592381,calibrated,3.82
NC,combined,2.5,weak,303,0.059444444444444446,-0.21204335707714805,0.719626168224299,0.47270306258322237,0.10841062385717783,0.4193931974581671,calibrated,3.82
NC,combined,2.5,weak,304,0.06402777777777778,-0.225867917327199,0.754880694143167,0.4679245283018868,0.12317717589711337,0.4814223308843802,calibrated,3.82
NC,combined,2.5,weak,305,0.05694444444444444,-0.18951154306340148,0.7097560975609756,0.4724186704384724,0.12617047876928567,0.42400159455299996,calibrated,3.82
NC,combined,2.5,weak,306,0.06236111111111111,-0.2276654920616129,0.688195991091314,0.42398884239888424,0.11843188716200653,0.4408894821173544,calibrated,3.82
NC,combined,2.5,weak,307,0.05652777777777778,-0.20113918435567976,0.7371007371007371,0.5,0.11493815190118169,0.3819849115119871,calibrated,3.82
NC,combined,2.5,weak,308,0.05583333333333333,-0.1773588343677737,0.6990049751243781,0.46153846153846156,0.11381420165664835,0.3666425902837433,calibrated,3.82
NC,combined,3.0,weak,301,0.08,-0.3112042636046571,0.8229166666666666,0.5417743324720069,0.10832252101289574,0.6687430724884617,calibrated,3.82
NC,combined,3.0,weak,302,0.07847222222222222,-0.3279112444355077,0.8106194690265487,0.5670274771024146,0.11851471909009471,0.7391912329226284,calibrated,3.82
NC,combined,3.0,weak,303,0.08055555555555556,-0.32502692256811017,0.8293103448275863,0.528169014084507,0.10150774311182713,0.6956380721480349,calibrated,3.82
NC,combined,3.0,weak,304,0.08180555555555556,-0.29807360994474735,0.8438030560271647,0.5519534497090607,0.1135950737176619,0.6735219399678096,calibrated,3.82
NC,combined,3.0,weak,305,0.07666666666666666,-0.2853993566702901,0.8152173913043478,0.5603146853146853,0.11684200415424247,0.640252773900803,calibrated,3.82
NC,combined,3.0,weak,306,0.08277777777777778,-0.31999215759400546,0.8489932885906041,0.520632133450395,0.11682815649043853,0.7243981199750066,calibrated,3.82
NC,combined,3.0,weak,307,0.08041666666666666,-0.31061562483761795,0.7979274611398963,0.5614478114478114,0.10892031554283325,0.6663412371318456,calibrated,3.82
NC,combined,3.0,weak,308,0.07708333333333334,-0.28965856507966503,0.809009009009009,0.5587719298245614,0.11076688259429919,0.620339484049234,calibrated,3.82
NC,combined,3.5,weak,301,0.0925,-0.35670314298675193,0.8603603603603603,0.6140897755610972,0.1080482676567819,0.8156587399034493,calibrated,3.82
NC,combined,3.5,weak,302,0.09055555555555556,-0.3838907756662479,0.8450920245398773,0.6374549819927972,0.11606267462034774,0.9131085671958207,calibrated,3.82
NC,combined,3.5,weak,303,0.09375,-0.3650015277894216,0.8414814814814815,0.603063178047224,0.11425421541547022,0.8688164863879276,calibrated,3.82
NC,combined,3.5,weak,304,0.09569444444444444,-0.3898106834362997,0.8548621190130624,0.5969387755102041,0.11509422784719753,0.9094133713025959,calibrated,3.82
NC,combined,3.5,weak,305,0.09069444444444444,-0.35004510886041185,0.8407350689127105,0.633681622618316,0.11761608711462525,0.8689091772512654,calibrated,3.82
NC,combined,3.5,weak,306,0.0961111111111111,-0.378048001125462,0.8569364161849711,0.6020214782059381,0.1236453151430743,0.8906274015326315,calibrated,3.82
NC,combined,3.5,weak,307,0.0948611111111111,-0.3719480420666346,0.849194729136164,0.6184935701163503,0.1088735446746445,0.8506022281230583,calibrated,3.82
NC,combined,3.5,weak,308,0.09625,-0.37431541917332634,0.8701298701298701,0.6177884615384616,0.10799259541785666,0.8772387373562901,calibrated,3.82
NC,combined,4.0,weak,301,0.10236111111111111,-0.403628553696342,0.8670284938941656,0.6611776447105788,0.10354132988069958,0.9539687443631004,calibrated,3.82
NC,combined,4.0,weak,302,0.09527777777777778,-0.4045878115665927,0.8731778425655977,0.6954242135367016,0.11389316196468346,0.957023277147116,calibrated,3.82
NC,combined,4.0,weak,303,0.10069444444444445,-0.41050385227882225,0.863448275862069,0.6619859578736209,0.11799438245504924,0.966945454578306,calibrated,3.82
NC,combined,4.0,weak,304,0.10027777777777777,-0.3985305931556526,0.8850415512465374,0.6653205451792025,0.12020785034449862,0.9475396998564406,calibrated,3.82
NC,combined,4.0,weak,305,0.09791666666666667,-0.38005143848044365,0.8709219858156029,0.6741967871485943,0.11940959966558151,0.9282222445691996,calibrated,3.82
NC,combined,4.0,weak,306,0.10041666666666667,-0.411784062572704,0.8589211618257261,0.6618998978549541,0.12421602335407222,0.9473519824467771,calibrated,3.82
NC,combined,4.0,weak,307,0.09944444444444445,-0.41424353075130255,0.8743016759776536,0.6606868272680677,0.11580797173711567,0.9570607627992873,calibrated,3.82
NC,combined,4.0,weak,308,0.10319444444444445,-0.41677942827033176,0.8775235531628532,0.6546835443037975,0.1081471707997832,0.9670464749423612,calibrated,3.82
NC,combined,5.0,weak,301,0.10888888888888888,-0.43409744899843067,0.8558673469387755,0.710410849621061,0.10520173125629716,0.9933333333333333,calibrated,3.82
NC,combined,5.0,weak,302,0.10138888888888889,-0.42396169804987904,0.8561643835616438,0.731630648330059,0.11209595866514949,0.9966666666666667,calibrated,3.82
NC,combined,5.0,weak,303,0.10652777777777778,-0.42518517788260224,0.8683181225554107,0.7184388689765033,0.10907072412168056,0.9866666666666667,calibrated,3.82
NC,combined,5.0,weak,304,0.10777777777777778,-0.4292572977089449,0.8646907216494846,0.7118847539015606,0.1152086086520873,0.9933333333333333,calibrated,3.82
NC,combined,5.0,weak,305,0.10375,-0.4218370381771335,0.8594377510040161,0.7273084479371317,0.11608056462856735,0.9933333333333333,calibrated,3.82
NC,combined,5.0,weak,306,0.10625,-0.4398826070021046,0.869281045751634,0.6983788395904437,0.12085839239987277,0.9966666666666667,calibrated,3.82
NC,combined,5.0,weak,307,0.10708333333333334,-0.43245447966957756,0.8690012970168612,0.7279042840602085,0.1152519492453698,0.99,calibrated,3.82
NC,combined,5.0,weak,308,0.10597222222222222,-0.434397056794822,0.872870249017038,0.7284716834755625,0.10585821440570546,0.9833785341584758,calibrated,3.82
NC,combined,6.0,weak,301,0.11083333333333334,-0.45330763588314577,0.8734335839598998,0.7136752136752137,0.11064946979386249,0.9966666666666667,calibrated,3.82
NC,combined,6.0,weak,302,0.10444444444444445,-0.43988616048344553,0.8696808510638298,0.7413284132841328,0.11047382391037809,1.0,calibrated,3.82
NC,combined,6.0,weak,303,0.10944444444444444,-0.43564548884511023,0.8629441624365483,0.7213987077156975,0.11389456696174004,0.9966666666666667,calibrated,3.82
NC,combined,6.0,weak,304,0.11055555555555556,-0.4489347871681715,0.8680904522613065,0.7174835970667696,0.11884030310944645,1.0,calibrated,3.82
NC,combined,6.0,weak,305,0.1063888888888889,-0.4338019323236502,0.8694516971279374,0.7382624768946395,0.11654546422498623,1.0,calibrated,3.82
NC,combined,6.0,weak,306,0.10708333333333334,-0.4494043155893391,0.8728923476005188,0.7124052652572797,0.11899404969964285,1.0,calibrated,3.82
NC,combined,6.0,weak,307,0.11027777777777778,-0.44926315711034664,0.8690176322418136,0.7240986717267552,0.11428345876150832,1.0,calibrated,3.82
NC,combined,6.0,weak,308,0.10930555555555556,-0.4518361023272339,0.8831003811944091,0.7248677248677249,0.10791654087163129,0.9966666666666667,calibrated,3.82
NY,combined,0.0,medium,301,0.004027777777777778,0.04170740184953936,0.0,0.0,0.20301794447683252,0.16916681559039773,calibrated,3.82
NY,combined,0.0,medium,302,0.005694444444444445,-0.023229528171158025,0.14634146341463414,0.025,0.1990843346553093,0.1672871892950777,calibrated,3.82
NY,combined,0.0,medium,303,0.004027777777777778,-0.036144669169236254,0.0,0.0,0.20139648212860506,0.18172436502925007,calibrated,3.82
NY,combined,0.0,medium,304,0.006666666666666667,-0.03988248078661707,0.08333333333333333,0.0,0.19904924038004623,0.19109839232492842,calibrated,3.82
NY,combined,0.0,medium,305,0.0044444444444444444,0.009212330513470831,0.03125,0.0,0.20034957187620084,0.1812447795637225,calibrated,3.82
NY,combined,0.0,medium,306,0.0044444444444444444,-0.008724701919937586,0.1875,0.0,0.20135365034603414,0.181904615320813,calibrated,3.82
NY,combined,0.0,medium,307,0.004722222222222222,0.026107750700899907,0.0,0.0625,0.20071871720994136,0.17849172385750423,calibrated,3.82
NY,combined,0.0,medium,308,0.004027777777777778,-0.008893268386679422,0.0,0.0,0.198584105313373,0.1791246992213705,calibrated,3.82
NY,combined,0.5,medium,301,0.011527777777777777,-0.011004708403485526,0.25301204819277107,0.0641025641025641,0.1570060204752398,0.1789463255943976,calibrated,3.82
NY,combined,0.5,medium,302,0.012916666666666667,-0.055784346903299725,0.25806451612903225,0.012195121951219513,0.1566373749821569,0.17523699692757663,calibrated,3.82
NY,combined,0.5,medium,303,0.009444444444444445,-0.060100235568595665,0.20588235294117646,0.04411764705882353,0.1594265267763479,0.18508753507507344,calibrated,3.82
NY,combined,0.5,medium,304,0.010972222222222222,-0.03741261458891248,0.189873417721519,0.013888888888888888,0.16356863370466498,0.19193772271597384,calibrated,3.82
NY,combined,0.5,medium,305,0.008333333333333333,-0.030450490274478992,0.26666666666666666,0.05084745762711865,0.156599924524145,0.18842652071682384,calibrated,3.82
NY,combined,0.5,medium,306,0.010416666666666666,-0.01605845884472382,0.2,0.04411764705882353,0.15665205581365518,0.17573272250493543,calibrated,3.82
NY,combined,0.5,medium,307,0.00986111111111111,-0.032193014183652224,0.2112676056338028,0.0,0.15596268130342594,0.17492861951075517,calibrated,3.82
NY,combined,0.5,medium,308,0.011805555555555555,-0.04221805509491066,0.3411764705882353,0.0,0.1555398916571169,0.17942815660059167,calibrated,3.82
NY,combined,1.0,medium,301,0.019166666666666665,-0.055923978773352125,0.2898550724637681,0.046875,0.12256890078914569,0.18419154757982759,calibrated,3.82
NY,combined,1.0,medium,302,0.021527777777777778,-0.14143904890361986,0.4,0.10625,0.11722209893001156,0.20861743345952785,calibrated,3.82
NY,combined,1.0,medium,303,0.02125,-0.10742050324801693,0.3006535947712418,0.05405405405405406,0.13141473044689353,0.21239636118668018,calibrated,3.82
NY,combined,1.0,medium,304,0.024166666666666666,-0.13668720925081243,0.41379310344827586,0.058823529411764705,0.12285383386060478,0.20997971495165788,calibrated,3.82
NY,combined,1.0,medium,305,0.02013888888888889,-0.09993491510516184,0.3724137931034483,0.07333333333333333,0.12272958799671063,0.20250263602938476,calibrated,3.82
NY,combined,1.0,medium,306,0.020694444444444446,-0.10898657979695205,0.33557046979865773,0.07482993197278912,0.12638412745081926,0.21039683741173262,calibrated,3.82
NY,combined,1.0,medium,307,0.021388888888888888,-0.09147189484120803,0.3116883116883117,0.053691275167785234,0.11846028469493552,0.1874717447423147,calibrated,3.82
NY,combined,1.0,medium,308,0.021527777777777778,-0.09854621561961885,0.47096774193548385,0.08108108108108109,0.1220539009511269,0.1992835486168713,calibrated,3.82
NY,combined,1.5,medium,301,0.03791666666666667,-0.18900786301207598,0.5787545787545788,0.22018348623853212,0.11569493294851452,0.280049733683518,calibrated,3.82
NY,combined,1.5,medium,302,0.042916666666666665,-0.21687697351798257,0.5889967637540453,0.22070844686648503,0.1077851102724952,0.3134910838917944,calibrated,3.82
NY,combined,1.5,medium,303,0.03902777777777778,-0.18522965015446413,0.5658362989323843,0.24633431085043989,0.12748539656999194,0.3059147323597972,calibrated,3.82
NY,combined,1.5,medium,304,0.041805555555555554,-0.21291720989838497,0.584717607973422,0.21203438395415472,0.10768542882904271,0.3260926428258199,calibrated,3.82
NY,combined,1.5,medium,305,0.0375,-0.17770984439532878,0.5851851851851851,0.22641509433962265,0.12741174178496995,0.2886134529611473,calibrated,3.82
NY,combined,1.5,medium,306,0.03875,-0.21424096882902133,0.6236559139784946,0.19444444444444445,0.10835759270320905,0.309032887113577,calibrated,3.82
NY,combined,1.5,medium,307,0.035972222222222225,-0.1988358195796983,0.6023166023166023,0.19932432432432431,0.10975896538925933,0.2786893324653977,calibrated,3.82
NY,combined,1.5,medium,308,0.03666666666666667,-0.16259465576661425,0.5303030303030303,0.21019108280254778,0.108525712945311,0.2773619923617121,calibrated,3.82
NY,combined,2.0,medium,301,0.056805555555555554,-0.25483981118047877,0.7090464547677262,0.37748344370860926,0.11773638730043341,0.45781357735662537,calibrated,3.82
NY,combined,2.0,medium,302,0.06347222222222222,-0.31828951616295914,0.7527352297592997,0.3561643835616438,0.10988759626493587,0.5411089938146477,calibrated,3.82
NY,combined,2.0,medium,303,0.059722222222222225,-0.28942523836868916,0.7441860465116279,0.37400950871632327,0.12274259988549556,0.507724966560249,calibrated,3.82
NY,combined,2.0,medium,304,0.0675,-0.32959049787322475,0.7839506172839507,0.2985781990521327,0.11145795116433403,0.5760149984986637,calibrated,3.82
NY,combined,2.0,medium,305,0.06,-0.2878504861295959,0.7546296296296297,0.37480314960629924,0.12440909374329778,0.47738085997407237,calibrated,3.82
NY,combined,2.0,medium,306,0.06125,-0.28327568507091994,0.7120181405895691,0.3178694158075601,0.10365077232506902,0.5040302744662433,calibrated,3.82
NY,combined,2.0,medium,307,0.06125,-0.2716522810559528,0.7188208616780045,0.36436597110754415,0.10632476551803581,0.48322154757668445,calibrated,3.82
NY,combined,2.0,medium,308,0.05583333333333333,-0.26545774159399343,0.7338308457711443,0.336283185840708,0.10817379465551324,0.4484217006563974,calibrated,3.82
NY,combined,2.5,medium,301,0.07583333333333334,-0.3403001361711092,0.7783882783882784,0.48314606741573035,0.11480874865270442,0.6694950008691004,calibrated,3.82
NY,combined,2.5,medium,302,0.08402777777777778,-0.41471329297209464,0.8115702479338843,0.4279877425944842,0.11199100652678023,0.8591691809194947,calibrated,3.82
NY,combined,2.5,medium,303,0.07875,-0.3602352110469723,0.781305114638448,0.4725050916496945,0.12354544588934352,0.7208036462493919,calibrated,3.82
NY,combined,2.5,medium,304,0.08513888888888889,-0.41032502275166044,0.8123980424143556,0.3848648648648649,0.10789605613668805,0.8245100301482956,calibrated,3.82
NY,combined,2.5,medium,305,0.08305555555555555,-0.3617359881418233,0.802675585284281,0.45554445554445555,0.12415986215380842,0.7743986104152306,calibrated,3.82
NY,combined,2.5,medium,306,0.08069444444444444,-0.3679879959460639,0.8141135972461274,0.4258271077908218,0.10111573914938667,0.7721359607601044,calibrated,3.82
NY,combined,2.5,medium,307,0.08069444444444444,-0.37743397172279874,0.8141135972461274,0.434279705573081,0.10725653754561253,0.7663540057740791,calibrated,3.82
NY,combined,2.5,medium,308,0.08083333333333333,-0.3723145204481084,0.7852233676975945,0.443169968717414,0.11186979386515972,0.7376644061089636,calibrated,3.82
NY,combined,3.0,medium,301,0.09527777777777778,-0.41472388276468397,0.8615160349854227,0.5588235294117647,0.11345309981460533,0.9217566066438487,calibrated,3.82
NY,combined,3.0,medium,302,0.09152777777777778,-0.44350784611589356,0.8437025796661608,0.5353075170842825,0.1046890985460298,0.9382268946510433,calibrated,3.82
NY,combined,3.0,medium,303,0.09277777777777778,-0.4159339704275963,0.8338323353293413,0.5528040786598689,0.11846046175522801,0.9187612517131837,calibrated,3.82
NY,combined,3.0,medium,304,0.09652777777777778,-0.4565756027955514,0.8517985611510791,0.490521327014218,0.10421461693377815,0.9573675282215781,calibrated,3.82
NY,combined,3.0,medium,305,0.0926388888888889,-0.4127556114064245,0.8725637181409296,0.5542691751085383,0.1239053168414236,0.9222779667726028,calibrated,3.82
NY,combined,3.0,medium,306,0.09180555555555556,-0.43675735781876646,0.848714069591528,0.522007722007722,0.09926235914014901,0.940993823953824,calibrated,3.82
NY,combined,3.0,medium,307,0.09333333333333334,-0.4332558943906313,0.8571428571428571,0.5449852507374632,0.10631335680388164,0.9316404370932473,calibrated,3.82
NY,combined,3.0,medium,308,0.09305555555555556,-0.4226197333127903,0.8492537313432836,0.540641312453393,0.10520262551403015,0.9159564662896258,calibrated,3.82
NY,combined,3.5,medium,301,0.09944444444444445,-0.45145914682638927,0.8756983240223464,0.6044417767106842,0.11247855215547371,0.9700881730328645,calibrated,3.82
NY,combined,3.5,medium,302,0.09680555555555556,-0.4688910571266241,0.8479196556671449,0.5913978494623656,0.10270831394908891,0.9866666666666667,calibrated,3.82
NY,combined,3.5,medium,303,0.0961111111111111,-0.44725775948402313,0.8439306358381503,0.620872641509434,0.12360945369669375,0.9767530627552297,calibrated,3.82
NY,combined,3.5,medium,304,0.1,-0.4733072419338472,0.8486111111111111,0.5520694259012016,0.11099173218103282,0.9702623181416284,calibrated,3.82
NY,combined,3.5,medium,305,0.09777777777777778,-0.44533188727786077,0.8764204545454546,0.6014805675508945,0.12518211025760356,0.9669007855990842,calibrated,3.82
NY,combined,3.5,medium,306,0.09777777777777778,-0.44657580909422945,0.8267045454545454,0.5965453423812461,0.10551613354531512,0.9570208369408366,calibrated,3.82
NY,combined,3.5,medium,307,0.09833333333333333,-0.4533047487581505,0.8785310734463276,0.6038415366146459,0.10575273102390981,0.9670089089654308,calibrated,3.82
NY,combined,3.5,medium,308,0.10055555555555555,-0.4577149425760413,0.8784530386740331,0.5979443772672309,0.10857550589780612,0.9701724714487686,calibrated,3.82
NY,combined,4.0,medium,301,0.10291666666666667,-0.4622023861468971,0.8596491228070176,0.6523279352226721,0.1133375530404863,0.9900724637681159,calibrated,3.82
NY,combined,4.0,medium,302,0.09930555555555555,-0.4742804167192145,0.8531468531468531,0.6223103057757644,0.10328896725528514,0.9933333333333333,calibrated,3.82
NY,combined,4.0,medium,303,0.09986111111111111,-0.4547618870579443,0.8581363004172462,0.6531038080333855,0.12257444467273676,0.9933333333333333,calibrated,3.82
NY,combined,4.0,medium,304,0.10277777777777777,-0.48182812185314583,0.8756756756756757,0.5988372093023255,0.11077503190339603,0.9866896551724138,calibrated,3.82
NY,combined,4.0,medium,305,0.10166666666666667,-0.44866093358951126,0.8620218579234973,0.6441036488630354,0.12620020801082962,0.9867282537175943,calibrated,3.82
NY,combined,4.0,medium,306,0.09888888888888889,-0.47315349662401096,0.8539325842696629,0.6317548746518106,0.10417112504170867,0.9867424242424242,calibrated,3.82
NY,combined,4.0,medium,307,0.10208333333333333,-0.47923262704953495,0.8775510204081632,0.6416799574694312,0.11339154029929745,0.99,calibrated,3.82
NY,combined,4.0,medium,308,0.10236111111111111,-0.47052025779775913,0.8507462686567164,0.6371443907675792,0.10817895842294084,0.9900248756218906,calibrated,3.82
NY,combined,5.0,medium,301,0.10513888888888889,-0.47322886551401244,0.8546895640686922,0.6791248860528715,0.11286156766225351,0.99,calibrated,3.82
NY,combined,5.0,medium,302,0.10222222222222223,-0.4887006884042219,0.8614130434782609,0.6679592825981581,0.10720182932918071,1.0,calibrated,3.82
NY,combined,5.0,medium,303,0.10444444444444445,-0.47089920970493876,0.8417553191489362,0.670760510155881,0.11917300395552595,1.0,calibrated,3.82
NY,combined,5.0,medium,304,0.10416666666666667,-0.5008929270983913,0.8666666666666667,0.6273160402329275,0.11197460270893907,0.9933563218390805,calibrated,3.82
NY,combined,5.0,medium,305,0.10486111111111111,-0.4756563693607308,0.8596026490066225,0.6742883807746151,0.12140781544243939,1.0,calibrated,3.82
NY,combined,5.0,medium,306,0.10388888888888889,-0.4780004562354436,0.8516042780748663,0.6622807017543859,0.10529803912233589,1.0,calibrated,3.82
NY,combined,5.0,medium,307,0.10486111111111111,-0.48012449036669824,0.8701986754966887,0.6857271499324629,0.10914648751074495,0.9966666666666667,calibrated,3.82
NY,combined,5.0,medium,308,0.10694444444444444,-0.4836590296242798,0.8727272727272727,0.6639772187944946,0.11056205212619875,1.0,calibrated,3.82
NY,combined,6.0,medium,301,0.10777777777777778,-0.48787139298412113,0.8530927835051546,0.6682027649769585,0.11475756255644111,1.0,calibrated,3.82
NY,combined,6.0,medium,302,0.10388888888888889,-0.4958063939752248,0.8328877005347594,0.6571146245059288,0.1085763268232912,1.0,calibrated,3.82
NY,combined,6.0,medium,303,0.10527777777777778,-0.4821014677701447,0.8482849604221636,0.6663489037178265,0.11786467346784259,1.0,calibrated,3.82
NY,combined,6.0,medium,304,0.10625,-0.5094609238247827,0.8457516339869281,0.6126760563380281,0.11348077663711692,1.0,calibrated,3.82
NY,combined,6.0,medium,305,0.1063888888888889,-0.48159397021739464,0.835509138381201,0.672961768770152,0.12227160588026637,0.9966666666666667,calibrated,3.82
NY,combined,6.0,medium,306,0.10541666666666667,-0.49504528985122664,0.8590250329380764,0.6558094312105007,0.11009124761916743,1.0,calibrated,3.82
NY,combined,6.0,medium,307,0.1063888888888889,-0.48021698645820865,0.8746736292428199,0.6780354706684857,0.10896677787188602,1.0,calibrated,3.82
NY,combined,6.0,medium,308,0.1075,-0.49332230723937,0.8591731266149871,0.6547733847637416,0.10824400643168101,1.0,calibrated,3.82
NY,combined,0.0,strong,301,0.0033333333333333335,-0.016958409956872398,0.041666666666666664,0.0,0.20098424836281972,0.18681771337425807,calibrated,3.82
NY,combined,0.0,strong,302,0.005,-0.04042006098906636,0.16666666666666666,0.0,0.20290881434212923,0.18075274504061634,calibrated,3.82
NY,combined,0.0,strong,303,0.004583333333333333,-0.0320470442093649,0.06060606060606061,0.03225806451612903,0.1971262355947241,0.18750345838462606,calibrated,3.82
NY,combined,0.0,strong,304,0.004861111111111111,-0.02002127698495719,0.02857142857142857,0.05555555555555555,0.19885747373045257,0.19911849430303932,calibrated,3.82
NY,combined,0.0,strong,305,0.0043055555555555555,0.05626934980235083,0.0967741935483871,0.0,0.19873913024510634,0.1926119148213138,calibrated,3.82
NY,combined,0.0,strong,306,0.007083333333333333,-0.08328769176190999,0.11764705882352941,0.021739130434782608,0.20037499004876244,0.19315136278738096,calibrated,3.82
NY,combined,0.0,strong,307,0.0043055555555555555,-0.06727495198816279,0.0967741935483871,0.0,0.19768621024122537,0.18215217419158664,calibrated,3.82
NY,combined,0.0,strong,308,0.005138888888888889,-0.051307714323506046,0.10810810810810811,0.027777777777777776,0.199204275709981,0.18828158774945739,calibrated,3.82
NY,combined,0.5,strong,301,0.009305555555555555,-0.06853927778167414,0.2835820895522388,0.046875,0.1568096281305796,0.18225401004364217,calibrated,3.82
NY,combined,0.5,strong,302,0.011805555555555555,-0.10269749260310793,0.2235294117647059,0.024390243902439025,0.15688178925506222,0.173753927675331,calibrated,3.82
NY,combined,0.5,strong,303,0.010555555555555556,-0.08969393918912641,0.3026315789473684,0.07042253521126761,0.15751063867020415,0.1882676797386531,calibrated,3.82
NY,combined,0.5,strong,304,0.011527777777777777,-0.06624072159148851,0.1566265060240964,0.02564102564102564,0.15940870617998446,0.19508166193492607,calibrated,3.82
NY,combined,0.5,strong,305,0.010138888888888888,-0.046219244953032625,0.2054794520547945,0.043478260869565216,0.1567758334711485,0.19229589745389414,calibrated,3.82
NY,combined,0.5,strong,306,0.009722222222222222,-0.06433009629769045,0.21428571428571427,0.015151515151515152,0.1580875715974171,0.19134703069600542,calibrated,3.82
NY,combined,0.5,strong,307,0.010416666666666666,-0.05092959589069498,0.21333333333333335,0.04225352112676056,0.1535154820360325,0.18118639822989113,calibrated,3.82
NY,combined,0.5,strong,308,0.011805555555555555,-0.03769491165881438,0.24705882352941178,0.02666666666666667,0.15479342707028843,0.1777169983492959,calibrated,3.82
NY,combined,1.0,strong,301,0.021111111111111112,-0.11503879312580698,0.35526315789473684,0.0684931506849315,0.12213092853137146,0.20744240080242582,calibrated,3.82
NY,combined,1.0,strong,302,0.02638888888888889,-0.15144209338228645,0.47368421052631576,0.13793103448275862,0.1175027557781222,0.21516145222632627,calibrated,3.82
NY,combined,1.0,strong,303,0.02361111111111111,-0.11933957658653149,0.45294117647058824,0.09770114942528736,0.12956172369790633,0.21709644852256427,calibrated,3.82
NY,combined,1.0,strong,304,0.026111111111111113,-0.15367675316603352,0.4734042553191489,0.07526881720430108,0.1258590071704556,0.23806796023629895,calibrated,3.82
NY,combined,1.0,strong,305,0.02388888888888889,-0.11775230181307146,0.47674418604651164,0.125,0.12543698595179534,0.22003314128570367,calibrated,3.82
NY,combined,1.0,strong,306,0.02388888888888889,-0.11957066384178584,0.3430232558139535,0.07386363636363637,0.12402424294507536,0.22685735515410674,calibrated,3.82
NY,combined,1.0,strong,307,0.024166666666666666,-0.11830669343886703,0.5459770114942529,0.14606741573033707,0.12100795071589088,0.21598573196603307,calibrated,3.82
NY,combined,1.0,strong,308,0.025,-0.11111225556435862,0.39444444444444443,0.09944751381215469,0.12118394612030176,0.21738868527650132,calibrated,3.82
NY,combined,1.5,strong,301,0.04013888888888889,-0.1905669333942538,0.5432525951557093,0.2638888888888889,0.11196246186617805,0.3070577962860778,calibrated,3.82
NY,combined,1.5,strong,302,0.04666666666666667,-0.24425632382715334,0.6696428571428571,0.2761904761904762,0.11374768223510177,0.3645789648240063,calibrated,3.82
NY,combined,1.5,strong,303,0.03958333333333333,-0.19989218086182753,0.5859649122807018,0.27520435967302453,0.12816872249492262,0.3168726299670104,calibrated,3.82
NY,combined,1.5,strong,304,0.041805555555555554,-0.21234611009853024,0.5514950166112956,0.23497267759562843,0.10884349099507085,0.3219427262836835,calibrated,3.82
NY,combined,1.5,strong,305,0.041666666666666664,-0.20309381866690288,0.5933333333333334,0.3053435114503817,0.12527645944232876,0.3223989011337635,calibrated,3.82
NY,combined,1.5,strong,306,0.04541666666666667,-0.24090052763955772,0.672782874617737,0.26715686274509803,0.11161091208466467,0.3531108571191079,calibrated,3.82
NY,combined,1.5,strong,307,0.03958333333333333,-0.20209758007870277,0.6140350877192983,0.28610354223433243,0.10671562508461041,0.30083632206456706,calibrated,3.82
NY,combined,1.5,strong,308,0.043333333333333335,-0.21720122069476128,0.6730769230769231,0.2907268170426065,0.11169245155060714,0.30580619764812184,calibrated,3.82
NY,combined,2.0,strong,301,0.058472222222222224,-0.27551077457036366,0.7197149643705463,0.44269340974212035,0.11831347118572678,0.46591928755664735,calibrated,3.82
NY,combined,2.0,strong,302,0.06763888888888889,-0.34508285848780995,0.7535934291581109,0.40897435897435896,0.10762228375181064,0.6289899402761585,calibrated,3.82
NY,combined,2.0,strong,303,0.06236111111111111,-0.30116422746124666,0.7371937639198218,0.4426450742240216,0.12010691683355605,0.5479257210452197,calibrated,3.82
NY,combined,2.0,strong,304,0.07458333333333333,-0.35819565557775657,0.770949720670391,0.3680823680823681,0.10872452707270397,0.6816444626072213,calibrated,3.82
NY,combined,2.0,strong,305,0.06444444444444444,-0.2980325074251014,0.7952586206896551,0.4489528795811518,0.1243317959310964,0.5133329187708845,calibrated,3.82
NY,combined,2.0,strong,306,0.065,-0.30740778025591975,0.7628205128205128,0.43495400788436267,0.10407646534705582,0.5493429165773827,calibrated,3.82
NY,combined,2.0,strong,307,0.06125,-0.2886311679652307,0.7120181405895691,0.42756680731364277,0.1021376452762316,0.4986756173571514,calibrated,3.82
NY,combined,2.0,strong,308,0.06194444444444445,-0.282209110334185,0.7466367713004485,0.44010767160161507,0.10800717047754431,0.49902142160358326,calibrated,3.82
NY,combined,2.5,strong,301,0.0811111111111111,-0.36104885472528075,0.8013698630136986,0.5459057071960298,0.11014287478819008,0.7748517548960535,calibrated,3.82
NY,combined,2.5,strong,302,0.08819444444444445,-0.44405425935736564,0.84251968503937,0.4896551724137931,0.10953023032349211,0.9376870985265314,calibrated,3.82
NY,combined,2.5,strong,303,0.08680555555555555,-0.3959838841700126,0.8144,0.5254378648874062,0.12409802762921185,0.8875168214435395,calibrated,3.82
NY,combined,2.5,strong,304,0.09041666666666667,-0.4189788714634615,0.8463901689708141,0.4765217391304348,0.10956565696690872,0.8998774629788336,calibrated,3.82
NY,combined,2.5,strong,305,0.08569444444444445,-0.39003203541002757,0.826580226904376,0.5017421602787456,0.12916030672811718,0.8425661384666884,calibrated,3.82
NY,combined,2.5,strong,306,0.08916666666666667,-0.41201885419583184,0.8769470404984424,0.4935511607910576,0.10053859485504739,0.9002430795648316,calibrated,3.82
NY,combined,2.5,strong,307,0.08708333333333333,-0.41334150797543556,0.8341307814992025,0.4978317432784042,0.10908614535877198,0.8662318820623329,calibrated,3.82
NY,combined,2.5,strong,308,0.08555555555555555,-0.40340466694815574,0.8522727272727273,0.4791666666666667,0.10713332032174795,0.8656650020538507,calibrated,3.82
NY,combined,3.0,strong,301,0.09847222222222222,-0.4299012510908907,0.8871650211565585,0.5951035781544256,0.12051544491798576,0.9735321345321345,calibrated,3.82
NY,combined,3.0,strong,302,0.0925,-0.45432640416395853,0.8648648648648649,0.5628491620111732,0.10860795273623236,0.9704120362489767,calibrated,3.82
NY,combined,3.0,strong,303,0.09375,-0.43193868721177664,0.837037037037037,0.5978191148171905,0.11912869215420697,0.976792510486985,calibrated,3.82
NY,combined,3.0,strong,304,0.0973611111111111,-0.468879937361831,0.854493580599144,0.5413165266106442,0.11008747649742999,0.9834252873563216,calibrated,3.82
NY,combined,3.0,strong,305,0.09583333333333334,-0.4350659153831949,0.8623188405797102,0.580983606557377,0.12514978807480168,0.9768440767910097,calibrated,3.82
NY,combined,3.0,strong,306,0.0948611111111111,-0.45645487777647265,0.8872620790629575,0.5659986178299931,0.10628389565799885,0.9702277996715928,calibrated,3.82
NY,combined,3.0,strong,307,0.09583333333333334,-0.4393365643785377,0.8608695652173913,0.5626721763085399,0.10371247589443405,0.9769052548555653,calibrated,3.82
NY,combined,3.0,strong,308,0.09625,-0.4392856951385507,0.8672438672438673,0.5848329048843187,0.10472055637087237,0.9704162539542787,calibrated,3.82
NY,combined,3.5,strong,301,0.09986111111111111,-0.44042662507521746,0.8678720445062587,0.6395474137931034,0.11734638628277098,0.9933333333333333,calibrated,3.82
NY,combined,3.5,strong,302,0.09722222222222222,-0.4694131868307217,0.8385714285714285,0.6247848537005164,0.10301482857145368,1.0,calibrated,3.82
NY,combined,3.5,strong,303,0.09861111111111111,-0.44512741959123153,0.8661971830985915,0.6338028169014085,0.11444117304910445,0.9867333388893519,calibrated,3.82
NY,combined,3.5,strong,304,0.1,-0.4760655206828466,0.8666666666666667,0.5903834449178332,0.10675552610674338,0.9800973256134548,calibrated,3.82
NY,combined,3.5,strong,305,0.09805555555555556,-0.45320252023396396,0.8583569405099151,0.6179710144927536,0.12499776254395234,0.9868235294117648,calibrated,3.82
NY,combined,3.5,strong,306,0.09833333333333333,-0.4647540502439914,0.8573446327683616,0.5905118601747815,0.10618455389221633,1.0,calibrated,3.82
NY,combined,3.5,strong,307,0.09972222222222223,-0.4709696536008168,0.8844011142061281,0.6255681818181819,0.1083968754395956,0.9966666666666667,calibrated,3.82
NY,combined,3.5,strong,308,0.10027777777777777,-0.46199701009596794,0.8739612188365651,0.6061502069781195,0.10906320844316947,0.9867441860465116,calibrated,3.82
NY,combined,4.0,strong,301,0.10333333333333333,-0.45436915966941416,0.8481182795698925,0.6676328502415458,0.11349909320286694,0.99,calibrated,3.82
NY,combined,4.0,strong,302,0.09916666666666667,-0.47494630212099337,0.8473389355742297,0.6511017838405037,0.104135873901809,0.9966666666666665,calibrated,3.82
NY,combined,4.0,strong,303,0.10097222222222223,-0.4627564574458931,0.8720770288858322,0.6593462717058223,0.1251364910113433,1.0,calibrated,3.82
NY,combined,4.0,strong,304,0.10402777777777777,-0.49134765913256395,0.8691588785046729,0.624731182795699,0.10634793411060983,0.9966666666666667,calibrated,3.82
NY,combined,4.0,strong,305,0.10125,-0.45698937406845325,0.8710562414266118,0.6533538146441372,0.12340580766476551,0.9900447427293066,calibrated,3.82
NY,combined,4.0,strong,306,0.10097222222222223,-0.46567348283490306,0.8528198074277854,0.6469355683603981,0.10443224215821367,1.0,calibrated,3.82
NY,combined,4.0,strong,307,0.10222222222222223,-0.47181725855523954,0.8682065217391305,0.6650246305418719,0.11008282617784686,0.9966666666666667,calibrated,3.82
NY,combined,4.0,strong,308,0.10208333333333333,-0.4822383250424682,0.8829931972789116,0.6505404014410705,0.10915505677312598,0.9866666666666667,calibrated,3.82
NY,combined,5.0,strong,301,0.10597222222222222,-0.4795991542286977,0.8335517693315858,0.6757129714811407,0.11355101247696732,0.9966666666666667,calibrated,3.82
NY,combined,5.0,strong,302,0.10166666666666667,-0.49046641315536327,0.8401639344262295,0.6727272727272727,0.10566617142004321,0.9966666666666667,calibrated,3.82
NY,combined,5.0,strong,303,0.10305555555555555,-0.47377828916890646,0.8544474393530997,0.6774042950513539,0.11951014173422768,0.9966666666666667,calibrated,3.82
NY,combined,5.0,strong,304,0.10486111111111111,-0.5005818287803409,0.8556291390728477,0.6296101159114857,0.11087138356681199,1.0,calibrated,3.82
NY,combined,5.0,strong,305,0.10513888888888889,-0.4718504339112837,0.8520475561426685,0.6791320406278855,0.1227544506244511,0.9966666666666667,calibrated,3.82
NY,combined,5.0,strong,306,0.10430555555555555,-0.47690632029772556,0.8615179760319573,0.6717123935666982,0.10682898677509982,0.9966666666666667,calibrated,3.82
NY,combined,5.0,strong,307,0.10569444444444444,-0.4771531359258553,0.8580814717477004,0.6830601092896175,0.10980622751634748,1.0,calibrated,3.82
NY,combined,5.0,strong,308,0.10611111111111111,-0.48909911770818615,0.8534031413612565,0.6696554978763568,0.1084468836079685,1.0,calibrated,3.82
NY,combined,6.0,strong,301,0.10861111111111112,-0.4876758485238164,0.8542199488491049,0.6689529035208047,0.11402620188275392,1.0,calibrated,3.82
NY,combined,6.0,strong,302,0.10305555555555555,-0.49915858505632665,0.8436657681940701,0.6576354679802956,0.10976691060157329,1.0,calibrated,3.82
NY,combined,6.0,strong,303,0.105,-0.4803533665270352,0.8544973544973545,0.6710588235294118,0.1182186704828102,1.0,calibrated,3.82
NY,combined,6.0,strong,304,0.10625,-0.5086244964858715,0.8549019607843137,0.6186440677966102,0.1148725581041405,1.0,calibrated,3.82
NY,combined,6.0,strong,305,0.10652777777777778,-0.4844059387608258,0.833116036505867,0.6719038817005545,0.12157102431424255,1.0,calibrated,3.82
NY,combined,6.0,strong,306,0.10583333333333333,-0.49556238808096353,0.8543307086614174,0.6573088092933205,0.10796854920143804,0.9966666666666667,calibrated,3.82
NY,combined,6.0,strong,307,0.10652777777777778,-0.48780469219441536,0.8761408083441982,0.6751592356687898,0.111839398785145,1.0,calibrated,3.82
NY,combined,6.0,strong,308,0.10861111111111112,-0.49341621203014785,0.8861892583120204,0.6548247719635142,0.10849832211031474,1.0,calibrated,3.82
NY,combined,0.0,weak,301,0.003611111111111111,-0.010684652113403172,0.038461538461538464,0.0,0.19781702094539041,0.16604035404604237,calibrated,3.82
NY,combined,0.0,weak,302,0.005416666666666667,-0.07017832103620673,0.05128205128205128,0.0,0.200202658716347,0.16257605395425248,calibrated,3.82
NY,combined,0.0,weak,303,0.0038888888888888888,0.02823079767211002,0.0,0.0,0.1986735491855353,0.17100319226809668,calibrated,3.82
NY,combined,0.0,weak,304,0.005694444444444445,-0.045098550730564804,0.07317073170731707,0.0,0.1991058736674011,0.17432599468183618,calibrated,3.82
NY,combined,0.0,weak,305,0.005138888888888889,-0.04800949793199829,0.16216216216216217,0.0,0.20153058210015676,0.17217872269575732,calibrated,3.82
NY,combined,0.0,weak,306,0.005277777777777778,-0.028671807715585588,0.07894736842105263,0.030303030303030304,0.1990383304352079,0.17494241710688022,calibrated,3.82
NY,combined,0.0,weak,307,0.003611111111111111,0.009213415090423996,0.11538461538461539,0.0,0.20108212973303527,0.1784289962338596,calibrated,3.82
NY,combined,0.0,weak,308,0.004861111111111111,-0.006007722222169776,0.05714285714285714,0.0,0.19863822602856596,0.16730389154338904,calibrated,3.82
NY,combined,0.5,weak,301,0.009166666666666667,-0.030138563935631784,0.15151515151515152,0.015873015873015872,0.15505117122956608,0.1686900642772792,calibrated,3.82
NY,combined,0.5,weak,302,0.009722222222222222,-0.056906326332921114,0.15714285714285714,0.015625,0.1589786531201621,0.17028174307606228,calibrated,3.82
NY,combined,0.5,weak,303,0.00875,-0.01357910247200503,0.14285714285714285,0.0,0.158325774162308,0.16745335294601882,calibrated,3.82
NY,combined,0.5,weak,304,0.009166666666666667,-0.038888389174776,0.12121212121212122,0.017241379310344827,0.16084904351403748,0.18132168564719514,calibrated,3.82
NY,combined,0.5,weak,305,0.008055555555555555,-0.02666069831280293,0.1206896551724138,0.0,0.15716398305730164,0.1773856355111832,calibrated,3.82
NY,combined,0.5,weak,306,0.009027777777777777,-0.012729452965465479,0.1076923076923077,0.0,0.15523290181464938,0.1735588594042757,calibrated,3.82
NY,combined,0.5,weak,307,0.009166666666666667,-0.024575524668208903,0.15151515151515152,0.0,0.15703081323419082,0.16676606911551764,calibrated,3.82
NY,combined,0.5,weak,308,0.008055555555555555,-0.04240800289977321,0.08620689655172414,0.06779661016949153,0.15496197991912974,0.17234227342175482,calibrated,3.82
NY,combined,1.0,weak,301,0.01861111111111111,-0.05601810596264315,0.2537313432835821,0.046511627906976744,0.12289983874878622,0.18708756461125495,calibrated,3.82
NY,combined,1.0,weak,302,0.016944444444444446,-0.10924472430663479,0.30327868852459017,0.025210084033613446,0.1214580143533986,0.18636736783931915,calibrated,3.82
NY,combined,1.0,weak,303,0.021388888888888888,-0.07465222687239649,0.2857142857142857,0.04794520547945205,0.12794289907482662,0.20150619162724734,calibrated,3.82
NY,combined,1.0,weak,304,0.01902777777777778,-0.09202886674122954,0.35766423357664234,0.061068702290076333,0.1242216772218463,0.19374040402461973,calibrated,3.82
NY,combined,1.0,weak,305,0.020277777777777777,-0.08880656438891012,0.3698630136986301,0.05755395683453238,0.12795444718984414,0.1992839680517129,calibrated,3.82
NY,combined,1.0,weak,306,0.022916666666666665,-0.12313736676118267,0.3515151515151515,0.08125,0.12485055593590542,0.20939334415360197,calibrated,3.82
NY,combined,1.0,weak,307,0.02125,-0.09405880172135386,0.4444444444444444,0.06802721088435375,0.12489983880902744,0.19614153053482872,calibrated,3.82
NY,combined,1.0,weak,308,0.01972222222222222,-0.10437068462442003,0.323943661971831,0.043478260869565216,0.11847508669136941,0.18963709825312297,calibrated,3.82
NY,combined,1.5,weak,301,0.03388888888888889,-0.15814383362559595,0.5204918032786885,0.16911764705882354,0.11546065431656315,0.25912319292496555,calibrated,3.82
NY,combined,1.5,weak,302,0.035555555555555556,-0.20751683449743147,0.5625,0.1524822695035461,0.10322812005375237,0.27381159509632563,calibrated,3.82
NY,combined,1.5,weak,303,0.034305555555555554,-0.15142924801424973,0.4251012145748988,0.15730337078651685,0.1291886414787111,0.26293027008400416,calibrated,3.82
NY,combined,1.5,weak,304,0.034583333333333334,-0.17430634669690265,0.4819277108433735,0.11026615969581749,0.110466215332281,0.2717624901814635,calibrated,3.82
NY,combined,1.5,weak,305,0.03638888888888889,-0.1738517932339347,0.5687022900763359,0.2079207920792079,0.12434007896833656,0.2662674459728925,calibrated,3.82
NY,combined,1.5,weak,306,0.035416666666666666,-0.17220712260390575,0.5254901960784314,0.10852713178294573,0.10812845964699229,0.2781240893551638,calibrated,3.82
NY,combined,1.5,weak,307,0.035416666666666666,-0.15928288365674556,0.5686274509803921,0.2062937062937063,0.10663328087469683,0.25891622608843357,calibrated,3.82
NY,combined,1.5,weak,308,0.03347222222222222,-0.14779286179178183,0.48132780082987553,0.1881918819188192,0.10521448351136924,0.24129535382154776,calibrated,3.82
NY,combined,2.0,weak,301,0.05611111111111111,-0.23543648800784886,0.7153465346534653,0.3056092843326886,0.11579670004121673,0.39999665937318035,calibrated,3.82
NY,combined,2.0,weak,302,0.05722222222222222,-0.2782354351639002,0.6456310679611651,0.2859778597785978,0.10833077571847206,0.4625975606580486,calibrated,3.82
NY,combined,2.0,weak,303,0.05305555555555556,-0.24946616959623966,0.7120418848167539,0.3626373626373626,0.12008627646154617,0.4197168721887944,calibrated,3.82
NY,combined,2.0,weak,304,0.058611111111111114,-0.2910705433960936,0.7725118483412322,0.26136363636363635,0.10905700623342314,0.46406180729136426,calibrated,3.82
NY,combined,2.0,weak,305,0.05305555555555556,-0.25659969012189643,0.6910994764397905,0.29878048780487804,0.12699054841108556,0.40098386264170927,calibrated,3.82
NY,combined,2.0,weak,306,0.05763888888888889,-0.2641807446351367,0.6771084337349398,0.22469635627530365,0.10095056087096105,0.46024785743864677,calibrated,3.82
NY,combined,2.0,weak,307,0.049305555555555554,-0.21696749250469163,0.6084507042253521,0.30638297872340425,0.10460393466319469,0.3591271601004193,calibrated,3.82
NY,combined,2.0,weak,308,0.056666666666666664,-0.2448661170596047,0.7034313725490197,0.28166351606805295,0.10876264977957067,0.4268477186315346,calibrated,3.82
NY,combined,2.5,weak,301,0.07291666666666667,-0.32962584413189144,0.7847619047619048,0.4059040590405904,0.11294099480200666,0.6220201820312085,calibrated,3.82
NY,combined,2.5,weak,302,0.07416666666666667,-0.3671110916759127,0.7677902621722846,0.36768447837150126,0.10620704510503415,0.6881828378272966,calibrated,3.82
NY,combined,2.5,weak,303,0.07305555555555555,-0.3316960436175369,0.7661596958174905,0.39950372208436724,0.12359217249841963,0.6527889118664508,calibrated,3.82
NY,combined,2.5,weak,304,0.08041666666666666,-0.35892430146367416,0.7651122625215889,0.32323232323232326,0.10724209352436069,0.7161716553548545,calibrated,3.82
NY,combined,2.5,weak,305,0.07305555555555555,-0.3263630097560421,0.7737642585551331,0.4251207729468599,0.12705419221468592,0.6237058452015579,calibrated,3.82
NY,combined,2.5,weak,306,0.07486111111111111,-0.34722005867680605,0.7829313543599258,0.36235595390524966,0.10266467445192447,0.683660112782493,calibrated,3.82
NY,combined,2.5,weak,307,0.07166666666666667,-0.3303943312136016,0.7810077519379846,0.4248768472906404,0.10428850840799513,0.5950110165566523,calibrated,3.82
NY,combined,2.5,weak,308,0.07597222222222222,-0.35207765577288685,0.8153564899451554,0.39880239520958083,0.11111508979440173,0.6689129093059298,calibrated,3.82
NY,combined,3.0,weak,301,0.08777777777777777,-0.3890869726686605,0.8180379746835443,0.5281803542673108,0.11402061655620051,0.8118711363266056,calibrated,3.82
NY,combined,3.0,weak,302,0.09083333333333334,-0.4298777139703664,0.8241590214067278,0.4578853046594982,0.10676253122403967,0.8933874323999775,calibrated,3.82
NY,combined,3.0,weak,303,0.08819444444444445,-0.3990251464361368,0.8566929133858268,0.5307262569832403,0.12023213614113937,0.8755102809964528,calibrated,3.82
NY,combined,3.0,weak,304,0.09097222222222222,-0.41846271212909547,0.8442748091603054,0.4332706766917293,0.1088210223925725,0.8481981981367482,calibrated,3.82
NY,combined,3.0,weak,305,0.09,-0.40521611182929085,0.8379629629629629,0.5004255319148936,0.12380552571485509,0.8637708776074061,calibrated,3.82
NY,combined,3.0,weak,306,0.0875,-0.40742516528553574,0.8396825396825397,0.4867957746478873,0.10061270470014366,0.8517044568758607,calibrated,3.82
NY,combined,3.0,weak,307,0.08722222222222223,-0.4051514972084757,0.8057324840764332,0.48389982110912344,0.10492354120721435,0.829872306920838,calibrated,3.82
NY,combined,3.0,weak,308,0.08930555555555555,-0.39003667728446995,0.8491446345256609,0.4906779661016949,0.11082033805413442,0.8309963284073288,calibrated,3.82
NY,combined,3.5,weak,301,0.09708333333333333,-0.4410528389985263,0.8483547925608012,0.5648957632817754,0.11356399211596922,0.9344752385943661,calibrated,3.82
NY,combined,3.5,weak,302,0.09458333333333334,-0.44909063638908603,0.8458149779735683,0.561501042390549,0.10340060221783032,0.9445034446069498,calibrated,3.82
NY,combined,3.5,weak,303,0.09444444444444444,-0.4331771820319186,0.8514705882352941,0.581950895819509,0.12025296668679906,0.9413189630033492,calibrated,3.82
NY,combined,3.5,weak,304,0.09861111111111111,-0.46172762447623844,0.8633802816901408,0.5070318282753515,0.10631351014932887,0.9412571637051614,calibrated,3.82
NY,combined,3.5,weak,305,0.0975,-0.4351417788198922,0.8675213675213675,0.5776762402088773,0.11955983794963472,0.9408670976538228,calibrated,3.82
NY,combined,3.5,weak,306,0.09555555555555556,-0.45662933730229394,0.8401162790697675,0.5621584699453552,0.10233061246286558,0.9605619480519481,calibrated,3.82
NY,combined,3.5,weak,307,0.09597222222222222,-0.44767779099193544,0.8639652677279306,0.5721925133689839,0.10696142213091482,0.9474543124232565,calibrated,3.82
NY,combined,3.5,weak,308,0.09652777777777778,-0.4442270311375426,0.8618705035971223,0.5640326975476839,0.10624325845844752,0.9314938658172416,calibrated,3.82
NY,combined,4.0,weak,301,0.10097222222222223,-0.44885833572113526,0.8679504814305364,0.6267916207276737,0.11481078037533499,0.9636642756579895,calibrated,3.82
NY,combined,4.0,weak,302,0.09875,-0.4725908157441307,0.849507735583685,0.6146256529309344,0.10449733558985895,0.9834373394966615,calibrated,3.82
NY,combined,4.0,weak,303,0.09888888888888889,-0.4525032291844489,0.8553370786516854,0.628140703517588,0.12510478184700413,0.9735897435897436,calibrated,3.82
NY,combined,4.0,weak,304,0.10013888888888889,-0.48082564010041595,0.8765603328710125,0.5727908455181182,0.1087585477534116,0.9670076696893056,calibrated,3.82
NY,combined,4.0,weak,305,0.10013888888888889,-0.4566506943215438,0.8432732316227461,0.6331685886875343,0.1239624553206382,0.9702393127521648,calibrated,3.82
NY,combined,4.0,weak,306,0.09972222222222223,-0.4668357717190014,0.8607242339832869,0.6122209165687427,0.1064717838599274,0.9767821067821069,calibrated,3.82
NY,combined,4.0,weak,307,0.10055555555555555,-0.47186506668920764,0.8812154696132597,0.6236619718309859,0.10913865165211471,0.9706763285024155,calibrated,3.82
NY,combined,4.0,weak,308,0.10111111111111111,-0.47308830682911923,0.8585164835164835,0.6050321825629023,0.10798931335950031,0.9834311779164303,calibrated,3.82
NY,combined,5.0,weak,301,0.10555555555555556,-0.47549667351531144,0.8447368421052631,0.6679227508243052,0.1151285120018848,0.9933557046979865,calibrated,3.82
NY,combined,5.0,weak,302,0.10208333333333333,-0.4754952319102296,0.8340136054421768,0.6597118728266269,0.10111327883230659,0.9933333333333333,calibrated,3.82
NY,combined,5.0,weak,303,0.10361111111111111,-0.46638306976011457,0.8525469168900804,0.6726584673604541,0.11978212041988624,0.9933333333333333,calibrated,3.82
NY,combined,5.0,weak,304,0.10458333333333333,-0.5074801309251572,0.8565737051792829,0.6178067318132465,0.10887542746853984,0.9933333333333333,calibrated,3.82
NY,combined,5.0,weak,305,0.10513888888888889,-0.4678642622002363,0.8665785997357992,0.6702881435994331,0.12599537410846262,1.0,calibrated,3.82
NY,combined,5.0,weak,306,0.10333333333333333,-0.48433345382307413,0.8481182795698925,0.6573705179282868,0.1019466719179501,0.9933333333333333,calibrated,3.82
NY,combined,5.0,weak,307,0.10444444444444445,-0.4800566169295472,0.8816489361702128,0.6755743084857009,0.10881228624872802,0.9800951395050774,calibrated,3.82
NY,combined,5.0,weak,308,0.10625,-0.4853147286899932,0.8705882352941177,0.6579457364341085,0.11034333827701688,0.99,calibrated,3.82
NY,combined,6.0,weak,301,0.10833333333333334,-0.4873982070499545,0.8461538461538461,0.6599247412982127,0.11405145454054032,1.0,calibrated,3.82
NY,combined,6.0,weak,302,0.10277777777777777,-0.49935679324495413,0.8527027027027027,0.6554832248372559,0.10699229611262857,0.9966666666666667,calibrated,3.82
NY,combined,6.0,weak,303,0.10680555555555556,-0.4836389589119324,0.8504551365409623,0.6636750118091639,0.12012131915229007,1.0,calibrated,3.82
NY,combined,6.0,weak,304,0.10652777777777778,-0.505584074809612,0.8409387222946545,0.6079607415485279,0.11556943963251465,1.0,calibrated,3.82
NY,combined,6.0,weak,305,0.10666666666666667,-0.4818775345810336,0.84765625,0.6696220251983201,0.1183136456459442,1.0,calibrated,3.82
NY,combined,6.0,weak,306,0.1063888888888889,-0.4847118072045301,0.8550913838120104,0.6560232220609579,0.10744035029985492,1.0,calibrated,3.82
NY,combined,6.0,weak,307,0.10680555555555556,-0.48274174734095093,0.8686605981794538,0.6685159500693482,0.11078948906019857,0.9966666666666667,calibrated,3.82
NY,combined,6.0,weak,308,0.1076388888888889,-0.4895498833260066,0.8722580645161291,0.6574029707714423,0.10772211362573185,0.9966666666666667,calibrated,3.82
TX,combined,0.0,medium,301,0.00625,-0.09159540097370322,0.1111111111111111,0.02564102564102564,0.19989377863211813,0.16916681559039773,calibrated,3.82
TX,combined,0.0,medium,302,0.0075,-0.11173134901096103,0.16666666666666666,0.0,0.20101857484123634,0.1672871892950777,calibrated,3.82
TX,combined,0.0,medium,303,0.005833333333333334,-0.10972809586368484,0.09523809523809523,0.0,0.1989865235559325,0.18172436502925007,calibrated,3.82
TX,combined,0.0,medium,304,0.007916666666666667,-0.14325616167598537,0.10526315789473684,0.018867924528301886,0.20091706239916615,0.19109839232492842,calibrated,3.82
TX,combined,0.0,medium,305,0.004722222222222222,-0.09204715253737013,0.08823529411764706,0.0,0.19845612651544575,0.1812447795637225,calibrated,3.82
TX,combined,0.0,medium,306,0.005277777777777778,-0.09747508586895345,0.10526315789473684,0.0,0.1988905757724334,0.181904615320813,calibrated,3.82
TX,combined,0.0,medium,307,0.005555555555555556,-0.12185361243624086,0.25,0.0,0.19995815651345994,0.17849172385750423,calibrated,3.82
TX,combined,0.0,medium,308,0.00986111111111111,-0.14245439620871939,0.28169014084507044,0.0,0.1993118072837821,0.1791246992213705,calibrated,3.82
TX,combined,0.5,medium,301,0.01513888888888889,-0.1681002623668692,0.26605504587155965,0.01020408163265306,0.154645360536773,0.21154335320467357,calibrated,3.82
TX,combined,0.5,medium,302,0.014444444444444444,-0.19670875004994143,0.21153846153846154,0.029411764705882353,0.15530170650869568,0.19406843616350206,calibrated,3.82
TX,combined,0.5,medium,303,0.015833333333333335,-0.17407023751485523,0.3157894736842105,0.0,0.15591588537584564,0.20398526292402808,calibrated,3.82
TX,combined,0.5,medium,304,0.015277777777777777,-0.19480025958044173,0.39090909090909093,0.020202020202020204,0.1559581476173669,0.20421160390761056,calibrated,3.82
TX,combined,0.5,medium,305,0.015694444444444445,-0.16081855283336532,0.3185840707964602,0.01834862385321101,0.15570827819468822,0.203824068084188,calibrated,3.82
TX,combined,0.5,medium,306,0.013888888888888888,-0.1786651552878326,0.35,0.0,0.15548416179009653,0.20154875827578705,calibrated,3.82
TX,combined,0.5,medium,307,0.013055555555555556,-0.15571087535122952,0.19148936170212766,0.0,0.1550967517433208,0.20453765000701682,calibrated,3.82
TX,combined,0.5,medium,308,0.015555555555555555,-0.2271173546559097,0.32142857142857145,0.0,0.1544056589305088,0.22578066943584219,calibrated,3.82
TX,combined,1.0,medium,301,0.029861111111111113,-0.2154900544604195,0.5255813953488372,0.08294930875576037,0.12182043951396515,0.26757092287534057,calibrated,3.82
TX,combined,1.0,medium,302,0.032916666666666664,-0.27427897336213886,0.5232067510548524,0.05555555555555555,0.1161007091317469,0.2922985683766211,calibrated,3.82
TX,combined,1.0,medium,303,0.030555555555555555,-0.243144050395021,0.4772727272727273,0.03398058252427184,0.13038870079300843,0.2919861998879487,calibrated,3.82
TX,combined,1.0,medium,304,0.03222222222222222,-0.2647837410851984,0.5474137931034483,0.05263157894736842,0.13144566414949097,0.2983045937326069,calibrated,3.82
TX,combined,1.0,medium,305,0.03333333333333333,-0.23555071067136377,0.5125,0.102880658436214,0.1217392721026494,0.28955923958795426,calibrated,3.82
TX,combined,1.0,medium,306,0.029861111111111113,-0.22961734914853837,0.48372093023255813,0.03827751196172249,0.12182044529235862,0.2904559748493061,calibrated,3.82
TX,combined,1.0,medium,307,0.034444444444444444,-0.2789512930717843,0.5443548387096774,0.04782608695652174,0.122220673003067,0.33132591850140025,calibrated,3.82
TX,combined,1.0,medium,308,0.034305555555555554,-0.2880713303552539,0.5668016194331984,0.012987012987012988,0.12111632745073926,0.33102218421218604,calibrated,3.82
TX,combined,1.5,medium,301,0.058333333333333334,-0.3698225103762951,0.7428571428571429,0.20496894409937888,0.11248016720561216,0.5460118611609343,calibrated,3.82
TX,combined,1.5,medium,302,0.06055555555555556,-0.3926046597025696,0.713302752293578,0.14285714285714285,0.11332318760616977,0.5704179415373881,calibrated,3.82
TX,combined,1.5,medium,303,0.06097222222222222,-0.40150557534054204,0.7129840546697038,0.1431578947368421,0.12305099762913252,0.5980534352869775,calibrated,3.82
TX,combined,1.5,medium,304,0.058333333333333334,-0.3813774745907244,0.7214285714285714,0.15502183406113537,0.12155525779752548,0.5529004815528081,calibrated,3.82
TX,combined,1.5,medium,305,0.05625,-0.3544020929879569,0.6567901234567901,0.2046908315565032,0.11523806856775352,0.5205917903667371,calibrated,3.82
TX,combined,1.5,medium,306,0.057777777777777775,-0.345424989515048,0.6658653846153846,0.11737089201877934,0.11069114032265936,0.5389524648604951,calibrated,3.82
TX,combined,1.5,medium,307,0.06333333333333334,-0.41967926473512707,0.7324561403508771,0.12393162393162394,0.11090034506807277,0.6365272890468439,calibrated,3.82
TX,combined,1.5,medium,308,0.059722222222222225,-0.39147220361967067,0.727906976744186,0.16666666666666666,0.11904165555517084,0.5724935647254209,calibrated,3.82
TX,combined,2.0,medium,301,0.07694444444444444,-0.4410201081912974,0.7653429602888087,0.31117021276595747,0.10699789034673583,0.7959422833665828,calibrated,3.82
TX,combined,2.0,medium,302,0.07930555555555556,-0.49081943835247727,0.7828371278458844,0.2671232876712329,0.11491329826718795,0.8656100571516295,calibrated,3.82
TX,combined,2.0,medium,303,0.07847222222222222,-0.46838034290822683,0.7911504424778761,0.2696011004126547,0.12059489039478057,0.8719586542851859,calibrated,3.82
TX,combined,2.0,medium,304,0.07611111111111112,-0.445002982339939,0.8047445255474452,0.25697503671071953,0.11387225570171595,0.7841376585505593,calibrated,3.82
TX,combined,2.0,medium,305,0.07736111111111112,-0.4402578810629387,0.7522441651705566,0.2965986394557823,0.11473294250323333,0.8122031257103346,calibrated,3.82
TX,combined,2.0,medium,306,0.07680555555555556,-0.4520251881527099,0.8354430379746836,0.24489795918367346,0.10799905117609648,0.7994280800866339,calibrated,3.82
TX,combined,2.0,medium,307,0.0798611111111111,-0.4880250783901043,0.7860869565217391,0.21823617339312407,0.10993484024332634,0.8413286232820174,calibrated,3.82
TX,combined,2.0,medium,308,0.07722222222222222,-0.4720193515765753,0.8039568345323741,0.24233576642335766,0.12054040019897046,0.8188181044862685,calibrated,3.82
TX,combined,2.5,medium,301,0.08875,-0.5038377690136043,0.8403755868544601,0.4281609195402299,0.10768814406730141,0.9313463381929966,calibrated,3.82
TX,combined,2.5,medium,302,0.08625,-0.5171163368501555,0.8438003220611916,0.3927461139896373,0.11517613038555381,0.9474663365669933,calibrated,3.82
TX,combined,2.5,medium,303,0.08708333333333333,-0.5118509741803516,0.835725677830941,0.3867924528301887,0.11718839342764036,0.9285084766450563,calibrated,3.82
TX,combined,2.5,medium,304,0.08944444444444444,-0.5022963876898652,0.8229813664596274,0.3891726251276813,0.11083819893349744,0.9475673513869185,calibrated,3.82
TX,combined,2.5,medium,305,0.08777777777777777,-0.4803016888931308,0.8180379746835443,0.42561576354679803,0.11856083198797085,0.937684864188761,calibrated,3.82
TX,combined,2.5,medium,306,0.08847222222222222,-0.49937677176481327,0.8602825745682888,0.36305048335123524,0.10590906403259276,0.9352940986216849,calibrated,3.82
TX,combined,2.5,medium,307,0.08805555555555555,-0.5237282775439325,0.8375394321766562,0.36961206896551724,0.10992381522605223,0.9505140909240288,calibrated,3.82
TX,combined,2.5,medium,308,0.08625,-0.5162249589628537,0.8083735909822867,0.37648327939590076,0.11590348182356579,0.9188663438011232,calibrated,3.82
TX,combined,3.0,medium,301,0.09277777777777778,-0.5210710481090197,0.844311377245509,0.48976248976248976,0.1103840778288806,0.9638734540999643,calibrated,3.82
TX,combined,3.0,medium,302,0.08875,-0.5229208854857091,0.8215962441314554,0.5033222591362126,0.11203926091074985,0.9570615139598753,calibrated,3.82
TX,combined,3.0,medium,303,0.09097222222222222,-0.519062592153792,0.8473282442748091,0.45943562610229277,0.11495919117441145,0.9701150766712578,calibrated,3.82
TX,combined,3.0,medium,304,0.09416666666666666,-0.5205839454687611,0.8421828908554573,0.49758842443729906,0.11311439281974874,0.9671061213579257,calibrated,3.82
TX,combined,3.0,medium,305,0.09055555555555556,-0.5081683080184226,0.8220858895705522,0.49331103678929766,0.1185544528605542,0.9636726354242857,calibrated,3.82
TX,combined,3.0,medium,306,0.0925,-0.524733917633988,0.8393393393393394,0.4764705882352941,0.10677769581330847,0.970241313131313,calibrated,3.82
TX,combined,3.0,medium,307,0.09277777777777778,-0.5482954174759769,0.8577844311377245,0.4493273542600897,0.107525145260233,0.9833766233766232,calibrated,3.82
TX,combined,3.0,medium,308,0.09111111111111111,-0.5475418985337225,0.8429878048780488,0.44940747493163175,0.1185565464174776,0.9736268670826242,calibrated,3.82
TX,combined,3.5,medium,301,0.0961111111111111,-0.529636728356112,0.8439306358381503,0.5525400139178844,0.11093896717654961,0.9767676767676767,calibrated,3.82
TX,combined,3.5,medium,302,0.09069444444444444,-0.5452871238324631,0.8269525267993875,0.5399551904406273,0.11182422427742095,0.9833528265107212,calibrated,3.82
TX,combined,3.5,medium,303,0.09402777777777778,-0.5385529707778697,0.8360413589364845,0.525487256371814,0.11375555750464396,0.99,calibrated,3.82
TX,combined,3.5,medium,304,0.09597222222222222,-0.5393101260191193,0.8480463096960926,0.5607734806629834,0.1131811582697773,0.986763925729443,calibrated,3.82
TX,combined,3.5,medium,305,0.09402777777777778,-0.5109744595731357,0.8212703101920237,0.5510349750178444,0.11895720342635523,0.9867802257581941,calibrated,3.82
TX,combined,3.5,medium,306,0.09513888888888888,-0.5324115928459308,0.8583941605839416,0.5334313005143277,0.10580681681161341,0.9768844988040879,calibrated,3.82
TX,combined,3.5,medium,307,0.09444444444444444,-0.5567662541851253,0.8441176470588235,0.5173210161662818,0.10806138879321825,0.9966666666666667,calibrated,3.82
TX,combined,3.5,medium,308,0.09319444444444444,-0.5452627880044472,0.8375558867362146,0.5071090047393365,0.11966621151178893,0.99,calibrated,3.82
TX,combined,4.0,medium,301,0.09875,-0.5359290078750817,0.8466947960618847,0.5740498034076016,0.11210794001787394,0.9800401606425703,calibrated,3.82
TX,combined,4.0,medium,302,0.09236111111111112,-0.5500143628797718,0.8075187969924812,0.5708418891170431,0.1107809227894339,0.9966666666666667,calibrated,3.82
TX,combined,4.0,medium,303,0.09541666666666666,-0.5507884195601248,0.8384279475982532,0.5546334716459198,0.11509915563875528,1.0,calibrated,3.82
TX,combined,4.0,medium,304,0.09847222222222222,-0.5418578583223785,0.8589562764456982,0.5806658130601793,0.11389860509593158,0.9966666666666667,calibrated,3.82
TX,combined,4.0,medium,305,0.09555555555555556,-0.5189756478653721,0.8226744186046512,0.5846852693056457,0.11956268504550051,0.9933333333333333,calibrated,3.82
TX,combined,4.0,medium,306,0.09583333333333334,-0.5438161139012648,0.8536231884057971,0.5591471801925723,0.10656851184364811,0.9966666666666667,calibrated,3.82
TX,combined,4.0,medium,307,0.09652777777777778,-0.5513095780469883,0.837410071942446,0.5444207533759773,0.11053988793319464,0.99,calibrated,3.82
TX,combined,4.0,medium,308,0.0948611111111111,-0.5530013269356716,0.8330893118594437,0.5431034482758621,0.11895084700270375,0.9933333333333333,calibrated,3.82
TX,combined,5.0,medium,301,0.10069444444444445,-0.5374146154380834,0.8358620689655173,0.5880541871921182,0.11291172868259806,0.9966666666666667,calibrated,3.82
TX,combined,5.0,medium,302,0.09416666666666666,-0.5546269901900193,0.7949852507374632,0.5828947368421052,0.10988606947157144,1.0,calibrated,3.82
TX,combined,5.0,medium,303,0.09722222222222222,-0.5440127282745787,0.8228571428571428,0.5890151515151515,0.11298996032446783,0.9933333333333333,calibrated,3.82
TX,combined,5.0,medium,304,0.10027777777777777,-0.5438306006442147,0.8407202216066482,0.5882716049382716,0.11478007378495654,1.0,calibrated,3.82
TX,combined,5.0,medium,305,0.09847222222222222,-0.5503147786624885,0.8363892806770099,0.5904879555281037,0.11606160652124135,1.0,calibrated,3.82
TX,combined,5.0,medium,306,0.09861111111111111,-0.5462863616999599,0.847887323943662,0.5770953294945618,0.107566305143612,0.9966666666666667,calibrated,3.82
TX,combined,5.0,medium,307,0.09777777777777778,-0.5747641930773487,0.8366477272727273,0.5353824160114368,0.11014990156531658,1.0,calibrated,3.82
TX,combined,5.0,medium,308,0.09555555555555556,-0.5591833638389145,0.8386627906976745,0.5633995887594243,0.12005756695292587,1.0,calibrated,3.82
TX,combined,6.0,medium,301,0.10138888888888889,-0.5540556579982948,0.8301369863013699,0.5624595469255663,0.11279289359400067,0.9966666666666668,calibrated,3.82
TX,combined,6.0,medium,302,0.09541666666666666,-0.5517068496402824,0.7903930131004366,0.5630936227951153,0.11165054794413842,1.0,calibrated,3.82
TX,combined,6.0,medium,303,0.09972222222222223,-0.55200336984446,0.8217270194986073,0.5667098445595855,0.11659393707809625,1.0,calibrated,3.82
TX,combined,6.0,medium,304,0.1,-0.5476851058240433,0.8375,0.5756035578144854,0.1172068013677246,1.0,calibrated,3.82
TX,combined,6.0,medium,305,0.10027777777777777,-0.5476404934624802,0.8434903047091413,0.5785175879396985,0.11558920358397685,1.0,calibrated,3.82
TX,combined,6.0,medium,306,0.10027777777777777,-0.5453845212086039,0.814404432132964,0.5607353906762967,0.1099537511439343,0.9966666666666667,calibrated,3.82
TX,combined,6.0,medium,307,0.09833333333333333,-0.5701896107783675,0.8290960451977402,0.5188749074759438,0.10989692948474876,0.9966666666666667,calibrated,3.82
TX,combined,6.0,medium,308,0.09694444444444444,-0.5653308336209688,0.8438395415472779,0.5400993612491128,0.118232387400944,1.0,calibrated,3.82
TX,combined,0.0,strong,301,0.00625,-0.11637167748578958,0.2222222222222222,0.0,0.19920063390520404,0.18681771337425807,calibrated,3.82
TX,combined,0.0,strong,302,0.009583333333333333,-0.16384944871986548,0.2753623188405797,0.0,0.1995141366637605,0.18075274504061634,calibrated,3.82
TX,combined,0.0,strong,303,0.006527777777777778,-0.09089171898609275,0.1702127659574468,0.0,0.19882770779167383,0.18750345838462606,calibrated,3.82
TX,combined,0.0,strong,304,0.006944444444444444,-0.09940208810511812,0.08,0.0,0.19953942777012815,0.19911849430303932,calibrated,3.82
TX,combined,0.0,strong,305,0.009027777777777777,-0.11011050419772041,0.07692307692307693,0.0,0.19994005574602822,0.1926119148213138,calibrated,3.82
TX,combined,0.0,strong,306,0.006666666666666667,-0.0915189804032061,0.1875,0.0,0.19971617583623313,0.19315136278738096,calibrated,3.82
TX,combined,0.0,strong,307,0.007222222222222222,-0.15447016782750295,0.21153846153846154,0.0,0.19914253409045868,0.18215217419158664,calibrated,3.82
TX,combined,0.0,strong,308,0.007638888888888889,-0.14101124112400135,0.12727272727272726,0.0,0.20163475452715798,0.18828158774945739,calibrated,3.82
TX,combined,0.5,strong,301,0.019166666666666665,-0.17430128341625117,0.36231884057971014,0.030534351145038167,0.15519555319559156,0.2187358178501825,calibrated,3.82
TX,combined,0.5,strong,302,0.020833333333333332,-0.253181957127118,0.4,0.05263157894736842,0.15523195532032044,0.2411511918501028,calibrated,3.82
TX,combined,0.5,strong,303,0.020694444444444446,-0.1910132875894503,0.4161073825503356,0.029411764705882353,0.15771862829037053,0.22944224555122153,calibrated,3.82
TX,combined,0.5,strong,304,0.01902777777777778,-0.19582151022536504,0.40875912408759124,0.06060606060606061,0.1575886186263181,0.23703556896460626,calibrated,3.82
TX,combined,0.5,strong,305,0.01875,-0.19631457314193773,0.37037037037037035,0.038461538461538464,0.15480512499275098,0.23246025501368028,calibrated,3.82
TX,combined,0.5,strong,306,0.018194444444444444,-0.14642815195185216,0.32061068702290074,0.02459016393442623,0.1565057142656454,0.2200573068986002,calibrated,3.82
TX,combined,0.5,strong,307,0.021388888888888888,-0.21063287351651522,0.4025974025974026,0.02054794520547945,0.15730151980875423,0.2408035119487441,calibrated,3.82
TX,combined,0.5,strong,308,0.01888888888888889,-0.22563096048617623,0.4117647058823529,0.008403361344537815,0.15636071367024226,0.23012979135365427,calibrated,3.82
TX,combined,1.0,strong,301,0.03861111111111111,-0.279933650742601,0.5575539568345323,0.14093959731543623,0.12194938556605874,0.34316569516643,calibrated,3.82
TX,combined,1.0,strong,302,0.044305555555555556,-0.3338169538567989,0.6332288401253918,0.15406976744186046,0.11670866512828117,0.4001120488244962,calibrated,3.82
TX,combined,1.0,strong,303,0.03777777777777778,-0.26475208305299003,0.5625,0.14576271186440679,0.13409632224978066,0.3615877018353435,calibrated,3.82
TX,combined,1.0,strong,304,0.03888888888888889,-0.2904071166618726,0.5178571428571429,0.11604095563139932,0.12592752193815973,0.35079776603672097,calibrated,3.82
TX,combined,1.0,strong,305,0.037083333333333336,-0.2712223870448795,0.602996254681648,0.16498316498316498,0.12086824295256605,0.33120568934560596,calibrated,3.82
TX,combined,1.0,strong,306,0.03847222222222222,-0.30425699277946167,0.6064981949458483,0.15359477124183007,0.12276392060205492,0.34516977722824405,calibrated,3.82
TX,combined,1.0,strong,307,0.04388888888888889,-0.328517398723513,0.6550632911392406,0.10725552050473186,0.12158990805627225,0.3959289893549023,calibrated,3.82
TX,combined,1.0,strong,308,0.042083333333333334,-0.32531586548510844,0.6501650165016502,0.0707070707070707,0.11964561343672415,0.4015799457614369,calibrated,3.82
TX,combined,1.5,strong,301,0.06097222222222222,-0.34637564992788916,0.6856492027334852,0.3044982698961938,0.11795529669125633,0.5355546405789238,calibrated,3.82
TX,combined,1.5,strong,302,0.06722222222222222,-0.43598275269261255,0.7520661157024794,0.26384364820846906,0.11176057611808825,0.7239184486798351,calibrated,3.82
TX,combined,1.5,strong,303,0.06736111111111111,-0.4171659768332218,0.7793814432989691,0.20572450805008943,0.12277873806179303,0.689488256529796,calibrated,3.82
TX,combined,1.5,strong,304,0.06569444444444444,-0.3918693746492429,0.7674418604651163,0.29901960784313725,0.12272259364386617,0.6393449691658671,calibrated,3.82
TX,combined,1.5,strong,305,0.06527777777777778,-0.4013597918639677,0.7531914893617021,0.28921568627450983,0.11337660722078886,0.6370111086990226,calibrated,3.82
TX,combined,1.5,strong,306,0.065,-0.39537986517264617,0.7542735042735043,0.25383304940374785,0.11299925195828535,0.6381904933405357,calibrated,3.82
TX,combined,1.5,strong,307,0.07166666666666667,-0.4492394136364993,0.7945736434108527,0.26881720430107525,0.10674907948650786,0.7584948798168593,calibrated,3.82
TX,combined,1.5,strong,308,0.06875,-0.4507520605729321,0.7858585858585858,0.20877192982456141,0.1177817870483789,0.7184783523679587,calibrated,3.82
TX,combined,2.0,strong,301,0.08513888888888889,-0.4647947514996761,0.8368678629690048,0.39289558665231433,0.1059993734133553,0.8940739550341842,calibrated,3.82
TX,combined,2.0,strong,302,0.08305555555555555,-0.5133061744728015,0.8327759197324415,0.3812154696132597,0.1142264105615161,0.9377310500670012,calibrated,3.82
TX,combined,2.0,strong,303,0.08208333333333333,-0.4757279336920501,0.8020304568527918,0.34502923976608185,0.12205275822229526,0.9152706615394682,calibrated,3.82
TX,combined,2.0,strong,304,0.085,-0.48103256593491106,0.8349673202614379,0.3869565217391304,0.1151618964447838,0.9064189298319275,calibrated,3.82
TX,combined,2.0,strong,305,0.08388888888888889,-0.4792099216191876,0.8327814569536424,0.3762597984322508,0.11942633858224179,0.9068857122940002,calibrated,3.82
TX,combined,2.0,strong,306,0.08458333333333333,-0.4767709308014883,0.8407224958949097,0.31143552311435524,0.10970655044846628,0.9120652247748383,calibrated,3.82
TX,combined,2.0,strong,307,0.08625,-0.5218496948656772,0.8373590982286635,0.3172496984318456,0.10625323198145491,0.9509088395151112,calibrated,3.82
TX,combined,2.0,strong,308,0.08388888888888889,-0.5099224388974154,0.8278145695364238,0.3446261682242991,0.116965932800587,0.9032570472043778,calibrated,3.82
TX,combined,2.5,strong,301,0.09083333333333334,-0.5059790581700396,0.8577981651376146,0.4830220713073005,0.1050302280008169,0.9636559183732004,calibrated,3.82
TX,combined,2.5,strong,302,0.08680555555555555,-0.5366673961515372,0.8368,0.4744852282900627,0.11478405731608204,0.9833528265107213,calibrated,3.82
TX,combined,2.5,strong,303,0.09097222222222222,-0.5224496304511067,0.8595419847328244,0.4575221238938053,0.11583177679398456,0.9833333333333333,calibrated,3.82
TX,combined,2.5,strong,304,0.09097222222222222,-0.5188808363860825,0.8519083969465648,0.4641275465013286,0.11134428305169226,0.9834022988505745,calibrated,3.82
TX,combined,2.5,strong,305,0.08861111111111111,-0.506488518664038,0.835423197492163,0.46875,0.11808698223959417,0.9734733517568099,calibrated,3.82
TX,combined,2.5,strong,306,0.09069444444444444,-0.5158042535534838,0.8499234303215927,0.44855595667870035,0.10734603119136242,0.9733970342522974,calibrated,3.82
TX,combined,2.5,strong,307,0.08972222222222222,-0.5389880062483253,0.846749226006192,0.41957364341085274,0.1125312812458989,0.9800483091787442,calibrated,3.82
TX,combined,2.5,strong,308,0.0901388888888889,-0.541083264606081,0.8597842835130971,0.4440333024976873,0.1192621856992912,0.9767728146129457,calibrated,3.82
TX,combined,3.0,strong,301,0.09444444444444444,-0.5165148144042716,0.85,0.5393586005830904,0.10827260805770021,0.9669232054703066,calibrated,3.82
TX,combined,3.0,strong,302,0.08944444444444444,-0.5315259252450498,0.8136645962732919,0.5326671790930054,0.11355085503817026,0.9866861598440547,calibrated,3.82
TX,combined,3.0,strong,303,0.09208333333333334,-0.5371778878050044,0.8506787330316742,0.5024038461538461,0.1139403099046047,0.9867455621301775,calibrated,3.82
TX,combined,3.0,strong,304,0.09347222222222222,-0.5268560829979281,0.8484398216939079,0.5307346326836582,0.11432481983979464,0.99,calibrated,3.82
TX,combined,3.0,strong,305,0.09319444444444444,-0.5151038677074946,0.8301043219076006,0.5402808573540281,0.11980187887073089,0.9900000000000002,calibrated,3.82
TX,combined,3.0,strong,306,0.09375,-0.5318142500216562,0.8474074074074074,0.5135344160866203,0.10881742966615526,0.9833531746031745,calibrated,3.82
TX,combined,3.0,strong,307,0.09347222222222222,-0.5421965867723917,0.8410104011887073,0.5032051282051282,0.11202733420265842,0.9933333333333333,calibrated,3.82
TX,combined,3.0,strong,308,0.09166666666666666,-0.5511955075736696,0.8287878787878787,0.5040322580645161,0.12134668833075525,0.9768101733502204,calibrated,3.82
TX,combined,3.5,strong,301,0.09625,-0.5351737434093283,0.8556998556998557,0.5784635587655942,0.11115144932376642,0.9866666666666667,calibrated,3.82
TX,combined,3.5,strong,302,0.09180555555555556,-0.5314128789066146,0.8290468986384266,0.5655853314527504,0.11243282630480712,0.99,calibrated,3.82
TX,combined,3.5,strong,303,0.09472222222222222,-0.5365823795557632,0.8313782991202346,0.5621993127147766,0.11401607182841378,0.9966666666666667,calibrated,3.82
TX,combined,3.5,strong,304,0.09652777777777778,-0.5365603614540844,0.8575539568345324,0.572,0.11383897259162114,0.9900490196078433,calibrated,3.82
TX,combined,3.5,strong,305,0.09513888888888888,-0.5249108023053265,0.8423357664233576,0.5778223112892451,0.11555229070204454,0.9966666666666667,calibrated,3.82
TX,combined,3.5,strong,306,0.09680555555555556,-0.5313400395568638,0.8565279770444764,0.5572987721691678,0.1075769766263403,0.9966666666666667,calibrated,3.82
TX,combined,3.5,strong,307,0.095,-0.55967152574525,0.8333333333333334,0.5377842993396919,0.10745346511029254,1.0,calibrated,3.82
TX,combined,3.5,strong,308,0.09347222222222222,-0.5532931864294133,0.8558692421991084,0.5367316341829086,0.11929224041619928,0.9866869918699187,calibrated,3.82
TX,combined,4.0,strong,301,0.09805555555555556,-0.5387039985672507,0.830028328611898,0.5891959798994975,0.1083249405252909,0.9966666666666667,calibrated,3.82
TX,combined,4.0,strong,302,0.09291666666666666,-0.5520080193923099,0.8221225710014948,0.5947334617854849,0.1132592213163025,0.9966666666666667,calibrated,3.82
TX,combined,4.0,strong,303,0.09583333333333334,-0.5474161837062299,0.8434782608695652,0.5798701298701299,0.11522151971705195,1.0,calibrated,3.82
TX,combined,4.0,strong,304,0.09791666666666667,-0.5393151214139822,0.8411347517730496,0.6020719073735528,0.11629527307938232,0.9933333333333333,calibrated,3.82
TX,combined,4.0,strong,305,0.09694444444444444,-0.5358821530624445,0.8567335243553008,0.595134123518403,0.11867121734233681,1.0,calibrated,3.82
TX,combined,4.0,strong,306,0.09722222222222222,-0.540133830396219,0.8314285714285714,0.5720868992758393,0.10688684766825908,0.9933333333333333,calibrated,3.82
TX,combined,4.0,strong,307,0.09583333333333334,-0.5614930433240773,0.8420289855072464,0.5605226960110041,0.11188439298131532,0.9966666666666667,calibrated,3.82
TX,combined,4.0,strong,308,0.095,-0.558743525067353,0.8421052631578947,0.5596140592694693,0.11965223681966596,0.9966666666666667,calibrated,3.82
TX,combined,5.0,strong,301,0.09972222222222223,-0.5460370142814569,0.8161559888579387,0.587360594795539,0.11029510560058059,0.9933557046979865,calibrated,3.82
TX,combined,5.0,strong,302,0.09388888888888888,-0.5539583711127434,0.8062130177514792,0.5887305699481865,0.11293662738807299,1.0,calibrated,3.82
TX,combined,5.0,strong,303,0.09847222222222222,-0.5469188429627968,0.8279266572637518,0.5914445133292002,0.11530113156406126,1.0,calibrated,3.82
TX,combined,5.0,strong,304,0.10013888888888889,-0.5427195744596613,0.841886269070735,0.596996996996997,0.1168486489242151,1.0,calibrated,3.82
TX,combined,5.0,strong,305,0.09916666666666667,-0.5423217617464198,0.8389355742296919,0.6075205640423031,0.11983849606142162,1.0,calibrated,3.82
TX,combined,5.0,strong,306,0.09930555555555555,-0.5437291427965685,0.8307692307692308,0.5869837296620776,0.10794227940753535,1.0,calibrated,3.82
TX,combined,5.0,strong,307,0.09708333333333333,-0.568987677217829,0.8426323319027181,0.5469845722300141,0.11110004098282734,1.0,calibrated,3.82
TX,combined,5.0,strong,308,0.0961111111111111,-0.5584025351085293,0.8352601156069365,0.5630538513974097,0.11741014239918822,0.9966666666666667,calibrated,3.82
TX,combined,6.0,strong,301,0.10152777777777777,-0.5506833102150783,0.8317373461012312,0.5676715843489416,0.11118595728145071,1.0,calibrated,3.82
TX,combined,6.0,strong,302,0.095,-0.5560698327193032,0.793859649122807,0.5616905248807089,0.11072036358629139,1.0,calibrated,3.82
TX,combined,6.0,strong,303,0.09763888888888889,-0.5444750086486762,0.829302987197724,0.566424322538004,0.11562137160747384,1.0,calibrated,3.82
TX,combined,6.0,strong,304,0.10055555555555555,-0.551703755221348,0.8425414364640884,0.5803627267041901,0.11542954458125793,1.0,calibrated,3.82
TX,combined,6.0,strong,305,0.09972222222222223,-0.5416136545349612,0.8356545961002786,0.5875462392108508,0.11408407444978008,1.0,calibrated,3.82
TX,combined,6.0,strong,306,0.09944444444444445,-0.5473214913198561,0.8226256983240223,0.5615183246073299,0.10978459214551173,1.0,calibrated,3.82
TX,combined,6.0,strong,307,0.09805555555555556,-0.5702797188457975,0.8314447592067988,0.5233576642335767,0.11190101336037973,1.0,calibrated,3.82
TX,combined,6.0,strong,308,0.09694444444444444,-0.5633205543173904,0.8438395415472779,0.5416666666666666,0.11870163859920894,1.0,calibrated,3.82
TX,combined,0.0,weak,301,0.006388888888888889,-0.09883680043642161,0.08695652173913043,0.023809523809523808,0.19853661584887172,0.16604035404604237,calibrated,3.82
TX,combined,0.0,weak,302,0.006527777777777778,-0.10939759689785841,0.14893617021276595,0.0,0.20058629351547083,0.16257605395425248,calibrated,3.82
TX,combined,0.0,weak,303,0.005277777777777778,-0.1143172568185395,0.13157894736842105,0.0,0.19921044053349699,0.17100319226809668,calibrated,3.82
TX,combined,0.0,weak,304,0.005,-0.10952303742978059,0.1388888888888889,0.0,0.2002883224599353,0.17432599468183618,calibrated,3.82
TX,combined,0.0,weak,305,0.00625,-0.12371214218591471,0.15555555555555556,0.0,0.20091222497363595,0.17217872269575732,calibrated,3.82
TX,combined,0.0,weak,306,0.006388888888888889,-0.10555074418902122,0.13043478260869565,0.0,0.1977779292739923,0.17494241710688022,calibrated,3.82
TX,combined,0.0,weak,307,0.004861111111111111,-0.08561395821930956,0.05714285714285714,0.0,0.20131033085107664,0.1784289962338596,calibrated,3.82
TX,combined,0.0,weak,308,0.008472222222222223,-0.10616462526251445,0.19672131147540983,0.0,0.20047054200693082,0.16730389154338904,calibrated,3.82
TX,combined,0.5,weak,301,0.011666666666666667,-0.12963507141937564,0.25,0.037037037037037035,0.15561531259952327,0.1815323291600318,calibrated,3.82
TX,combined,0.5,weak,302,0.012361111111111111,-0.14805720079476656,0.2247191011235955,0.0,0.1554724147557096,0.18379368602846757,calibrated,3.82
TX,combined,0.5,weak,303,0.012222222222222223,-0.14493726211560853,0.3181818181818182,0.0,0.15901236691554813,0.19075807495375682,calibrated,3.82
TX,combined,0.5,weak,304,0.014305555555555556,-0.1759509259293037,0.2524271844660194,0.0,0.15586531629306868,0.20123407349258082,calibrated,3.82
TX,combined,0.5,weak,305,0.014027777777777778,-0.13764391100997084,0.33663366336633666,0.0,0.15720278669244062,0.19154629903251358,calibrated,3.82
TX,combined,0.5,weak,306,0.013055555555555556,-0.12449925958342764,0.2765957446808511,0.011764705882352941,0.15599493833320272,0.19233880785651739,calibrated,3.82
TX,combined,0.5,weak,307,0.014722222222222222,-0.16007352636511163,0.24528301886792453,0.0,0.15574900307886266,0.19068138945929702,calibrated,3.82
TX,combined,0.5,weak,308,0.013055555555555556,-0.1867152962800156,0.26595744680851063,0.011627906976744186,0.15750531645415894,0.19498501845214822,calibrated,3.82
TX,combined,1.0,weak,301,0.02763888888888889,-0.20566113385229096,0.49246231155778897,0.011049723756906077,0.12360116940606951,0.26169115151103683,calibrated,3.82
TX,combined,1.0,weak,302,0.02666666666666667,-0.23400646474622147,0.3645833333333333,0.027624309392265192,0.1205579697054453,0.24242826335621762,calibrated,3.82
TX,combined,1.0,weak,303,0.02388888888888889,-0.20065537843605807,0.4127906976744186,0.019230769230769232,0.13113741939936926,0.24273865733071717,calibrated,3.82
TX,combined,1.0,weak,304,0.02722222222222222,-0.2135380490756688,0.4642857142857143,0.03763440860215054,0.13421707874992675,0.27088818931045666,calibrated,3.82
TX,combined,1.0,weak,305,0.030555555555555555,-0.20733815336386954,0.4681818181818182,0.07009345794392523,0.11941045497664095,0.273470414962098,calibrated,3.82
TX,combined,1.0,weak,306,0.025694444444444443,-0.1924695237748062,0.4594594594594595,0.017241379310344827,0.11921037336915487,0.24764818815586515,calibrated,3.82
TX,combined,1.0,weak,307,0.02638888888888889,-0.22216906557921534,0.4105263157894737,0.012048192771084338,0.12160110140007517,0.26316347866074935,calibrated,3.82
TX,combined,1.0,weak,308,0.02638888888888889,-0.21938568935831632,0.4,0.011560693641618497,0.12104552851708722,0.2525128631215696,calibrated,3.82
TX,combined,1.5,weak,301,0.04986111111111111,-0.312280760036159,0.6685236768802229,0.09392265193370165,0.11309845093373598,0.4176914843904444,calibrated,3.82
TX,combined,1.5,weak,302,0.04902777777777778,-0.32832007047133216,0.6203966005665722,0.11475409836065574,0.11060420969420819,0.4358788662494234,calibrated,3.82
TX,combined,1.5,weak,303,0.04875,-0.3382374778459586,0.6581196581196581,0.06876790830945559,0.12744451275003663,0.4674408953197326,calibrated,3.82
TX,combined,1.5,weak,304,0.04736111111111111,-0.310564930977761,0.5953079178885631,0.11581920903954802,0.11860748113541296,0.4450780153196689,calibrated,3.82
TX,combined,1.5,weak,305,0.04888888888888889,-0.30801229478399383,0.6022727272727273,0.10803324099722991,0.1120727452506088,0.42121300700381775,calibrated,3.82
TX,combined,1.5,weak,306,0.04638888888888889,-0.30632143467235234,0.5958083832335329,0.07164179104477612,0.1092764376648938,0.4218822446050139,calibrated,3.82
TX,combined,1.5,weak,307,0.05388888888888889,-0.34799510236298253,0.6623711340206185,0.0636604774535809,0.11203737436844445,0.5012186287268655,calibrated,3.82
TX,combined,1.5,weak,308,0.050833333333333335,-0.3713268585870604,0.639344262295082,0.096,0.11471897808989658,0.48656697763257983,calibrated,3.82
TX,combined,2.0,weak,301,0.07125,-0.41823567332164896,0.7368421052631579,0.18696397941680962,0.11231598722165224,0.6778842644789727,calibrated,3.82
TX,combined,2.0,weak,302,0.07138888888888889,-0.4402305578059046,0.7490272373540856,0.15289982425307558,0.1152013412078075,0.7443602159549759,calibrated,3.82
TX,combined,2.0,weak,303,0.07069444444444445,-0.43830730201966417,0.7760314341846758,0.19491525423728814,0.12311372344997029,0.7209136855590375,calibrated,3.82
TX,combined,2.0,weak,304,0.07,-0.410938132470048,0.7777777777777778,0.21922428330522767,0.1177202517924366,0.6711605138727766,calibrated,3.82
TX,combined,2.0,weak,305,0.07041666666666667,-0.40214345664964385,0.7455621301775148,0.24630541871921183,0.11641836477809919,0.6603012561351462,calibrated,3.82
TX,combined,2.0,weak,306,0.07013888888888889,-0.4168465827511787,0.7861386138613862,0.17553191489361702,0.1081886284828107,0.6741591742747746,calibrated,3.82
TX,combined,2.0,weak,307,0.07208333333333333,-0.4473379965799371,0.8188824662813102,0.17543859649122806,0.10997739852684807,0.7152386815278753,calibrated,3.82
TX,combined,2.0,weak,308,0.06986111111111111,-0.42837462633262907,0.757455268389662,0.15145985401459855,0.11758700362991518,0.6925052453837156,calibrated,3.82
TX,combined,2.5,weak,301,0.08583333333333333,-0.466965812033114,0.8252427184466019,0.3079710144927536,0.10769891966924099,0.8694395343566845,calibrated,3.82
TX,combined,2.5,weak,302,0.08236111111111111,-0.5035943452644912,0.7774030354131535,0.3180693069306931,0.1146815146664177,0.8750316551456937,calibrated,3.82
TX,combined,2.5,weak,303,0.08458333333333333,-0.48626192820741554,0.8489326765188834,0.2900763358778626,0.11714429788979196,0.8753725345759966,calibrated,3.82
TX,combined,2.5,weak,304,0.08416666666666667,-0.47663265527301973,0.7887788778877888,0.3392018779342723,0.11751598718027524,0.8553002802112606,calibrated,3.82
TX,combined,2.5,weak,305,0.08347222222222223,-0.45776057081316524,0.8252911813643927,0.3337378640776699,0.11917576883941915,0.8476494969301043,calibrated,3.82
TX,combined,2.5,weak,306,0.08513888888888889,-0.47055121663949223,0.831973898858075,0.31630170316301703,0.10734907987947863,0.866051822137758,calibrated,3.82
TX,combined,2.5,weak,307,0.08375,-0.5026900214797126,0.8291873963515755,0.27391874180865006,0.1114452580083955,0.8512243416274331,calibrated,3.82
TX,combined,2.5,weak,308,0.08,-0.4877042698172742,0.7760416666666666,0.28125,0.11872902006420966,0.8153497417486386,calibrated,3.82
TX,combined,3.0,weak,301,0.09041666666666667,-0.5029857746592218,0.8172043010752689,0.4582210242587601,0.10903587675936864,0.9279251763659768,calibrated,3.82
TX,combined,3.0,weak,302,0.08805555555555555,-0.5249969656654855,0.7870662460567823,0.4219204655674103,0.11207323357292416,0.9511310473152579,calibrated,3.82
TX,combined,3.0,weak,303,0.08875,-0.5158726938563067,0.8278560250391236,0.4117073170731707,0.11733889979814592,0.9439934621797624,calibrated,3.82
TX,combined,3.0,weak,304,0.09027777777777778,-0.5062790125715451,0.86,0.40476190476190477,0.11539106828586143,0.9093857717920666,calibrated,3.82
TX,combined,3.0,weak,305,0.09041666666666667,-0.49474050535708336,0.8310291858678955,0.451319381255687,0.12153936035844622,0.9346305059358182,calibrated,3.82
TX,combined,3.0,weak,306,0.08888888888888889,-0.5117537392940401,0.8359375,0.4028056112224449,0.10695733411413587,0.9223010877858824,calibrated,3.82
TX,combined,3.0,weak,307,0.08958333333333333,-0.529384842547342,0.8325581395348837,0.4,0.11127045800853173,0.9312481626490796,calibrated,3.82
TX,combined,3.0,weak,308,0.08819444444444445,-0.5208300217228136,0.8094488188976378,0.4014300306435138,0.1148532463269511,0.9284487018524611,calibrated,3.82
TX,combined,3.5,weak,301,0.095,-0.5227160592518625,0.827485380116959,0.5234899328859061,0.11209284159977127,0.966937456279738,calibrated,3.82
TX,combined,3.5,weak,302,0.09069444444444444,-0.5343570164919144,0.8039816232771823,0.5087719298245614,0.11230163114523166,0.9734502923976608,calibrated,3.82
TX,combined,3.5,weak,303,0.09333333333333334,-0.5280901688748543,0.8288690476190477,0.4947791164658635,0.11650779090938397,0.9703020458676567,calibrated,3.82
TX,combined,3.5,weak,304,0.09430555555555556,-0.5182017328708743,0.8321060382916053,0.5130970724191063,0.11465930632906472,0.9607160583249261,calibrated,3.82
TX,combined,3.5,weak,305,0.09444444444444444,-0.5095572869835943,0.8132352941176471,0.517503805175038,0.11772411229417572,0.9900392156862745,calibrated,3.82
TX,combined,3.5,weak,306,0.09333333333333334,-0.5278564150273349,0.84375,0.48697068403908794,0.10482064127857738,0.9540041487469981,calibrated,3.82
TX,combined,3.5,weak,307,0.09361111111111112,-0.5487887605879255,0.814540059347181,0.4595300261096606,0.10852022377488867,0.973493542344474,calibrated,3.82
TX,combined,3.5,weak,308,0.09166666666666666,-0.536647383188328,0.8106060606060606,0.460387323943662,0.11627507602933573,0.9668876021211876,calibrated,3.82
TX,combined,4.0,weak,301,0.0973611111111111,-0.5307201801841657,0.8630527817403709,0.5552486187845304,0.11099679122716621,0.9801025641025641,calibrated,3.82
TX,combined,4.0,weak,302,0.09236111111111112,-0.5375322238615385,0.8075187969924812,0.5397058823529411,0.11148517230207901,0.9933333333333332,calibrated,3.82
TX,combined,4.0,weak,303,0.09513888888888888,-0.5435221386527198,0.8350364963503649,0.5267857142857143,0.11516528180579517,0.99,calibrated,3.82
TX,combined,4.0,weak,304,0.09694444444444444,-0.534756556480166,0.8567335243553008,0.5622462787550744,0.11594574572030382,0.9801967618341367,calibrated,3.82
TX,combined,4.0,weak,305,0.0973611111111111,-0.5202845590123333,0.8373751783166904,0.5611899932386748,0.1177475508847202,0.9933725490196078,calibrated,3.82
TX,combined,4.0,weak,306,0.09555555555555556,-0.5369466516730695,0.8343023255813954,0.5353535353535354,0.10485134788010513,0.99,calibrated,3.82
TX,combined,4.0,weak,307,0.09638888888888889,-0.5526158863133671,0.8227665706051873,0.5177895533686601,0.11084507932396659,0.99,calibrated,3.82
TX,combined,4.0,weak,308,0.09416666666666666,-0.5562930574094191,0.8407079646017699,0.5161042944785276,0.1218583086757069,0.99,calibrated,3.82
TX,combined,5.0,weak,301,0.10041666666666667,-0.541967577872273,0.8243430152143845,0.5763141228625712,0.11155025972589148,0.9966666666666667,calibrated,3.82
TX,combined,5.0,weak,302,0.09347222222222222,-0.5519723991303404,0.8157503714710252,0.5770252324037185,0.11183967990919536,1.0,calibrated,3.82
TX,combined,5.0,weak,303,0.09833333333333333,-0.5454243474621332,0.8347457627118644,0.574385510996119,0.11580234016140419,1.0,calibrated,3.82
TX,combined,5.0,weak,304,0.09958333333333333,-0.5422685137807783,0.8284518828451883,0.5841708542713567,0.11897265598492308,1.0,calibrated,3.82
TX,combined,5.0,weak,305,0.09875,-0.5350504447464153,0.8396624472573839,0.5912183055040198,0.11690608545351093,0.9966666666666667,calibrated,3.82
TX,combined,5.0,weak,306,0.09916666666666667,-0.5409731265060457,0.8431372549019608,0.5761631612492033,0.10816766142676426,0.9933333333333333,calibrated,3.82
TX,combined,5.0,weak,307,0.09708333333333333,-0.5744801702846604,0.8397711015736766,0.5305232558139535,0.10851547116982703,0.9966666666666667,calibrated,3.82
TX,combined,5.0,weak,308,0.09625,-0.5569857051406856,0.8528138528138528,0.5497896213183731,0.11953242298881445,0.993358208955224,calibrated,3.82
TX,combined,6.0,weak,301,0.10111111111111111,-0.5489297974792203,0.8475274725274725,0.561038961038961,0.11138350587383516,0.9966666666666667,calibrated,3.82
TX,combined,6.0,weak,302,0.09569444444444444,-0.5537008175067393,0.7924528301886793,0.5623306233062331,0.10776605146853639,1.0,calibrated,3.82
TX,combined,6.0,weak,303,0.09861111111111111,-0.5535589614917944,0.8309859154929577,0.5658153241650294,0.11398021958326632,1.0,calibrated,3.82
TX,combined,6.0,weak,304,0.10013888888888889,-0.555306836639555,0.8307905686546463,0.5700575815738963,0.11777939899672335,1.0,calibrated,3.82
TX,combined,6.0,weak,305,0.09972222222222223,-0.5427234836156131,0.8328690807799443,0.5785488958990537,0.11763940504996251,1.0,calibrated,3.82
TX,combined,6.0,weak,306,0.10125,-0.5441195808280749,0.8353909465020576,0.5607049608355091,0.11175039025631195,1.0,calibrated,3.82
TX,combined,6.0,weak,307,0.09819444444444445,-0.5781923016739243,0.8359264497878359,0.5214814814814814,0.10955520296748827,1.0,calibrated,3.82
TX,combined,6.0,weak,308,0.09791666666666667,-0.5681610020284124,0.8297872340425532,0.5302593659942363,0.1183767159812792,0.9966666666666667,calibrated,3.82
WA,combined,0.0,medium,301,0.003472222222222222,0.051673937896212656,0.04,0.12,0.20493009637692447,0.16916681559039773,calibrated,3.82
WA,combined,0.0,medium,302,0.0030555555555555557,0.09553423378926972,0.18181818181818182,0.0,0.20461477629170047,0.1672871892950777,calibrated,3.82
WA,combined,0.0,medium,303,0.0022222222222222222,0.13119209581258723,0.0,0.11764705882352941,0.2007630625277684,0.18172436502925007,calibrated,3.82
WA,combined,0.0,medium,304,0.0030555555555555557,0.04282978566282287,0.045454545454545456,0.0,0.20110713966264251,0.19109839232492842,calibrated,3.82
WA,combined,0.0,medium,305,0.003611111111111111,0.10722063336950123,0.15384615384615385,0.037037037037037035,0.20591514735184,0.1812447795637225,calibrated,3.82
WA,combined,0.0,medium,306,0.0018055555555555555,0.10582828361418425,0.0,0.29411764705882354,0.19753393130586117,0.181904615320813,calibrated,3.82
WA,combined,0.0,medium,307,0.002638888888888889,0.1445582862451942,0.05263157894736842,0.10526315789473684,0.20451927088923996,0.17849172385750423,calibrated,3.82
WA,combined,0.0,medium,308,0.002916666666666667,0.1382047603728754,0.0,0.05,0.20050821675189165,0.1791246992213705,calibrated,3.82
WA,combined,0.5,medium,301,0.007361111111111111,0.03903633480351909,0.24528301886792453,0.22413793103448276,0.1699403681377378,0.17823973471809754,calibrated,3.82
WA,combined,0.5,medium,302,0.00625,0.044302717544166585,0.2222222222222222,0.07317073170731707,0.1578114117960551,0.16816091956114762,calibrated,3.82
WA,combined,0.5,medium,303,0.006805555555555555,0.06490337333229786,0.10204081632653061,0.125,0.1592404479776082,0.1667965218618714,calibrated,3.82
WA,combined,0.5,medium,304,0.004583333333333333,0.05573300478744677,0.0,0.14285714285714285,0.15566458185330737,0.1671567700010342,calibrated,3.82
WA,combined,0.5,medium,305,0.005416666666666667,0.09509166590380179,0.10256410256410256,0.2222222222222222,0.1701404222174765,0.18548889260229653,calibrated,3.82
WA,combined,0.5,medium,306,0.006388888888888889,0.06697368451340063,0.2826086956521739,0.21153846153846154,0.15943578276164247,0.17781291892791481,calibrated,3.82
WA,combined,0.5,medium,307,0.007638888888888889,0.051078677316020886,0.23636363636363636,0.1864406779661017,0.16461546437616506,0.1781130305905291,calibrated,3.82
WA,combined,0.5,medium,308,0.007222222222222222,0.05961493136444221,0.11538461538461539,0.0784313725490196,0.15857773791612956,0.17016535968074512,calibrated,3.82
WA,combined,1.0,medium,301,0.010277777777777778,0.05042297737373937,0.20270270270270271,0.3592233009708738,0.13227829619934459,0.16733696489057134,calibrated,3.82
WA,combined,1.0,medium,302,0.01138888888888889,0.03139702167835363,0.21951219512195122,0.24509803921568626,0.12119850017863931,0.1537522599640258,calibrated,3.82
WA,combined,1.0,medium,303,0.011666666666666667,0.010387629141327645,0.32142857142857145,0.29357798165137616,0.12768527713494712,0.1693954053412814,calibrated,3.82
WA,combined,1.0,medium,304,0.009444444444444445,0.03395463147640868,0.14705882352941177,0.2967032967032967,0.1336998878000786,0.17180203056581012,calibrated,3.82
WA,combined,1.0,medium,305,0.011944444444444445,0.03853985590529955,0.4069767441860465,0.35294117647058826,0.1553872327361834,0.17399868521565764,calibrated,3.82
WA,combined,1.0,medium,306,0.00986111111111111,0.030038557859127443,0.2112676056338028,0.3925233644859813,0.13341849578021886,0.1667239141576476,calibrated,3.82
WA,combined,1.0,medium,307,0.0125,0.0013633114242449684,0.2777777777777778,0.22857142857142856,0.1315324983929357,0.16928044629490158,calibrated,3.82
WA,combined,1.0,medium,308,0.01375,0.03269182069233588,0.26262626262626265,0.2727272727272727,0.1338443491000405,0.16124456303065068,calibrated,3.82
WA,combined,1.5,medium,301,0.017638888888888888,0.0053166196853503865,0.3228346456692913,0.5,0.12863829879186742,0.1673911958428576,calibrated,3.82
WA,combined,1.5,medium,302,0.020555555555555556,-0.031413155072888645,0.39864864864864863,0.44176706827309237,0.11915767077978494,0.1673524799380128,calibrated,3.82
WA,combined,1.5,medium,303,0.020694444444444446,-0.02136805814394715,0.3825503355704698,0.425531914893617,0.12153812291669801,0.17069457688603804,calibrated,3.82
WA,combined,1.5,medium,304,0.01638888888888889,0.024765956959414668,0.4491525423728814,0.4634146341463415,0.1002271880257245,0.17233366096894276,calibrated,3.82
WA,combined,1.5,medium,305,0.01902777777777778,0.006919193664360884,0.41605839416058393,0.4723404255319149,0.14606178718614896,0.1745808298010973,calibrated,3.82
WA,combined,1.5,medium,306,0.015555555555555555,0.04802102593452081,0.2857142857142857,0.5574468085106383,0.1312170973265199,0.16338363509760645,calibrated,3.82
WA,combined,1.5,medium,307,0.021111111111111112,-0.012139107984164597,0.3815789473684211,0.4248927038626609,0.12011130085707473,0.17232372782676011,calibrated,3.82
WA,combined,1.5,medium,308,0.020555555555555556,0.016910102017255242,0.40540540540540543,0.3926940639269406,0.11849806813479742,0.17205266500887845,calibrated,3.82
WA,combined,2.0,medium,301,0.027916666666666666,-0.041087827186646914,0.4975124378109453,0.6307053941908713,0.12470717005191408,0.19573787760367756,calibrated,3.82
WA,combined,2.0,medium,302,0.02875,-0.04629310249779395,0.5169082125603864,0.6219512195121951,0.11853388940953617,0.18323947259871834,calibrated,3.82
WA,combined,2.0,medium,303,0.030972222222222224,-0.07133598389948359,0.5560538116591929,0.5692963752665245,0.1203858271566655,0.19852404077454722,calibrated,3.82
WA,combined,2.0,medium,304,0.0275,-0.05569555611428106,0.5404040404040404,0.5825688073394495,0.10728166389185174,0.19887248245089875,calibrated,3.82
WA,combined,2.0,medium,305,0.0275,-0.009682142875656245,0.48484848484848486,0.6133909287257019,0.13972899512680773,0.1817348243474119,calibrated,3.82
WA,combined,2.0,medium,306,0.020972222222222222,-0.0038985690361865544,0.36423841059602646,0.6808035714285714,0.11855976945469039,0.16900989614752013,calibrated,3.82
WA,combined,2.0,medium,307,0.03388888888888889,-0.10412996387542062,0.5737704918032787,0.5571142284569138,0.12442113641709641,0.22255046465705164,calibrated,3.82
WA,combined,2.0,medium,308,0.030972222222222224,-0.06723774188498796,0.5246636771300448,0.552863436123348,0.1231825339703546,0.20405769605654395,calibrated,3.82
WA,combined,2.5,medium,301,0.03666666666666667,-0.06984853564003557,0.553030303030303,0.7103365384615384,0.12157526600883571,0.22237586001696044,calibrated,3.82
WA,combined,2.5,medium,302,0.04097222222222222,-0.10969625065332261,0.5898305084745763,0.7153518123667377,0.11364138230682323,0.2643071314770306,calibrated,3.82
WA,combined,2.5,medium,303,0.04736111111111111,-0.12819810673166557,0.6451612903225806,0.6444954128440367,0.11629053506906872,0.29617701811173625,calibrated,3.82
WA,combined,2.5,medium,304,0.03958333333333333,-0.10568240214322741,0.6807017543859649,0.7095671981776766,0.11367105833422075,0.246554989485798,calibrated,3.82
WA,combined,2.5,medium,305,0.04791666666666667,-0.1460951864877255,0.7275362318840579,0.6684491978609626,0.13393152297223462,0.29434683532817196,calibrated,3.82
WA,combined,2.5,medium,306,0.03625,-0.09646194586254155,0.6245210727969349,0.7276887871853547,0.13314318339194275,0.21981242842724677,calibrated,3.82
WA,combined,2.5,medium,307,0.04236111111111111,-0.12024638220196268,0.6688524590163935,0.6882086167800453,0.1295746915564039,0.2581951501534165,calibrated,3.82
WA,combined,2.5,medium,308,0.044583333333333336,-0.13697815098831617,0.6448598130841121,0.6741826381059752,0.12656258587764144,0.26558783549176096,calibrated,3.82
WA,combined,3.0,medium,301,0.05597222222222222,-0.16681961256234196,0.7121588089330024,0.7602108036890646,0.12302091180289819,0.36540137633142594,calibrated,3.82
WA,combined,3.0,medium,302,0.06208333333333333,-0.22343129793801314,0.727069351230425,0.7400126823081801,0.10685065850587981,0.4526471344058922,calibrated,3.82
WA,combined,3.0,medium,303,0.06680555555555556,-0.24226560821007187,0.7983367983367984,0.7051712558764271,0.11784619371298898,0.5011442162088174,calibrated,3.82
WA,combined,3.0,medium,304,0.05472222222222222,-0.1693987583627497,0.7106598984771574,0.7580862533692723,0.10349928927636189,0.3601508148078098,calibrated,3.82
WA,combined,3.0,medium,305,0.06625,-0.23866795740958613,0.8029350104821803,0.7270980140935298,0.12675909591662485,0.4750960012368756,calibrated,3.82
WA,combined,3.0,medium,306,0.051944444444444446,-0.13469032140727927,0.6711229946524064,0.7784471218206158,0.1234992836483978,0.31999104545262613,calibrated,3.82
WA,combined,3.0,medium,307,0.06291666666666666,-0.20224460630127827,0.7836644591611479,0.7227179135209334,0.11772483371298341,0.458734673763682,calibrated,3.82
WA,combined,3.0,medium,308,0.06388888888888888,-0.2141425717400891,0.7608695652173914,0.7161422708618331,0.12174543740737087,0.4495966336748044,calibrated,3.82
WA,combined,3.5,medium,301,0.07625,-0.26763122588428484,0.8051001821493625,0.7741788321167883,0.12237279142434099,0.6159292516036625,calibrated,3.82
WA,combined,3.5,medium,302,0.0825,-0.3077577617106868,0.8013468013468014,0.7549549549549549,0.11675380904506417,0.743604317565646,calibrated,3.82
WA,combined,3.5,medium,303,0.0901388888888889,-0.34025467925440145,0.8505392912172574,0.712688381137579,0.11340265316474134,0.8657239566492895,calibrated,3.82
WA,combined,3.5,medium,304,0.07527777777777778,-0.28380115743196493,0.8265682656826568,0.7604961832061069,0.1152195916527743,0.6559845254819641,calibrated,3.82
WA,combined,3.5,medium,305,0.08708333333333333,-0.32244155233029365,0.861244019138756,0.7363045496750232,0.1287757227886556,0.7818604830966872,calibrated,3.82
WA,combined,3.5,medium,306,0.06736111111111111,-0.21215545649460496,0.7505154639175258,0.8009883198562444,0.11040484438082926,0.4885477624681075,calibrated,3.82
WA,combined,3.5,medium,307,0.08125,-0.3047549052235184,0.8324786324786325,0.7457627118644068,0.12121117239346617,0.684720044161942,calibrated,3.82
WA,combined,3.5,medium,308,0.08611111111111111,-0.330593101630283,0.8274193548387097,0.7247081712062257,0.12091046275312978,0.7937658012219153,calibrated,3.82
WA,combined,4.0,medium,301,0.09458333333333334,-0.3546746141992255,0.8472834067547724,0.7674245247856877,0.11710240967397562,0.9343605377940315,calibrated,3.82
WA,combined,4.0,medium,302,0.09402777777777778,-0.3565295587074055,0.8138847858197932,0.7636499626028422,0.11652516924787143,0.950692451599701,calibrated,3.82
WA,combined,4.0,medium,303,0.09597222222222222,-0.3734220582113736,0.8523878437047757,0.7464285714285714,0.1081264586702035,0.9668146397023599,calibrated,3.82
WA,combined,4.0,medium,304,0.08916666666666667,-0.3292474552002328,0.8208722741433022,0.78501273190251,0.11669536703538026,0.8722398396633514,calibrated,3.82
WA,combined,4.0,medium,305,0.09833333333333333,-0.36780168015558384,0.8785310734463276,0.7539863325740319,0.13446985019789456,0.9670962152302782,calibrated,3.82
WA,combined,4.0,medium,306,0.09347222222222222,-0.3364171624138923,0.8350668647845468,0.7793276108726752,0.11526355627337316,0.8938296527892354,calibrated,3.82
WA,combined,4.0,medium,307,0.09638888888888889,-0.37818931075811474,0.8501440922190202,0.7481128327373858,0.11554359426111666,0.9735356672313192,calibrated,3.82
WA,combined,4.0,medium,308,0.1,-0.3855268545643931,0.8819444444444444,0.7349301397205589,0.12546827310639463,0.9701227202049876,calibrated,3.82
WA,combined,5.0,medium,301,0.10555555555555556,-0.390796319782708,0.9131578947368421,0.7847866419294991,0.11953754960791813,0.99,calibrated,3.82
WA,combined,5.0,medium,302,0.10208333333333333,-0.4144317958239948,0.8693877551020408,0.7731064397731064,0.11524000801110985,0.9966666666666667,calibrated,3.82
WA,combined,5.0,medium,303,0.10180555555555555,-0.40613212721237707,0.8676671214188267,0.7670903469598076,0.11930255417914938,0.9966666666666667,calibrated,3.82
WA,combined,5.0,medium,304,0.10194444444444445,-0.39625967283646196,0.8910081743869209,0.7883349012229539,0.11572225685329039,0.9933333333333333,calibrated,3.82
WA,combined,5.0,medium,305,0.10388888888888889,-0.40766570578716815,0.8556149732620321,0.7725490196078432,0.1326643357424446,0.9933333333333333,calibrated,3.82
WA,combined,5.0,medium,306,0.10388888888888889,-0.38750754289429856,0.8877005347593583,0.8006952491309386,0.11892180898684125,0.9933333333333333,calibrated,3.82
WA,combined,5.0,medium,307,0.10319444444444445,-0.41582767698985135,0.8707940780619112,0.7705248990578735,0.10785859296605606,0.9933333333333332,calibrated,3.82
WA,combined,5.0,medium,308,0.10430555555555555,-0.42238350173954986,0.8948069241011984,0.7712696335078534,0.12284072220700763,0.990020325203252,calibrated,3.82
WA,combined,6.0,medium,301,0.10680555555555556,-0.40111988479035954,0.8582574772431729,0.7842361533779671,0.11977816968459838,1.0,calibrated,3.82
WA,combined,6.0,medium,302,0.10430555555555555,-0.4278150934298127,0.848202396804261,0.7672872340425532,0.11855134928694389,1.0,calibrated,3.82
WA,combined,6.0,medium,303,0.10722222222222222,-0.42957675259279404,0.8808290155440415,0.7552279739458347,0.11444138856842877,1.0,calibrated,3.82
WA,combined,6.0,medium,304,0.10611111111111111,-0.41327252052253727,0.8717277486910995,0.7808641975308642,0.11730100773676509,1.0,calibrated,3.82
WA,combined,6.0,medium,305,0.10722222222222222,-0.42224264574985804,0.8821243523316062,0.7648416886543535,0.1287667062995786,1.0,calibrated,3.82
WA,combined,6.0,medium,306,0.10555555555555556,-0.4006656454250258,0.8907894736842106,0.7990280160091481,0.11417065295021848,0.9966666666666667,calibrated,3.82
WA,combined,6.0,medium,307,0.10597222222222222,-0.44069493101305285,0.8938401048492791,0.7662166611787948,0.1136939192188332,1.0,calibrated,3.82
WA,combined,6.0,medium,308,0.10722222222222222,-0.43128282638493226,0.8588082901554405,0.7642007926023778,0.12337037182240569,1.0,calibrated,3.82
WA,combined,0.0,strong,301,0.002638888888888889,0.11045789895183845,0.10526315789473684,0.2916666666666667,0.20983586745656368,0.18681771337425807,calibrated,3.82
WA,combined,0.0,strong,302,0.0022222222222222222,0.11270030904968549,0.0,0.0,0.20320749652646208,0.18075274504061634,calibrated,3.82
WA,combined,0.0,strong,303,0.002916666666666667,0.0608200826431074,0.09523809523809523,0.15,0.20201584160054323,0.18750345838462606,calibrated,3.82
WA,combined,0.0,strong,304,0.001388888888888889,0.062297673584526335,0.0,0.23076923076923078,0.21258957072575999,0.19911849430303932,calibrated,3.82
WA,combined,0.0,strong,305,0.00375,0.1395217885745083,0.037037037037037035,0.038461538461538464,0.20357826806256343,0.1926119148213138,calibrated,3.82
WA,combined,0.0,strong,306,0.002777777777777778,0.04291375404341282,0.1,0.18181818181818182,0.2038807011490078,0.19315136278738096,calibrated,3.82
WA,combined,0.0,strong,307,0.00375,0.13595429683374194,0.037037037037037035,0.0,0.2062203924529776,0.18215217419158664,calibrated,3.82
WA,combined,0.0,strong,308,0.004027777777777778,0.0943572621254237,0.13793103448275862,0.07692307692307693,0.19809844959664677,0.18828158774945739,calibrated,3.82
WA,combined,0.5,strong,301,0.007083333333333333,0.09656729713142095,0.058823529411764705,0.31746031746031744,0.17165786629117066,0.1719884148740915,calibrated,3.82
WA,combined,0.5,strong,302,0.005416666666666667,0.083963018605742,0.10256410256410256,0.1,0.16236888719839124,0.17151340944300003,calibrated,3.82
WA,combined,0.5,strong,303,0.005833333333333334,0.06469144769325832,0.16666666666666666,0.15217391304347827,0.15613452713745418,0.17501171770828536,calibrated,3.82
WA,combined,0.5,strong,304,0.0044444444444444444,0.07458883307726627,0.125,0.19444444444444445,0.15148352949440247,0.17914692869695387,calibrated,3.82
WA,combined,0.5,strong,305,0.006111111111111111,0.050549605778368686,0.06818181818181818,0.14285714285714285,0.17392916391844748,0.18151547385739575,calibrated,3.82
WA,combined,0.5,strong,306,0.005138888888888889,0.050970803570779946,0.13513513513513514,0.2857142857142857,0.16172891361468947,0.1835707035965689,calibrated,3.82
WA,combined,0.5,strong,307,0.008194444444444445,0.05555994513504566,0.13559322033898305,0.037037037037037035,0.1769362738137902,0.1751942996120125,calibrated,3.82
WA,combined,0.5,strong,308,0.006944444444444444,0.02277202860201907,0.12,0.16666666666666666,0.16000894937239876,0.17501007313345884,calibrated,3.82
WA,combined,1.0,strong,301,0.011666666666666667,-0.001010627036657381,0.35714285714285715,0.3644067796610169,0.1480120915642115,0.16418992110611724,calibrated,3.82
WA,combined,1.0,strong,302,0.013194444444444444,0.016523629427599308,0.28421052631578947,0.25862068965517243,0.12561946555858264,0.16399774770592038,calibrated,3.82
WA,combined,1.0,strong,303,0.013055555555555556,0.020698450305059467,0.23404255319148937,0.23423423423423423,0.1261949791592761,0.17261984974507205,calibrated,3.82
WA,combined,1.0,strong,304,0.010694444444444444,0.0028612006087721836,0.2857142857142857,0.22105263157894736,0.11538963675080789,0.17462506790520285,calibrated,3.82
WA,combined,1.0,strong,305,0.011944444444444445,0.0403034808267337,0.2441860465116279,0.3274336283185841,0.14837693534352153,0.17869091912100987,calibrated,3.82
WA,combined,1.0,strong,306,0.010555555555555556,0.053765750600382425,0.19736842105263158,0.3364485981308411,0.12001823061674406,0.1774189394572588,calibrated,3.82
WA,combined,1.0,strong,307,0.013333333333333334,-0.0011202069838135962,0.375,0.2543859649122807,0.12990217703980986,0.17468783017540535,calibrated,3.82
WA,combined,1.0,strong,308,0.012083333333333333,0.02324187447370476,0.22988505747126436,0.27522935779816515,0.1269516257415101,0.17405067511185304,calibrated,3.82
WA,combined,1.5,strong,301,0.017361111111111112,-0.002821639681688488,0.368,0.5148936170212766,0.1398861477140566,0.1713544377991381,calibrated,3.82
WA,combined,1.5,strong,302,0.018472222222222223,-0.005567026828703761,0.37593984962406013,0.515748031496063,0.11855240521942707,0.16339198199330895,calibrated,3.82
WA,combined,1.5,strong,303,0.021111111111111112,-0.013105193623597869,0.4342105263157895,0.49809885931558934,0.10986198746804827,0.17520297694405967,calibrated,3.82
WA,combined,1.5,strong,304,0.017638888888888888,-0.03226688945104731,0.3937007874015748,0.4977973568281938,0.09441431363639373,0.1755676297405959,calibrated,3.82
WA,combined,1.5,strong,305,0.01902777777777778,0.008070673893783367,0.40875912408759124,0.4857142857142857,0.141752618673657,0.17504782463921775,calibrated,3.82
WA,combined,1.5,strong,306,0.015277777777777777,0.030695130779989074,0.24545454545454545,0.5545851528384279,0.11377207918640886,0.1684049400092321,calibrated,3.82
WA,combined,1.5,strong,307,0.023055555555555555,-0.05953111034638161,0.43373493975903615,0.45353159851301117,0.1156968131663415,0.1878911316757733,calibrated,3.82
WA,combined,1.5,strong,308,0.02,0.010620209624367643,0.3402777777777778,0.4462809917355372,0.1188200653138151,0.17469471517631882,calibrated,3.82
WA,combined,2.0,strong,301,0.02625,-0.021974741694697313,0.5132275132275133,0.6594059405940594,0.1278968362226915,0.19335163871248903,calibrated,3.82
WA,combined,2.0,strong,302,0.03027777777777778,-0.05438222270842083,0.5045871559633027,0.6442831215970962,0.11303652792403891,0.19816436384208355,calibrated,3.82
WA,combined,2.0,strong,303,0.035833333333333335,-0.10209579573527397,0.6201550387596899,0.6051282051282051,0.12183895316133246,0.24069603572102372,calibrated,3.82
WA,combined,2.0,strong,304,0.02652777777777778,-0.028302590673490054,0.47643979057591623,0.6321353065539113,0.09685115074874166,0.1879025329638414,calibrated,3.82
WA,combined,2.0,strong,305,0.030416666666666668,-0.07272849067420975,0.5251141552511416,0.6035502958579881,0.13906194074849307,0.21348856125960358,calibrated,3.82
WA,combined,2.0,strong,306,0.021944444444444444,-0.004338123267310503,0.4936708860759494,0.6964656964656964,0.12124309719621891,0.17749213668717534,calibrated,3.82
WA,combined,2.0,strong,307,0.034305555555555554,-0.11850664908017866,0.5870445344129555,0.593128390596745,0.1257713137204436,0.23193101641072866,calibrated,3.82
WA,combined,2.0,strong,308,0.030416666666666668,-0.06851872204673085,0.589041095890411,0.629277566539924,0.11747014142624762,0.19590543110765293,calibrated,3.82
WA,combined,2.5,strong,301,0.03944444444444444,-0.0981245806757975,0.6197183098591549,0.7419354838709677,0.12713105718458695,0.2525781059860869,calibrated,3.82
WA,combined,2.5,strong,302,0.042638888888888886,-0.13373272999151878,0.5993485342019544,0.7391304347826086,0.1202723718876789,0.28025690521501867,calibrated,3.82
WA,combined,2.5,strong,303,0.044444444444444446,-0.11634131608969804,0.63125,0.7142857142857143,0.12186161760028076,0.2785434958453803,calibrated,3.82
WA,combined,2.5,strong,304,0.041944444444444444,-0.12100313282599647,0.6490066225165563,0.7279116465863453,0.1081266462662499,0.2727957588569353,calibrated,3.82
WA,combined,2.5,strong,305,0.04611111111111111,-0.14439873231967845,0.6957831325301205,0.7138810198300283,0.14264756983748209,0.29045939788552916,calibrated,3.82
WA,combined,2.5,strong,306,0.034166666666666665,-0.07278272506367474,0.573170731707317,0.748099891422367,0.12466018829360355,0.21368651913597564,calibrated,3.82
WA,combined,2.5,strong,307,0.04861111111111111,-0.16907475550422438,0.6885714285714286,0.6932038834951456,0.12041244270534583,0.3327880909977758,calibrated,3.82
WA,combined,2.5,strong,308,0.04513888888888889,-0.1388043739011924,0.6861538461538461,0.707,0.12074865737592656,0.27945541419220177,calibrated,3.82
WA,combined,3.0,strong,301,0.05472222222222222,-0.15261543731382932,0.7208121827411168,0.7860576923076923,0.12510565696116274,0.34874658452066065,calibrated,3.82
WA,combined,3.0,strong,302,0.057777777777777775,-0.18621722170074514,0.7331730769230769,0.7803602556653109,0.11664355901066668,0.3979401751379112,calibrated,3.82
WA,combined,3.0,strong,303,0.06888888888888889,-0.2611041638102955,0.8125,0.7296969696969697,0.11716731471022225,0.5375710270598884,calibrated,3.82
WA,combined,3.0,strong,304,0.05541666666666667,-0.17508447990322598,0.7293233082706767,0.7760641579272054,0.10852915430884334,0.3819064517381727,calibrated,3.82
WA,combined,3.0,strong,305,0.06597222222222222,-0.24035035098613985,0.7663157894736842,0.7448680351906158,0.13414539327566874,0.49824361243054666,calibrated,3.82
WA,combined,3.0,strong,306,0.050833333333333335,-0.1579147344018197,0.6939890710382514,0.7903126916002452,0.11836492123043074,0.3113910894687801,calibrated,3.82
WA,combined,3.0,strong,307,0.06444444444444444,-0.23605304259367596,0.7650862068965517,0.7543757292882147,0.12376863465120215,0.48433023919644713,calibrated,3.82
WA,combined,3.0,strong,308,0.06444444444444444,-0.20918578824948575,0.7370689655172413,0.741358024691358,0.1203680247854919,0.4665042274966502,calibrated,3.82
WA,combined,3.5,strong,301,0.07625,-0.24966253211556094,0.7759562841530054,0.7909052273693158,0.12163453388846325,0.609176837131641,calibrated,3.82
WA,combined,3.5,strong,302,0.08597222222222223,-0.33441988799205846,0.8336025848142165,0.7602363866610384,0.11303572958301707,0.8180935328259146,calibrated,3.82
WA,combined,3.5,strong,303,0.09111111111111111,-0.3620524894077202,0.8689024390243902,0.7273554847519345,0.11536148866530771,0.9087218573462991,calibrated,3.82
WA,combined,3.5,strong,304,0.07277777777777777,-0.253746072040889,0.8034351145038168,0.7945922372437855,0.09923816575324668,0.5709268570121296,calibrated,3.82
WA,combined,3.5,strong,305,0.08541666666666667,-0.3022338690381899,0.8260162601626017,0.7644820295983087,0.13031682743143647,0.735865041981867,calibrated,3.82
WA,combined,3.5,strong,306,0.06902777777777777,-0.2167957027955879,0.7847082494969819,0.8102282333051564,0.1163720906091889,0.4983912652227181,calibrated,3.82
WA,combined,3.5,strong,307,0.08305555555555555,-0.30706922407475873,0.8110367892976589,0.7568171658471167,0.10996591894058645,0.7237310019283669,calibrated,3.82
WA,combined,3.5,strong,308,0.08277777777777778,-0.2919945641945104,0.8288590604026845,0.7619675010979359,0.12726043979534007,0.6910161210609637,calibrated,3.82
WA,combined,4.0,strong,301,0.09666666666666666,-0.3526013914278048,0.8635057471264368,0.7710800143523502,0.11943078722787026,0.9734629794345164,calibrated,3.82
WA,combined,4.0,strong,302,0.09666666666666666,-0.3860647476315574,0.8491379310344828,0.7698441464298659,0.11558940605057355,0.9833810750982919,calibrated,3.82
WA,combined,4.0,strong,303,0.09708333333333333,-0.39348714113483946,0.871244635193133,0.7548757170172085,0.12052989559120841,0.9900271002710028,calibrated,3.82
WA,combined,4.0,strong,304,0.0901388888888889,-0.3321134197215556,0.8613251155624037,0.7954933424376921,0.11493640599674919,0.8526211850460925,calibrated,3.82
WA,combined,4.0,strong,305,0.09916666666666667,-0.377883929310521,0.8865546218487395,0.7614545454545455,0.13242816829929224,0.9702239768390577,calibrated,3.82
WA,combined,4.0,strong,306,0.0875,-0.3222186302937373,0.846031746031746,0.80350522413212,0.11942004180874337,0.8079769600864072,calibrated,3.82
WA,combined,4.0,strong,307,0.09541666666666666,-0.37198055702453864,0.8646288209606987,0.7700941346850109,0.12015595607838588,0.9543438526047222,calibrated,3.82
WA,combined,4.0,strong,308,0.09958333333333333,-0.38411144416365794,0.8688981868898187,0.7543135783945987,0.12459615823368732,0.9834146341463413,calibrated,3.82
WA,combined,5.0,strong,301,0.10486111111111111,-0.3970838059949379,0.8847682119205298,0.7778485041374921,0.1146503255831602,1.0,calibrated,3.82
WA,combined,5.0,strong,302,0.10013888888888889,-0.4145364334046682,0.8765603328710125,0.7777411919657556,0.11778698238633206,0.9933333333333333,calibrated,3.82
WA,combined,5.0,strong,303,0.10458333333333333,-0.4121654153940523,0.8831341301460823,0.7674183776506227,0.11301636939781423,0.9966666666666667,calibrated,3.82
WA,combined,5.0,strong,304,0.10319444444444445,-0.39452473397801663,0.8748317631224765,0.7949488875526157,0.10957291829015643,0.9966666666666667,calibrated,3.82
WA,combined,5.0,strong,305,0.10458333333333333,-0.4054176090877985,0.8791500664010624,0.7693320171108917,0.13268114098210426,0.9966666666666667,calibrated,3.82
WA,combined,5.0,strong,306,0.10277777777777777,-0.38987425882210464,0.8770270270270271,0.7982921083627798,0.10648294800906549,0.9966666666666667,calibrated,3.82
WA,combined,5.0,strong,307,0.10361111111111111,-0.4129974571574355,0.8498659517426274,0.772005294506949,0.11169307868292348,1.0,calibrated,3.82
WA,combined,5.0,strong,308,0.10458333333333333,-0.41398483655196605,0.8844621513944223,0.7699173553719009,0.12558291856097112,0.9966666666666667,calibrated,3.82
WA,combined,6.0,strong,301,0.1076388888888889,-0.40996548373705816,0.8580645161290322,0.7830848798296319,0.123418125297368,1.0,calibrated,3.82
WA,combined,6.0,strong,302,0.10472222222222222,-0.42648080709986513,0.8713527851458885,0.7664111962679107,0.1134530844791602,1.0,calibrated,3.82
WA,combined,6.0,strong,303,0.1076388888888889,-0.41962427436117894,0.8761290322580645,0.7581967213114754,0.11427475630288902,0.9933530571992109,calibrated,3.82
WA,combined,6.0,strong,304,0.10652777777777778,-0.4135444552516731,0.864406779661017,0.7783699059561129,0.11544909582002023,1.0,calibrated,3.82
WA,combined,6.0,strong,305,0.10833333333333334,-0.4363340487722326,0.8833333333333333,0.7573904179408767,0.1263095622741557,1.0,calibrated,3.82
WA,combined,6.0,strong,306,0.10569444444444444,-0.4165678194489028,0.8896189224704336,0.7942890442890443,0.11973957136591669,0.9966666666666667,calibrated,3.82
WA,combined,6.0,strong,307,0.10625,-0.43740862035992906,0.8784313725490196,0.7601626016260162,0.12276893439968499,0.9966666666666667,calibrated,3.82
WA,combined,6.0,strong,308,0.10694444444444444,-0.43650778565518844,0.874025974025974,0.7598371777476255,0.1205559876878864,1.0,calibrated,3.82
WA,combined,0.0,weak,301,0.0038888888888888888,0.1279900614890323,0.14285714285714285,0.21875,0.20646001748991027,0.16604035404604237,calibrated,3.82
WA,combined,0.0,weak,302,0.002361111111111111,0.10291820475075844,0.11764705882352941,0.05555555555555555,0.19733142233142234,0.16257605395425248,calibrated,3.82
WA,combined,0.0,weak,303,0.0031944444444444446,0.08256154523930154,0.13043478260869565,0.18181818181818182,0.19836677160168817,0.17100319226809668,calibrated,3.82
WA,combined,0.0,weak,304,0.0025,0.05321622533515169,0.0,0.1111111111111111,0.1941739941542282,0.17432599468183618,calibrated,3.82
WA,combined,0.0,weak,305,0.00375,0.11875299319551245,0.037037037037037035,0.038461538461538464,0.20828935225486947,0.17217872269575732,calibrated,3.82
WA,combined,0.0,weak,306,0.0019444444444444444,0.11300546908222427,0.0,0.3157894736842105,0.2074126792423894,0.17494241710688022,calibrated,3.82
WA,combined,0.0,weak,307,0.003611111111111111,0.06578418648806952,0.038461538461538464,0.0,0.20254134001716814,0.1784289962338596,calibrated,3.82
WA,combined,0.0,weak,308,0.004722222222222222,0.12551212531293424,0.11764705882352941,0.03333333333333333,0.20232150440620603,0.16730389154338904,calibrated,3.82
WA,combined,0.5,weak,301,0.007361111111111111,0.092772479132788,0.07547169811320754,0.25806451612903225,0.1715885910345419,0.16111923003176595,calibrated,3.82
WA,combined,0.5,weak,302,0.0059722222222222225,0.09062989763637397,0.13953488372093023,0.15217391304347827,0.15564946373710498,0.1561184712363205,calibrated,3.82
WA,combined,0.5,weak,303,0.006666666666666667,0.06074763207361402,0.125,0.06521739130434782,0.1571270273660405,0.17079088612334933,calibrated,3.82
WA,combined,0.5,weak,304,0.005694444444444445,0.041859053979476514,0.0975609756097561,0.15217391304347827,0.15923269422860956,0.1706753460843071,calibrated,3.82
WA,combined,0.5,weak,305,0.006527777777777778,0.08974810718179735,0.0425531914893617,0.2711864406779661,0.16456417620271285,0.1669910267027304,calibrated,3.82
WA,combined,0.5,weak,306,0.005416666666666667,0.10343098734531068,0.02564102564102564,0.23404255319148937,0.16590344425658518,0.17410249537364544,calibrated,3.82
WA,combined,0.5,weak,307,0.006666666666666667,0.07407468106823813,0.1875,0.10638297872340426,0.16339433571769987,0.16138625590305442,calibrated,3.82
WA,combined,0.5,weak,308,0.006805555555555555,0.040496916759738884,0.12244897959183673,0.23333333333333334,0.16126839860235653,0.1621947091497681,calibrated,3.82
WA,combined,1.0,weak,301,0.01125,0.04292026548008947,0.24691358024691357,0.37815126050420167,0.13180196838442745,0.16171804150421684,calibrated,3.82
WA,combined,1.0,weak,302,0.01,0.04875308918334592,0.2222222222222222,0.25,0.12406599418685753,0.15011254293036355,calibrated,3.82
WA,combined,1.0,weak,303,0.011527777777777777,0.03543185332626666,0.3132530120481928,0.2127659574468085,0.12680678307290433,0.16126661288802466,calibrated,3.82
WA,combined,1.0,weak,304,0.010555555555555556,0.026564336333166343,0.25,0.3020833333333333,0.12133209394645446,0.16659786538607588,calibrated,3.82
WA,combined,1.0,weak,305,0.009583333333333333,0.05559064006655581,0.2028985507246377,0.33663366336633666,0.1605692366116072,0.16559816116317833,calibrated,3.82
WA,combined,1.0,weak,306,0.00986111111111111,0.03527132501033455,0.1267605633802817,0.3592233009708738,0.1301463622797435,0.16736491620256033,calibrated,3.82
WA,combined,1.0,weak,307,0.011666666666666667,0.06244684531222478,0.2261904761904762,0.15730337078651685,0.13512509576082546,0.1658616205423825,calibrated,3.82
WA,combined,1.0,weak,308,0.01138888888888889,0.04794359710612269,0.2804878048780488,0.29411764705882354,0.13119254266446165,0.15790875403182916,calibrated,3.82
WA,combined,1.5,weak,301,0.016805555555555556,0.032656086057737566,0.2644628099173554,0.4744186046511628,0.13170130551509068,0.1554554320522298,calibrated,3.82
WA,combined,1.5,weak,302,0.019305555555555555,0.004489536279418411,0.30935251798561153,0.4520547945205479,0.1290741946074099,0.1630315853225238,calibrated,3.82
WA,combined,1.5,weak,303,0.020277777777777777,-0.010078019550268139,0.3904109589041096,0.4080717488789238,0.12184346696009433,0.17518121069493234,calibrated,3.82
WA,combined,1.5,weak,304,0.01625,0.02570021086808258,0.3247863247863248,0.4517766497461929,0.11115566118557829,0.16454161057279929,calibrated,3.82
WA,combined,1.5,weak,305,0.01888888888888889,0.0003373852322541739,0.36764705882352944,0.4675324675324675,0.14545561821612188,0.1624022559981899,calibrated,3.82
WA,combined,1.5,weak,306,0.017222222222222222,0.016544746089552254,0.41935483870967744,0.5069124423963134,0.12435485465296177,0.15851239182502713,calibrated,3.82
WA,combined,1.5,weak,307,0.021944444444444444,-0.01670538451230473,0.34810126582278483,0.3794642857142857,0.11993093937851161,0.17960500097867357,calibrated,3.82
WA,combined,1.5,weak,308,0.021111111111111112,-0.010288198841382034,0.4407894736842105,0.38222222222222224,0.12705769807100298,0.16595407521730318,calibrated,3.82
WA,combined,2.0,weak,301,0.02638888888888889,-0.020228988070312974,0.4,0.6222222222222222,0.12806658917437938,0.1829671379557973,calibrated,3.82
WA,combined,2.0,weak,302,0.027083333333333334,-0.0507994346284119,0.46153846153846156,0.5799522673031027,0.11630604833671997,0.18020189503305303,calibrated,3.82
WA,combined,2.0,weak,303,0.03208333333333333,-0.07526037325666717,0.5021645021645021,0.5081967213114754,0.11538372007749075,0.21387642513279584,calibrated,3.82
WA,combined,2.0,weak,304,0.026805555555555555,-0.021986975308497973,0.46632124352331605,0.5804878048780487,0.11522797428303168,0.18529533665172063,calibrated,3.82
WA,combined,2.0,weak,305,0.029583333333333333,-0.04998564149892381,0.5211267605633803,0.5560538116591929,0.14474898277388673,0.19100335550540895,calibrated,3.82
WA,combined,2.0,weak,306,0.02375,0.00608212688676663,0.3508771929824561,0.6400911161731208,0.11806387545603168,0.16624332371164954,calibrated,3.82
WA,combined,2.0,weak,307,0.03305555555555555,-0.0909033071668091,0.5756302521008403,0.5311111111111111,0.12642260602414845,0.2157791407444979,calibrated,3.82
WA,combined,2.0,weak,308,0.028888888888888888,-0.03830070920810109,0.5528846153846154,0.5458937198067633,0.12419332827333555,0.18727555294094045,calibrated,3.82
WA,combined,2.5,weak,301,0.036944444444444446,-0.08205204221822988,0.5977443609022557,0.6957070707070707,0.12043354146848378,0.226981266345003,calibrated,3.82
WA,combined,2.5,weak,302,0.03847222222222222,-0.08499384143292528,0.5487364620938628,0.6918316831683168,0.12749780884013542,0.22808215216816752,calibrated,3.82
WA,combined,2.5,weak,303,0.04666666666666667,-0.13372424777939657,0.6577380952380952,0.6288156288156288,0.11809563982269476,0.3002152386256508,calibrated,3.82
WA,combined,2.5,weak,304,0.03638888888888889,-0.07342863149576533,0.5992366412213741,0.6892583120204604,0.10303424371838764,0.22812974445507858,calibrated,3.82
WA,combined,2.5,weak,305,0.041666666666666664,-0.08273479461111216,0.6233333333333333,0.666256157635468,0.13641659457740404,0.2414657742225152,calibrated,3.82
WA,combined,2.5,weak,306,0.034583333333333334,-0.06484098492026923,0.5903614457831325,0.7162849872773537,0.11125952460384803,0.21014646324877334,calibrated,3.82
WA,combined,2.5,weak,307,0.045,-0.13378996229647863,0.6851851851851852,0.6429463171036205,0.11902255819493855,0.28483085206535225,calibrated,3.82
WA,combined,2.5,weak,308,0.042916666666666665,-0.10425489405413392,0.5728155339805825,0.6177658142664872,0.12505936310098603,0.2599774122234074,calibrated,3.82
WA,combined,3.0,weak,301,0.05277777777777778,-0.15648146837666818,0.6868421052631579,0.7452554744525547,0.13241625488595385,0.35604065366363086,calibrated,3.82
WA,combined,3.0,weak,302,0.06277777777777778,-0.22246956555651237,0.7323008849557522,0.6865900383141762,0.11622585932703337,0.4716634096962368,calibrated,3.82
WA,combined,3.0,weak,303,0.06291666666666666,-0.22923519845334286,0.7571743929359823,0.6813611755607115,0.11329821257641626,0.47097073179037635,calibrated,3.82
WA,combined,3.0,weak,304,0.05555555555555555,-0.18260554298435266,0.74,0.7226443768996961,0.1085018128973546,0.3777137372138015,calibrated,3.82
WA,combined,3.0,weak,305,0.058888888888888886,-0.19076456324911784,0.7712264150943396,0.7058377558756633,0.13960537610494028,0.38829905526195724,calibrated,3.82
WA,combined,3.0,weak,306,0.050555555555555555,-0.1254897438273198,0.6565934065934066,0.7597069597069597,0.11759113050314145,0.30560709056390134,calibrated,3.82
WA,combined,3.0,weak,307,0.058194444444444444,-0.19836758850587782,0.720763723150358,0.7106676899462778,0.11666114706425552,0.3882152641304872,calibrated,3.82
WA,combined,3.0,weak,308,0.059166666666666666,-0.18729108312980877,0.7112676056338029,0.6987480438184663,0.12784274952361072,0.39223583959192865,calibrated,3.82
WA,combined,3.5,weak,301,0.07027777777777777,-0.22779421175039893,0.7786561264822134,0.7665835411471321,0.12358259639358744,0.5109275578569566,calibrated,3.82
WA,combined,3.5,weak,302,0.08041666666666666,-0.3065510940190051,0.8048359240069085,0.7293879615579161,0.11406735571628164,0.7487262711096857,calibrated,3.82
WA,combined,3.5,weak,303,0.08319444444444445,-0.32891693049763127,0.8180300500834724,0.7005434782608696,0.10888462559201388,0.7689983609496768,calibrated,3.82
WA,combined,3.5,weak,304,0.07166666666666667,-0.2518022588103333,0.75,0.7548051948051948,0.11244376370731124,0.5834096224487453,calibrated,3.82
WA,combined,3.5,weak,305,0.08208333333333333,-0.298405975108838,0.8189509306260575,0.7236438075742068,0.1341943370259974,0.695946023779576,calibrated,3.82
WA,combined,3.5,weak,306,0.065,-0.19026966377587448,0.7948717948717948,0.7919725893294175,0.11567660467273222,0.42775207153309336,calibrated,3.82
WA,combined,3.5,weak,307,0.08277777777777778,-0.3084000905802931,0.837248322147651,0.7130620985010707,0.11549545622553585,0.7280126657622735,calibrated,3.82
WA,combined,3.5,weak,308,0.08375,-0.30115799311489055,0.835820895522388,0.7069243156199678,0.12142660761372659,0.7183262759055865,calibrated,3.82
WA,combined,4.0,weak,301,0.09347222222222222,-0.3353837436644698,0.8410104011887073,0.7599684168969602,0.1211626487678031,0.885213549161637,calibrated,3.82
WA,combined,4.0,weak,302,0.09375,-0.37945187150098136,0.8311111111111111,0.7491010787055533,0.1202632269418878,0.9443311783291394,calibrated,3.82
WA,combined,4.0,weak,303,0.0961111111111111,-0.3563023046752625,0.8424855491329479,0.7326315789473684,0.11500902548649737,0.9280407955846381,calibrated,3.82
WA,combined,4.0,weak,304,0.08930555555555555,-0.32460785028426603,0.8133748055987559,0.7715179968701096,0.10631401641649436,0.8603380467262757,calibrated,3.82
WA,combined,4.0,weak,305,0.09583333333333334,-0.34906973580752626,0.8478260869565217,0.7477045908183633,0.138394095766453,0.8904590642827429,calibrated,3.82
WA,combined,4.0,weak,306,0.08708333333333333,-0.30511450738947765,0.8389154704944178,0.7876763177431328,0.11670511169401455,0.7606340042161773,calibrated,3.82
WA,combined,4.0,weak,307,0.09333333333333334,-0.36206209950871115,0.8586309523809523,0.7425701130179991,0.11467450093446542,0.9062570241117432,calibrated,3.82
WA,combined,4.0,weak,308,0.09708333333333333,-0.3647033727732336,0.8583690987124464,0.7284317892052699,0.12174928164139671,0.9282996116202737,calibrated,3.82
WA,combined,5.0,weak,301,0.10291666666666667,-0.40063720343171005,0.8920377867746289,0.7811404906021026,0.12043960260294682,0.9966666666666667,calibrated,3.82
WA,combined,5.0,weak,302,0.10138888888888889,-0.39813022269168363,0.8698630136986302,0.770297699594046,0.11401984720110107,0.9866666666666667,calibrated,3.82
WA,combined,5.0,weak,303,0.1025,-0.4177001224451196,0.8766937669376694,0.7634146341463415,0.11210820546263424,1.0,calibrated,3.82
WA,combined,5.0,weak,304,0.10069444444444445,-0.3917652422874149,0.8524137931034482,0.7902272019919079,0.11548471487580862,0.99,calibrated,3.82
WA,combined,5.0,weak,305,0.10305555555555555,-0.4032312260564625,0.8706199460916442,0.7639986259017519,0.13084902766793466,0.9933557046979865,calibrated,3.82
WA,combined,5.0,weak,306,0.10180555555555555,-0.39090683783840136,0.8949522510231923,0.7953110910730388,0.11528496532312667,0.9966666666666667,calibrated,3.82
WA,combined,5.0,weak,307,0.105,-0.4140493156663669,0.8902116402116402,0.7691796745267353,0.11063820087787046,0.99,calibrated,3.82
WA,combined,5.0,weak,308,0.10430555555555555,-0.41388074277649556,0.8735019973368842,0.7656037991858887,0.12621664172496186,0.9933333333333333,calibrated,3.82
WA,combined,6.0,weak,301,0.1063888888888889,-0.40972110008113555,0.8851174934725848,0.7841596130592503,0.12116036268298352,0.9933780760626397,calibrated,3.82
WA,combined,6.0,weak,302,0.10458333333333333,-0.4208653707478778,0.8671978751660027,0.769532526969598,0.11645764070052878,1.0,calibrated,3.82
WA,combined,6.0,weak,303,0.10680555555555556,-0.4237906083119371,0.8686605981794538,0.7580534612748457,0.1115247464394805,0.9966666666666665,calibrated,3.82
WA,combined,6.0,weak,304,0.10597222222222222,-0.4129037275627578,0.8820445609436435,0.7822331893892659,0.10999515441589702,0.9933333333333333,calibrated,3.82
WA,combined,6.0,weak,305,0.10666666666666667,-0.42761698071447024,0.88671875,0.7637454181939354,0.12621773477481224,0.9966666666666667,calibrated,3.82
WA,combined,6.0,weak,306,0.10569444444444444,-0.41114472751375203,0.8843626806833115,0.7954016298020955,0.11207718403016244,0.9966666666666667,calibrated,3.82
WA,combined,6.0,weak,307,0.10625,-0.4338393281997119,0.8705882352941177,0.7644118627124292,0.11360201713332675,1.0,calibrated,3.82
WA,combined,6.0,weak,308,0.10583333333333333,-0.4349341016324575,0.8674540682414699,0.7644723784320212,0.1239459093365665,0.9966666666666667,calibrated,3.82
