target_state,lever,intensity,interaction,seed,target_inflow_rate,target_social_cost,chain_share,housing_rejection,job_rejection,coorigin_clustering
NY,combined,0.0,medium,301,0.0043055555555555555,0.047739213632263855,0.0,0.0,0.19999993258940166,0.16327113297060447
NY,combined,0.0,medium,302,0.005416666666666667,-0.061700831368350945,0.05128205128205128,0.0,0.20074728279737883,0.16143620266731995
NY,combined,0.0,medium,303,0.004722222222222222,0.07475163754132504,0.058823529411764705,0.03225806451612903,0.20025512539636556,0.1577774984391701
NY,combined,0.0,medium,304,0.005694444444444445,-0.010154994799120371,0.12195121951219512,0.0,0.20079546398033754,0.17350765623480555
NY,combined,0.0,medium,305,0.005277777777777778,0.013041379772844666,0.18421052631578946,0.0,0.19895234572912227,0.1675580714575018
NY,combined,0.0,medium,306,0.003611111111111111,-0.040793865787348,0.07692307692307693,0.0,0.19927838230859798,0.16891806969256065
NY,combined,0.0,medium,307,0.005694444444444445,0.024113759162086173,0.12195121951219512,0.0,0.201595813279939,0.17346805658225728
NY,combined,0.0,medium,308,0.004583333333333333,-0.004233854551719762,0.18181818181818182,0.034482758620689655,0.1983648412988791,0.17058635124145163
NY,combined,0.5,medium,301,0.01125,-0.057591926759693234,0.18518518518518517,0.013157894736842105,0.15621366108311277,0.1581431468773866
NY,combined,0.5,medium,302,0.010277777777777778,-0.0669341428120117,0.2702702702702703,0.041666666666666664,0.15562729523946492,0.16082777214957056
NY,combined,0.5,medium,303,0.010416666666666666,-0.024811804904316035,0.2,0.013888888888888888,0.15661097904183358,0.17295439345237842
NY,combined,0.5,medium,304,0.010416666666666666,-0.058367284646560706,0.22666666666666666,0.014084507042253521,0.15734229796920016,0.1677748083854607
NY,combined,0.5,medium,305,0.012638888888888889,-0.047996598439533904,0.23076923076923078,0.05952380952380952,0.15828805028658863,0.1667072557561371
NY,combined,0.5,medium,306,0.010694444444444444,-0.03689681314174679,0.15584415584415584,0.014285714285714285,0.15541921682868542,0.17403175610079147
NY,combined,0.5,medium,307,0.010138888888888888,-0.05194498554071586,0.1780821917808219,0.029411764705882353,0.15495122825832197,0.1620836803351818
NY,combined,0.5,medium,308,0.012777777777777779,-0.023548702242592322,0.33695652173913043,0.046511627906976744,0.15540403070890874,0.1656740226221716
NY,combined,1.0,medium,301,0.022916666666666665,-0.09199506024024275,0.36363636363636365,0.16184971098265896,0.12047211830277593,0.1912173474349901
NY,combined,1.0,medium,302,0.02652777777777778,-0.14266965230618978,0.5078534031413613,0.13636363636363635,0.11985676198396779,0.20019083939231072
NY,combined,1.0,medium,303,0.021111111111111112,-0.09945109899437159,0.375,0.1038961038961039,0.12777410587404658,0.19418427616496645
NY,combined,1.0,medium,304,0.02638888888888889,-0.1363359617405648,0.3894736842105263,0.06914893617021277,0.12662644209429416,0.225455290364989
NY,combined,1.0,medium,305,0.020833333333333332,-0.09881352628142245,0.37333333333333335,0.1,0.1283717093456215,0.193805416102823
NY,combined,1.0,medium,306,0.02263888888888889,-0.11174789626773242,0.4785276073619632,0.12643678160919541,0.1276687578528498,0.20709948272184878
NY,combined,1.0,medium,307,0.021527777777777778,-0.10610134224232994,0.43870967741935485,0.07006369426751592,0.11843344714350396,0.19493507409290453
NY,combined,1.0,medium,308,0.02263888888888889,-0.09017851380278333,0.4171779141104294,0.10909090909090909,0.11866631177443036,0.18786822659342442
NY,combined,1.5,medium,301,0.03666666666666667,-0.16729984164173492,0.5871212121212122,0.27761194029850744,0.11650784528670537,0.2650686557147756
NY,combined,1.5,medium,302,0.041944444444444444,-0.2313151443830287,0.5662251655629139,0.2699228791773779,0.10401260454138835,0.31213893087532446
NY,combined,1.5,medium,303,0.03930555555555556,-0.18193737390646253,0.5653710247349824,0.22255192878338279,0.1260452988276379,0.30603087109789984
NY,combined,1.5,medium,304,0.04555555555555556,-0.22693478299383324,0.6524390243902439,0.1968503937007874,0.11222048321443627,0.3368621461212431
NY,combined,1.5,medium,305,0.03972222222222222,-0.1981072544792639,0.6258741258741258,0.2661064425770308,0.12307606430786189,0.28839447895620396
NY,combined,1.5,medium,306,0.03791666666666667,-0.1885141595770064,0.5567765567765568,0.22085889570552147,0.11090701905333016,0.2790029665914833
NY,combined,1.5,medium,307,0.036944444444444446,-0.18592983743385305,0.5902255639097744,0.22549019607843138,0.10637137060380003,0.26222432909181737
NY,combined,1.5,medium,308,0.04027777777777778,-0.19029195364194992,0.6172413793103448,0.20241691842900303,0.10922735432322166,0.27124556802386346
NY,combined,2.0,medium,301,0.059583333333333335,-0.2666654230306229,0.7622377622377622,0.38057324840764334,0.11576161924245647,0.4668179974169493
NY,combined,2.0,medium,302,0.06152777777777778,-0.3068762710169073,0.6952595936794582,0.3611111111111111,0.10618860556232211,0.5338005735602548
NY,combined,2.0,medium,303,0.06138888888888889,-0.2921356089946306,0.7104072398190046,0.37285491419656785,0.12399673373069486,0.5098067252780716
NY,combined,2.0,medium,304,0.06861111111111111,-0.3297579691765343,0.7591093117408907,0.3157099697885196,0.10634399398066802,0.5616057305605356
NY,combined,2.0,medium,305,0.06152777777777778,-0.28521295772744026,0.7313769751693002,0.3734375,0.12866760350375597,0.47855090450497034
NY,combined,2.0,medium,306,0.06055555555555556,-0.29266529751295234,0.7339449541284404,0.32377740303541314,0.10595743543383435,0.4915569469823339
NY,combined,2.0,medium,307,0.06013888888888889,-0.2844169895567337,0.7482678983833718,0.3642276422764228,0.1054065410146412,0.46838658417728546
NY,combined,2.0,medium,308,0.056666666666666664,-0.2513316464919484,0.7303921568627451,0.3990306946688207,0.10343541618837514,0.3932442083784688
NY,combined,2.5,medium,301,0.07777777777777778,-0.3442492460434115,0.7767857142857143,0.49513618677042803,0.11395272729419585,0.7178142185433279
NY,combined,2.5,medium,302,0.08236111111111111,-0.4135460684433264,0.8195615514333895,0.445,0.10606001259954982,0.8236642979652238
NY,combined,2.5,medium,303,0.08166666666666667,-0.37782188466840605,0.8078231292517006,0.43651626442812175,0.11921021200422714,0.8182364307976379
NY,combined,2.5,medium,304,0.08930555555555555,-0.3957920484990334,0.8398133748055988,0.40060544904137235,0.109790873091914,0.8662733534573612
NY,combined,2.5,medium,305,0.08333333333333333,-0.3804380656624261,0.815,0.466537342386033,0.12621276206950036,0.8178751234136182
NY,combined,2.5,medium,306,0.08402777777777778,-0.36744956115915234,0.8363636363636363,0.42072538860103625,0.10453457604194011,0.7947369427978701
NY,combined,2.5,medium,307,0.08305555555555555,-0.3782287596573554,0.8411371237458194,0.45883534136546184,0.10641523213085669,0.751816259153735
NY,combined,2.5,medium,308,0.08180555555555556,-0.3781102494504464,0.7826825127334465,0.438974358974359,0.11236463787715885,0.7826912006459334
NY,combined,3.0,medium,301,0.09236111111111112,-0.4137775246898249,0.8466165413533835,0.5609584214235377,0.11872521808132525,0.9024169793458636
NY,combined,3.0,medium,302,0.09375,-0.4513383124977574,0.8666666666666667,0.5369276218611522,0.10913726595579366,0.9506761209779785
NY,combined,3.0,medium,303,0.09166666666666666,-0.42224153446777885,0.8469696969696969,0.5601719197707736,0.11928713271029846,0.9475557907895692
NY,combined,3.0,medium,304,0.09513888888888888,-0.45547349243160457,0.8437956204379562,0.4964594807238395,0.10791899417476795,0.9637607791127061
NY,combined,3.0,medium,305,0.09569444444444444,-0.4300518597925458,0.8766328011611031,0.5383491599707816,0.12448110899445586,0.937545544139814
NY,combined,3.0,medium,306,0.09402777777777778,-0.4360722311894577,0.8655834564254062,0.5116822429906542,0.10402040761199105,0.9507133985171917
NY,combined,3.0,medium,307,0.09319444444444444,-0.4286042463218122,0.8554396423248882,0.5549132947976878,0.10754985724886694,0.9226073602036334
NY,combined,3.0,medium,308,0.095,-0.43445033156867097,0.8713450292397661,0.5334805003679176,0.1093950351674431,0.9313616275441567
NY,combined,3.5,medium,301,0.0973611111111111,-0.44387377791128324,0.8502139800285307,0.6383928571428571,0.11066640987733355,0.9409715831332032
NY,combined,3.5,medium,302,0.09638888888888889,-0.4622051302882939,0.8602305475504323,0.6013513513513513,0.10838745673131267,1.0
NY,combined,3.5,medium,303,0.0975,-0.4373039757785845,0.8874643874643875,0.6159763313609468,0.11916447121746669,0.9802047392838292
NY,combined,3.5,medium,304,0.09944444444444445,-0.47219741913551905,0.8840782122905028,0.5684887459807074,0.10629483759487741,0.9802063208109719
NY,combined,3.5,medium,305,0.09805555555555556,-0.4528753981867551,0.8725212464589235,0.6055825242718447,0.12500620665536968,0.9669371000468239
NY,combined,3.5,medium,306,0.09694444444444444,-0.4554116830318496,0.8581661891117478,0.5983960518198643,0.10477916295339369,0.9800266666666666
NY,combined,3.5,medium,307,0.09875,-0.4589744580255069,0.870604781997187,0.6126340882002383,0.11076277865940787,0.9735024154589371
NY,combined,3.5,medium,308,0.10097222222222223,-0.45751895974220985,0.8803301237964236,0.5932407966203983,0.10659574964179501,0.9801023950017353
NY,combined,4.0,medium,301,0.1025,-0.4647004944404596,0.8712737127371274,0.6589653440482169,0.11413784780289489,0.9900223713646532
NY,combined,4.0,medium,302,0.09916666666666667,-0.48020593312787757,0.84593837535014,0.6317249029395452,0.10443376784010085,0.9966666666666667
NY,combined,4.0,medium,303,0.10027777777777777,-0.4695290462751941,0.8601108033240997,0.6411355115158007,0.1188364567445741,0.9933333333333333
NY,combined,4.0,medium,304,0.10166666666666667,-0.48798799681517036,0.8620218579234973,0.6108597285067874,0.1078693250614209,0.9867383512544802
NY,combined,4.0,medium,305,0.10138888888888889,-0.4607575386546467,0.8726027397260274,0.6571719226856562,0.12222790747614815,0.99
NY,combined,4.0,medium,306,0.10055555555555555,-0.4716780042433254,0.8494475138121547,0.6334964654703643,0.09773594132989794,0.9966666666666667
NY,combined,4.0,medium,307,0.10069444444444445,-0.4703399520421569,0.88,0.6490585774058577,0.11096981234264967,0.9800648049958761
NY,combined,4.0,medium,308,0.10291666666666667,-0.47333478387634975,0.8758434547908233,0.6413612565445026,0.11060715288306154,0.99
NY,combined,5.0,medium,301,0.10569444444444444,-0.4787218247020882,0.8567674113009198,0.6750572082379863,0.11548703320745873,0.99
NY,combined,5.0,medium,302,0.10097222222222223,-0.4905014958528902,0.8404401650618982,0.6698888351860802,0.10470019830618334,1.0
NY,combined,5.0,medium,303,0.10333333333333333,-0.47561365013671686,0.8548387096774194,0.6784386617100372,0.12210871012811435,0.9933530571992109
NY,combined,5.0,medium,304,0.10458333333333333,-0.5054241080236916,0.8632138114209827,0.6257309941520468,0.11181017452939813,0.9966666666666667
NY,combined,5.0,medium,305,0.10569444444444444,-0.47399907190237567,0.8699080157687253,0.6835902085222122,0.11796592020903764,0.9900258397932816
NY,combined,5.0,medium,306,0.10361111111111111,-0.47345642329471643,0.8565683646112601,0.6677788369876072,0.10449286129523677,0.9966666666666667
NY,combined,5.0,medium,307,0.105,-0.47960656155738013,0.8690476190476191,0.6763754045307443,0.10956868170741367,1.0
NY,combined,5.0,medium,308,0.10513888888888889,-0.48657865697648933,0.8758256274768824,0.6732117812061711,0.10965502634808472,0.9933333333333333
NY,combined,6.0,medium,301,0.10791666666666666,-0.4887344317346659,0.8571428571428571,0.6677374942634235,0.1137925854392166,1.0
NY,combined,6.0,medium,302,0.10444444444444445,-0.4998292597506417,0.8537234042553191,0.661486158329286,0.10778219795407161,1.0
NY,combined,6.0,medium,303,0.10541666666666667,-0.47673288370942746,0.8484848484848485,0.6737621471540953,0.11879813618922667,1.0
NY,combined,6.0,medium,304,0.10652777777777778,-0.5050644842267873,0.8578878748370273,0.6143931256713212,0.1139284446498896,0.9966666666666667
NY,combined,6.0,medium,305,0.10736111111111112,-0.488817297132439,0.8628719275549805,0.6720405343159834,0.1191955485872096,0.9966666666666667
NY,combined,6.0,medium,306,0.10722222222222222,-0.48914459279381556,0.8406735751295337,0.6563097514340345,0.10933995033496112,0.9966666666666667
NY,combined,6.0,medium,307,0.10708333333333334,-0.48854859810959733,0.8819714656290532,0.6712834718374885,0.10657921027633827,1.0
NY,combined,6.0,medium,308,0.10833333333333334,-0.4988930199139834,0.867948717948718,0.6566523605150214,0.1081061484216137,1.0
NY,combined,0.0,strong,301,0.005416666666666667,0.02029048841611792,0.23076923076923078,0.02702702702702703,0.20113807381528462,0.17255986702920467
NY,combined,0.0,strong,302,0.00625,-0.004089019031577457,0.13333333333333333,0.0,0.19968368507366654,0.16738404703176626
NY,combined,0.0,strong,303,0.0059722222222222225,0.006908013952479779,0.18604651162790697,0.0,0.19820851814197613,0.17682513860009968
NY,combined,0.0,strong,304,0.0038888888888888888,-0.028991337855258415,0.03571428571428571,0.0,0.20083443052191322,0.18148866018213325
NY,combined,0.0,strong,305,0.005277777777777778,-0.0148548453089874,0.15789473684210525,0.029411764705882353,0.20119990897925774,0.18356602424652124
NY,combined,0.0,strong,306,0.006111111111111111,0.02402077500284009,0.06818181818181818,0.0,0.20189445353640414,0.17925971677773755
NY,combined,0.0,strong,307,0.007083333333333333,-0.025539789202120407,0.13725490196078433,0.0,0.20179624565351725,0.17019606308847918
NY,combined,0.0,strong,308,0.007222222222222222,-0.02108210928020268,0.19230769230769232,0.021739130434782608,0.2008660023569903,0.168036304655909
NY,combined,0.5,strong,301,0.010833333333333334,-0.05686784429093407,0.24358974358974358,0.08860759493670886,0.15871816649334297,0.1743520971532088
NY,combined,0.5,strong,302,0.013055555555555556,-0.09283340102109622,0.22340425531914893,0.023255813953488372,0.1576042143606291,0.17573752643885632
NY,combined,0.5,strong,303,0.010694444444444444,-0.03530112985225098,0.2987012987012987,0.05405405405405406,0.15754716111915437,0.17712596108476603
NY,combined,0.5,strong,304,0.011805555555555555,-0.062901994947374,0.23529411764705882,0.05263157894736842,0.1579098880836381,0.1787296376442962
NY,combined,0.5,strong,305,0.012083333333333333,-0.07006400495396321,0.2988505747126437,0.024691358024691357,0.1574943605612901,0.1721624486544478
NY,combined,0.5,strong,306,0.012083333333333333,-0.05938703094086616,0.22988505747126436,0.08139534883720931,0.15714610434703255,0.18267150142608637
NY,combined,0.5,strong,307,0.010694444444444444,-0.08311009932422339,0.15584415584415584,0.014492753623188406,0.15758129485057554,0.1793479868568736
NY,combined,0.5,strong,308,0.011111111111111112,-0.05361840695503496,0.225,0.05063291139240506,0.15611040167450704,0.1654429442802144
NY,combined,1.0,strong,301,0.021805555555555557,-0.09829216999257509,0.36942675159235666,0.12121212121212122,0.12169353382772856,0.19850029701322763
NY,combined,1.0,strong,302,0.02875,-0.15213709500088654,0.4444444444444444,0.15695067264573992,0.12182631508718327,0.22504912684687223
NY,combined,1.0,strong,303,0.02875,-0.12410211339174335,0.48792270531400966,0.1267605633802817,0.1292461910821763,0.22072820245269148
NY,combined,1.0,strong,304,0.027777777777777776,-0.1478022565880399,0.455,0.13942307692307693,0.12288883851437543,0.22356671354879196
NY,combined,1.0,strong,305,0.027777777777777776,-0.13069050698626958,0.49,0.19815668202764977,0.12116554353706054,0.20670385225615406
NY,combined,1.0,strong,306,0.024444444444444446,-0.14312922535289518,0.4090909090909091,0.12290502793296089,0.12659066453880727,0.20733324380611282
NY,combined,1.0,strong,307,0.02638888888888889,-0.11315754649180343,0.4631578947368421,0.09574468085106383,0.11870572571223513,0.21106468449835777
NY,combined,1.0,strong,308,0.029305555555555557,-0.15206163891047053,0.4976303317535545,0.1267605633802817,0.11958356897374368,0.21858467795601844
NY,combined,1.5,strong,301,0.041805555555555554,-0.1930515417157945,0.6179401993355482,0.32673267326732675,0.11547482940868165,0.28978264162659695
NY,combined,1.5,strong,302,0.04638888888888889,-0.24906525705652294,0.625748502994012,0.30493273542600896,0.10589153912046963,0.36387381759255866
NY,combined,1.5,strong,303,0.04388888888888889,-0.22501071258033808,0.620253164556962,0.3294930875576037,0.12751841210758358,0.341826007871418
NY,combined,1.5,strong,304,0.049305555555555554,-0.2530844484171234,0.6619718309859155,0.30128205128205127,0.10883847796970537,0.3780953219999184
NY,combined,1.5,strong,305,0.044444444444444446,-0.221547170991062,0.66875,0.3117505995203837,0.1290738733939103,0.3290719005074806
NY,combined,1.5,strong,306,0.043055555555555555,-0.20778705122428814,0.6225806451612903,0.27918781725888325,0.1076577387286373,0.32938075070837947
NY,combined,1.5,strong,307,0.04111111111111111,-0.2048161846307868,0.5945945945945946,0.3036649214659686,0.10660312071442342,0.28945493013552104
NY,combined,1.5,strong,308,0.04611111111111111,-0.23452707740435863,0.6626506024096386,0.35668789808917195,0.10751708860481068,0.3340594802096588
NY,combined,2.0,strong,301,0.06277777777777778,-0.27130166983524906,0.75,0.4459279038718291,0.1156097977667947,0.4904849030030127
NY,combined,2.0,strong,302,0.06597222222222222,-0.3229851265661647,0.7642105263157895,0.44065656565656564,0.10868715720102401,0.5999004995341403
NY,combined,2.0,strong,303,0.06305555555555556,-0.30511036849248563,0.7577092511013216,0.43502051983584133,0.12582879476245723,0.5631280891996937
NY,combined,2.0,strong,304,0.07166666666666667,-0.3484392061881455,0.7887596899224806,0.41687041564792177,0.10574150327109995,0.6509432014003349
NY,combined,2.0,strong,305,0.0625,-0.28668388291678537,0.7311111111111112,0.43365253077975374,0.12865093387720458,0.5069518391206188
NY,combined,2.0,strong,306,0.06541666666666666,-0.32651954118102006,0.7388535031847133,0.40511440107671604,0.10459594236380709,0.5744420729942834
NY,combined,2.0,strong,307,0.0625,-0.29490687060477033,0.7466666666666667,0.42296918767507,0.1051165767685653,0.4975515741871427
NY,combined,2.0,strong,308,0.06458333333333334,-0.308068334463852,0.7569892473118279,0.43610013175230566,0.10633269715141641,0.5397729866634835
NY,combined,2.5,strong,301,0.08347222222222223,-0.35873564865163815,0.8186356073211315,0.5378151260504201,0.11493656315173528,0.7723751133157434
NY,combined,2.5,strong,302,0.08680555555555555,-0.4386207756084652,0.816,0.5095913261050876,0.10824641371338316,0.9223728452979947
NY,combined,2.5,strong,303,0.08347222222222223,-0.38189403989638454,0.8219633943427621,0.5212489158716392,0.11868885572165477,0.8135483707295911
NY,combined,2.5,strong,304,0.0913888888888889,-0.427832493406318,0.837386018237082,0.4809483488569009,0.10787650514066367,0.899595686310997
NY,combined,2.5,strong,305,0.08694444444444445,-0.39353548967200835,0.8354632587859425,0.5209380234505863,0.12704478136060912,0.8636651283246746
NY,combined,2.5,strong,306,0.08847222222222222,-0.4159975017570399,0.8634222919937206,0.49870801033591733,0.10312137998873418,0.8728507729878512
NY,combined,2.5,strong,307,0.08555555555555555,-0.39750700871128786,0.8214285714285714,0.525,0.10279414387330661,0.8239892884750947
NY,combined,2.5,strong,308,0.08513888888888889,-0.3952735242386017,0.831973898858075,0.5179180887372014,0.1166369692577763,0.8304575088257311
NY,combined,3.0,strong,301,0.09638888888888889,-0.4198315599654722,0.861671469740634,0.6045934202358784,0.11565614941085069,0.9603635418459244
NY,combined,3.0,strong,302,0.09402777777777778,-0.45249666817662004,0.8463810930576071,0.5861618798955613,0.10431234377394417,0.9800194931773878
NY,combined,3.0,strong,303,0.09319444444444444,-0.42993917948678934,0.849478390461997,0.5998707175177763,0.12369238801920428,0.9702300709154957
NY,combined,3.0,strong,304,0.09875,-0.4498529273793145,0.8874824191279888,0.5430974071478627,0.10727746348934679,0.9734798182304196
NY,combined,3.0,strong,305,0.09541666666666666,-0.4366347642764672,0.87627365356623,0.5902061855670103,0.12440626479742929,0.966874006547911
NY,combined,3.0,strong,306,0.0961111111111111,-0.44719345186176385,0.8641618497109826,0.5787738958470666,0.10117590495303451,0.9833531746031747
NY,combined,3.0,strong,307,0.0975,-0.45982889577605585,0.8888888888888888,0.5817245817245817,0.1076796223245023,0.9835797101449274
NY,combined,3.0,strong,308,0.09597222222222222,-0.44721494802534506,0.8827785817655571,0.5795306388526728,0.10844834401204961,0.9737081678956324
NY,combined,3.5,strong,301,0.09972222222222223,-0.45397419155356655,0.8871866295264624,0.6596938775510204,0.11182504240347291,0.9900256410256411
NY,combined,3.5,strong,302,0.09847222222222222,-0.4602926507044635,0.8702397743300423,0.627318718381113,0.10623681740099551,0.9933333333333333
NY,combined,3.5,strong,303,0.09694444444444444,-0.4397234649492638,0.8667621776504298,0.6437224669603524,0.11534926810380476,0.9768539632141885
NY,combined,3.5,strong,304,0.10055555555555555,-0.4860579978928481,0.8701657458563536,0.602125147579693,0.10646628062009272,1.0
NY,combined,3.5,strong,305,0.09819444444444445,-0.4508865898088886,0.8486562942008486,0.6473118279569893,0.12619539292987664,0.9933333333333333
NY,combined,3.5,strong,306,0.09888888888888889,-0.4696984397959791,0.8679775280898876,0.6267725467952354,0.10333578658370746,0.9900198412698413
NY,combined,3.5,strong,307,0.09986111111111111,-0.46613644542914334,0.8831710709318498,0.6337719298245614,0.10752412689390245,0.9966666666666667
NY,combined,3.5,strong,308,0.10222222222222223,-0.4594757104570585,0.875,0.6258278145695364,0.10942014814681285,0.9933830845771143
NY,combined,4.0,strong,301,0.10375,-0.4602301904016295,0.8607764390896921,0.6791666666666667,0.11045838931172776,0.9966666666666667
NY,combined,4.0,strong,302,0.09916666666666667,-0.47496280295306115,0.8641456582633054,0.6586242299794661,0.10710038359327208,0.9933333333333333
NY,combined,4.0,strong,303,0.10083333333333333,-0.4649325844696535,0.8622589531680441,0.6712261846604788,0.11755644058180464,1.0
NY,combined,4.0,strong,304,0.10305555555555555,-0.49127079238792204,0.8517520215633423,0.6354497354497355,0.10929396088159958,0.9933333333333333
NY,combined,4.0,strong,305,0.10180555555555555,-0.45681467853194935,0.8744884038199181,0.6767485822306238,0.12456299802456816,0.9900258397932816
NY,combined,4.0,strong,306,0.10166666666666667,-0.47040427350576325,0.8633879781420765,0.6593075765178124,0.10201864709147414,1.0
NY,combined,4.0,strong,307,0.10222222222222223,-0.4762828538984785,0.8913043478260869,0.6643564356435644,0.11190414424623162,0.9933333333333333
NY,combined,4.0,strong,308,0.10222222222222223,-0.47425228720028145,0.873641304347826,0.6608996539792388,0.10884662472719932,1.0
NY,combined,5.0,strong,301,0.10708333333333334,-0.47470734875210435,0.8521400778210116,0.6826029216467463,0.11426302628681363,1.0
NY,combined,5.0,strong,302,0.10180555555555555,-0.47866684318656544,0.8431105047748977,0.6826568265682657,0.10260702827773299,1.0
NY,combined,5.0,strong,303,0.10375,-0.47221017236634827,0.8554216867469879,0.6884580703336339,0.11625920055556048,0.9966666666666667
NY,combined,5.0,strong,304,0.10472222222222222,-0.5013867170191871,0.8594164456233422,0.6376288659793814,0.1106159737735486,1.0
NY,combined,5.0,strong,305,0.10555555555555556,-0.47687233627369785,0.8605263157894737,0.6804733727810651,0.12004889199416935,1.0
NY,combined,5.0,strong,306,0.10458333333333333,-0.4799992257873782,0.851261620185923,0.6709340919867236,0.10523125707471487,0.9933531746031747
NY,combined,5.0,strong,307,0.10513888888888889,-0.48113721223106953,0.8784676354029062,0.6920369555653322,0.11139260537666,1.0
NY,combined,5.0,strong,308,0.10597222222222222,-0.48363259206413123,0.8702490170380078,0.6764436296975253,0.11103101109407536,1.0
NY,combined,6.0,strong,301,0.10805555555555556,-0.4901152068942368,0.8521850899742931,0.6678983833718245,0.11665813377338485,1.0
NY,combined,6.0,strong,302,0.10361111111111111,-0.4962642153966051,0.8445040214477212,0.6608187134502924,0.10594314055966252,1.0
NY,combined,6.0,strong,303,0.10652777777777778,-0.4787649866920504,0.8552803129074316,0.672668513388735,0.11662363310670464,1.0
NY,combined,6.0,strong,304,0.10666666666666667,-0.5018174141778309,0.8502604166666666,0.6104525862068966,0.11345689352213645,1.0
NY,combined,6.0,strong,305,0.10680555555555556,-0.49404328993820307,0.8621586475942783,0.6732810336871251,0.12129905609798286,1.0
NY,combined,6.0,strong,306,0.10486111111111111,-0.49396223272816603,0.8556291390728477,0.6561437591063624,0.11106327136158156,1.0
NY,combined,6.0,strong,307,0.10722222222222222,-0.4848378001064101,0.8808290155440415,0.6806986117330945,0.11215209552104378,1.0
NY,combined,6.0,strong,308,0.10777777777777778,-0.4924761501509278,0.8724226804123711,0.6574427480916031,0.10742782816344663,1.0
NY,combined,0.0,weak,301,0.0030555555555555557,0.0037493982558092567,0.09090909090909091,0.0,0.20048258156917206,0.1628372620464315
NY,combined,0.0,weak,302,0.004722222222222222,-0.009262536383937415,0.14705882352941177,0.0,0.2012390201731223,0.16054924327014666
NY,combined,0.0,weak,303,0.005277777777777778,0.06366806584881916,0.13157894736842105,0.0,0.1994523367828882,0.1662823886908301
NY,combined,0.0,weak,304,0.0031944444444444446,0.013909768398895067,0.08695652173913043,0.0,0.20018671373146216,0.17111290560971046
NY,combined,0.0,weak,305,0.0043055555555555555,0.00596533035566335,0.03225806451612903,0.0,0.20093546436696422,0.16136062936159098
NY,combined,0.0,weak,306,0.00625,0.03167610588516803,0.17777777777777778,0.045454545454545456,0.19980844435947773,0.15827858891729116
NY,combined,0.0,weak,307,0.005277777777777778,0.0018280980461214738,0.02631578947368421,0.0,0.20043094889268276,0.15791759016932624
NY,combined,0.0,weak,308,0.004583333333333333,-0.019654244386789185,0.030303030303030304,0.03333333333333333,0.19856502014804023,0.15925649390515798
NY,combined,0.5,weak,301,0.007083333333333333,0.021939989806849497,0.09803921568627451,0.06,0.1552921748349209,0.15879157985081885
NY,combined,0.5,weak,302,0.008472222222222223,-0.043225023851052695,0.2459016393442623,0.017543859649122806,0.15577823787239495,0.15758606240075823
NY,combined,0.5,weak,303,0.00986111111111111,-0.03144627180528377,0.22535211267605634,0.04411764705882353,0.1564126972416228,0.16660702808305114
NY,combined,0.5,weak,304,0.009722222222222222,-0.03217128872866497,0.2,0.0,0.1555984544058685,0.16581343569791746
NY,combined,0.5,weak,305,0.01,-0.025816551690895313,0.20833333333333334,0.0,0.1563722229542117,0.1661372572413834
NY,combined,0.5,weak,306,0.00986111111111111,-0.04310374694147285,0.19718309859154928,0.0,0.15665834137151882,0.17171205102154335
NY,combined,0.5,weak,307,0.010694444444444444,-0.014551435538263593,0.16883116883116883,0.014705882352941176,0.15582046084510054,0.15988803123699596
NY,combined,0.5,weak,308,0.010416666666666666,-0.027276257519659335,0.10666666666666667,0.0,0.15848901455772701,0.16243891949017503
NY,combined,1.0,weak,301,0.020416666666666666,-0.0741498956484505,0.3741496598639456,0.07692307692307693,0.12476585574436173,0.18035378017691397
NY,combined,1.0,weak,302,0.023055555555555555,-0.13005951817068911,0.41566265060240964,0.08074534161490683,0.11716188187347189,0.19603720637600386
NY,combined,1.0,weak,303,0.022916666666666665,-0.10000302502095092,0.3939393939393939,0.07407407407407407,0.12963155177814606,0.18891951059185086
NY,combined,1.0,weak,304,0.02263888888888889,-0.10317335199252628,0.3803680981595092,0.06535947712418301,0.12459637536339026,0.20056694951804543
NY,combined,1.0,weak,305,0.021527777777777778,-0.09997814006486826,0.4258064516129032,0.087248322147651,0.12805137787133467,0.189048805180453
NY,combined,1.0,weak,306,0.01986111111111111,-0.07347342039631366,0.3356643356643357,0.08148148148148149,0.12982644061343496,0.18488601926941287
NY,combined,1.0,weak,307,0.017916666666666668,-0.0751914479217422,0.31007751937984496,0.0859375,0.12268644226445159,0.17776024274800123
NY,combined,1.0,weak,308,0.020833333333333332,-0.07393101666591705,0.38666666666666666,0.09803921568627451,0.11769913729754126,0.18667183227873801
NY,combined,1.5,weak,301,0.03333333333333333,-0.12754205968904755,0.49583333333333335,0.2014388489208633,0.11879724653450378,0.24387836774104973
NY,combined,1.5,weak,302,0.03819444444444445,-0.1869908631650945,0.5054545454545455,0.14864864864864866,0.10691648454341002,0.28058232938086
NY,combined,1.5,weak,303,0.03680555555555556,-0.16401050645352294,0.5471698113207547,0.15658362989323843,0.1261774189259852,0.2717561976083298
NY,combined,1.5,weak,304,0.04055555555555555,-0.18087890119620448,0.571917808219178,0.1523809523809524,0.1106239969810026,0.30119343214066563
NY,combined,1.5,weak,305,0.03638888888888889,-0.1372376175194291,0.5572519083969466,0.18983050847457628,0.11930978478033478,0.262186630770565
NY,combined,1.5,weak,306,0.03791666666666667,-0.2036734084391662,0.5604395604395604,0.1267605633802817,0.111861995806405,0.28222506344338105
NY,combined,1.5,weak,307,0.035277777777777776,-0.16483893618316647,0.547244094488189,0.1794871794871795,0.10816508222365795,0.25040668768959695
NY,combined,1.5,weak,308,0.03944444444444444,-0.1811062708545798,0.5845070422535211,0.15384615384615385,0.10587644852608917,0.28304613336418893
NY,combined,2.0,weak,301,0.05597222222222222,-0.25043883845074577,0.707196029776675,0.29672447013487474,0.1131445327851363,0.4258204720883879
NY,combined,2.0,weak,302,0.058055555555555555,-0.2687716107926017,0.7009569377990431,0.28053435114503816,0.1074842887921279,0.4622968026738455
NY,combined,2.0,weak,303,0.05652777777777778,-0.2543907072222931,0.7027027027027027,0.27897838899803534,0.12017321157766742,0.43079209853468664
NY,combined,2.0,weak,304,0.06111111111111111,-0.27701730169319744,0.7,0.27289048473967686,0.10901200017955782,0.4909548309605263
NY,combined,2.0,weak,305,0.05555555555555555,-0.254498789557643,0.7075,0.32,0.126470325817806,0.41948351109279824
NY,combined,2.0,weak,306,0.055,-0.26130878498531596,0.6742424242424242,0.2510460251046025,0.10349640994271515,0.44629838858572685
NY,combined,2.0,weak,307,0.05708333333333333,-0.27270842630279,0.7420924574209246,0.28160919540229884,0.1078052256488995,0.4555572011459927
NY,combined,2.0,weak,308,0.059027777777777776,-0.2658654823069205,0.7105882352941176,0.3196428571428571,0.10867468572575979,0.43903058108909987
NY,combined,2.5,weak,301,0.07041666666666667,-0.3184189980745298,0.7731755424063116,0.418227215980025,0.11812925386265756,0.5901187554479117
NY,combined,2.5,weak,302,0.07888888888888888,-0.4005798278385021,0.8169014084507042,0.3664670658682635,0.10698683769797628,0.779646968078618
NY,combined,2.5,weak,303,0.06972222222222223,-0.33410817201802806,0.7669322709163346,0.42293464858199753,0.12197109909155375,0.6256943205006846
NY,combined,2.5,weak,304,0.08180555555555556,-0.3662117541922691,0.7877758913412564,0.3283582089552239,0.10645080024843545,0.7256995710029792
NY,combined,2.5,weak,305,0.07847222222222222,-0.34910275875653374,0.8,0.4187358916478555,0.12296315055642604,0.7001288191876712
NY,combined,2.5,weak,306,0.07569444444444444,-0.3525499099831181,0.781651376146789,0.3545108005082592,0.10698186390980714,0.6979350487389226
NY,combined,2.5,weak,307,0.07416666666666667,-0.335747502343042,0.799625468164794,0.4439359267734554,0.10779459981660933,0.6391112619427978
NY,combined,2.5,weak,308,0.07680555555555556,-0.34719457126392156,0.8119349005424955,0.38674698795180723,0.11215613471979659,0.656077996451782
NY,combined,3.0,weak,301,0.08972222222222222,-0.4095336799956829,0.8498452012383901,0.4731277533039648,0.11133545671819679,0.8531863822998308
NY,combined,3.0,weak,302,0.08833333333333333,-0.41093898271663304,0.8113207547169812,0.5067001675041876,0.10600416376285383,0.8532388283234045
NY,combined,3.0,weak,303,0.08861111111111111,-0.40249247035402935,0.8401253918495298,0.5241605241605242,0.12593796473045238,0.874676822542727
NY,combined,3.0,weak,304,0.09222222222222222,-0.4469786109187919,0.8524096385542169,0.43148148148148147,0.10954231019175807,0.8869580999042014
NY,combined,3.0,weak,305,0.08763888888888889,-0.39396292565257124,0.8415213946117274,0.5218106995884774,0.12470280067216949,0.8357480071666756
NY,combined,3.0,weak,306,0.09277777777777778,-0.4298680749282032,0.8517964071856288,0.4797979797979798,0.1057689952794973,0.9098422765818657
NY,combined,3.0,weak,307,0.08916666666666667,-0.41427040574377866,0.8193146417445483,0.5140728476821192,0.10341504735997457,0.8606805187664148
NY,combined,3.0,weak,308,0.08861111111111111,-0.4065579035680473,0.8307210031347962,0.5206477732793522,0.10875494241206957,0.8444078436735473
NY,combined,3.5,weak,301,0.09597222222222222,-0.4346295374648971,0.8350217076700435,0.565771812080537,0.1106245292308946,0.9213756877261278
NY,combined,3.5,weak,302,0.09458333333333334,-0.45861052633261906,0.8443465491923642,0.5581881533101045,0.10726483373131285,0.9570223855130752
NY,combined,3.5,weak,303,0.09333333333333334,-0.43922614556251527,0.8616071428571429,0.5767160161507402,0.12235803884464536,0.9278454195641802
NY,combined,3.5,weak,304,0.09902777777777778,-0.4683009630794314,0.8597475455820477,0.519884309472162,0.10744470687780215,0.9475640368522985
NY,combined,3.5,weak,305,0.09541666666666666,-0.43732630705033093,0.8544395924308588,0.5750670241286864,0.12487567489470507,0.9256442534768446
NY,combined,3.5,weak,306,0.0961111111111111,-0.44918483314583496,0.8598265895953757,0.5639651707970529,0.1041199097958427,0.9603155577299413
NY,combined,3.5,weak,307,0.09694444444444444,-0.4467892310557478,0.8524355300859598,0.5778069599474721,0.10890520185124891,0.9380524641676667
NY,combined,3.5,weak,308,0.0973611111111111,-0.4579771041922891,0.884450784593438,0.5697368421052632,0.1078457123994782,0.9378244554312949
NY,combined,4.0,weak,301,0.10305555555555555,-0.4547914068961097,0.8881401617250674,0.6444560124934929,0.11091652346323456,0.9734797008547008
NY,combined,4.0,weak,302,0.09819444444444445,-0.4684833129947678,0.8571428571428571,0.6239316239316239,0.10555127455446732,0.98
NY,combined,4.0,weak,303,0.09944444444444445,-0.447418748786291,0.86731843575419,0.6375068343357025,0.12112867842070689,0.9669367937258494
NY,combined,4.0,weak,304,0.10208333333333333,-0.4780856769265803,0.8530612244897959,0.6022131624927198,0.10891772776345211,0.9800999115826702
NY,combined,4.0,weak,305,0.10055555555555555,-0.45917843793086377,0.8687845303867403,0.6465288818229995,0.12086616986898253,0.9734468924248605
NY,combined,4.0,weak,306,0.09902777777777778,-0.4685908021677172,0.8569424964936886,0.6218820861678005,0.103081319680631,0.9867261904761906
NY,combined,4.0,weak,307,0.10069444444444445,-0.45845680957312757,0.8731034482758621,0.6428571428571429,0.10811680811554963,0.9605834565710344
NY,combined,4.0,weak,308,0.10152777777777777,-0.468918940178208,0.8645690834473324,0.6164692611393119,0.11287341042725979,0.9767645112497636
NY,combined,5.0,weak,301,0.10666666666666667,-0.48087341352355323,0.8489583333333334,0.6696137738483016,0.11452048975782696,1.0
NY,combined,5.0,weak,302,0.10180555555555555,-0.48169748683289343,0.8526603001364257,0.6713185755534168,0.10258803114165686,0.99
NY,combined,5.0,weak,303,0.10416666666666667,-0.4746736066468425,0.8626666666666667,0.6687410244135951,0.1193582200242455,0.9900197238658776
NY,combined,5.0,weak,304,0.10486111111111111,-0.4959341079724278,0.8556291390728477,0.6246677299308878,0.10907033228790547,0.9933563218390805
NY,combined,5.0,weak,305,0.10458333333333333,-0.4774553264470244,0.8685258964143426,0.6763194768799626,0.1182200784850554,0.99
NY,combined,5.0,weak,306,0.10444444444444445,-0.4710801389164314,0.8430851063829787,0.6594594594594595,0.10202056322225513,0.9933333333333333
NY,combined,5.0,weak,307,0.10472222222222222,-0.4739436659993357,0.850132625994695,0.6824601366742596,0.11086255563998465,0.9966666666666667
NY,combined,5.0,weak,308,0.10555555555555556,-0.4812674075422495,0.868421052631579,0.6631528509822712,0.10571746211015866,0.9966666666666667
NY,combined,6.0,weak,301,0.10902777777777778,-0.48507329407379723,0.8547770700636943,0.6724059809696421,0.11329859404495975,1.0
NY,combined,6.0,weak,302,0.10319444444444445,-0.4934874680210844,0.8317631224764468,0.6559565002471577,0.1069862793466444,0.9966666666666667
NY,combined,6.0,weak,303,0.10625,-0.4773408903358861,0.8431372549019608,0.6647727272727273,0.11556323184202853,1.0
NY,combined,6.0,weak,304,0.10652777777777778,-0.5040820871429522,0.8461538461538461,0.6099020674646355,0.11382277733687558,1.0
NY,combined,6.0,weak,305,0.10666666666666667,-0.48691136648146705,0.8541666666666666,0.6717521960240407,0.12309239752448142,0.9966666666666667
NY,combined,6.0,weak,306,0.1063888888888889,-0.48504275521439694,0.8446475195822454,0.6588404408241495,0.10832126916031266,1.0
NY,combined,6.0,weak,307,0.10652777777777778,-0.4781943902461833,0.8748370273794003,0.6774047186932849,0.11003406552171509,1.0
NY,combined,6.0,weak,308,0.10819444444444444,-0.4903258727952475,0.8741976893453145,0.6551226551226551,0.10842310099273589,0.9933333333333333
NY,employment,0.0,medium,301,0.0043055555555555555,0.047739213632263855,0.0,0.0,0.19999993258940166,0.16327113297060447
NY,employment,0.0,medium,302,0.005416666666666667,-0.061700831368350945,0.05128205128205128,0.0,0.20074728279737883,0.16143620266731995
NY,employment,0.0,medium,303,0.004722222222222222,0.07475163754132504,0.058823529411764705,0.03225806451612903,0.20025512539636556,0.1577774984391701
NY,employment,0.0,medium,304,0.005694444444444445,-0.010154994799120371,0.12195121951219512,0.0,0.20079546398033754,0.17350765623480555
NY,employment,0.0,medium,305,0.005277777777777778,0.013041379772844666,0.18421052631578946,0.0,0.19895234572912227,0.1675580714575018
NY,employment,0.0,medium,306,0.003611111111111111,-0.040793865787348,0.07692307692307693,0.0,0.19927838230859798,0.16891806969256065
NY,employment,0.0,medium,307,0.005694444444444445,0.024113759162086173,0.12195121951219512,0.0,0.201595813279939,0.17346805658225728
NY,employment,0.0,medium,308,0.004583333333333333,-0.004233854551719762,0.18181818181818182,0.034482758620689655,0.1983648412988791,0.17058635124145163
NY,employment,0.5,medium,301,0.005277777777777778,0.029756374688710258,0.13157894736842105,0.029411764705882353,0.1577900191827021,0.16262431053530657
NY,employment,0.5,medium,302,0.007083333333333333,-0.03236173132148805,0.0784313725490196,0.0,0.15646661231718717,0.1591830138700183
NY,employment,0.5,medium,303,0.0075,0.019359715546347807,0.2222222222222222,0.02040816326530612,0.16772942026754867,0.15960750278228156
NY,employment,0.5,medium,304,0.006527777777777778,-0.04716630544229616,0.2127659574468085,0.0,0.1568658545454903,0.16731071052969418
NY,employment,0.5,medium,305,0.006666666666666667,-0.01863194736215727,0.125,0.0,0.15726743797626505,0.17118056610028431
NY,employment,0.5,medium,306,0.006805555555555555,-0.009665264544256485,0.20408163265306123,0.0,0.15588083291945745,0.17722575426269832
NY,employment,0.5,medium,307,0.005833333333333334,0.01711430092936108,0.16666666666666666,0.0,0.15803551251524642,0.16285321125980165
NY,employment,0.5,medium,308,0.007083333333333333,-0.00674145587137637,0.17647058823529413,0.0,0.15718055187733385,0.1636033888688946
NY,employment,1.0,medium,301,0.008611111111111111,-0.009133125198946263,0.24193548387096775,0.05555555555555555,0.13003291116091817,0.16221322207455405
NY,employment,1.0,medium,302,0.00625,-0.051754020718637404,0.13333333333333333,0.025,0.11503174512806687,0.16252373346934337
NY,employment,1.0,medium,303,0.0077777777777777776,-0.06543686680741885,0.23214285714285715,0.10344827586206896,0.12940770440815033,0.16676672452136576
NY,employment,1.0,medium,304,0.011805555555555555,-0.05456160086493118,0.23529411764705882,0.02531645569620253,0.12752977706327231,0.1760047986713814
NY,employment,1.0,medium,305,0.008472222222222223,-0.03466209041176244,0.19672131147540983,0.05084745762711865,0.13246204570782497,0.17436669974085514
NY,employment,1.0,medium,306,0.0075,-0.02287316692516311,0.14814814814814814,0.04,0.12658708824855017,0.17812725607157126
NY,employment,1.0,medium,307,0.007916666666666667,-0.013726936603465738,0.2982456140350877,0.01818181818181818,0.11872085992505672,0.16011554502159542
NY,employment,1.0,medium,308,0.009444444444444445,-0.025112349958253413,0.19117647058823528,0.08955223880597014,0.11978080530150247,0.1659434246355788
NY,employment,1.5,medium,301,0.0077777777777777776,-0.04821579252310094,0.19642857142857142,0.15873015873015872,0.11807374859355897,0.1587317092168744
NY,employment,1.5,medium,302,0.010833333333333334,-0.07344333055753527,0.23076923076923078,0.12790697674418605,0.09827967427936263,0.16179853656946128
NY,employment,1.5,medium,303,0.009722222222222222,-0.04503602540097902,0.32857142857142857,0.058823529411764705,0.12223929054971826,0.1727155820473728
NY,employment,1.5,medium,304,0.009166666666666667,-0.042934444610924785,0.15151515151515152,0.1232876712328767,0.11805975977521921,0.17418727441550833
NY,employment,1.5,medium,305,0.01,-0.07165237552226661,0.16666666666666666,0.136986301369863,0.12394481814883358,0.17713654726351657
NY,employment,1.5,medium,306,0.01125,-0.08195364769886644,0.2716049382716049,0.0273972602739726,0.10833382760867337,0.17514203004254167
NY,employment,1.5,medium,307,0.010416666666666666,-0.04543715340602321,0.26666666666666666,0.05555555555555555,0.09872370811894415,0.1696022916802515
NY,employment,1.5,medium,308,0.009444444444444445,-0.014236013415184465,0.23529411764705882,0.16901408450704225,0.10618852596864341,0.16918130931620032
NY,employment,2.0,medium,301,0.013333333333333334,-0.07823896561534795,0.15625,0.1926605504587156,0.12445886991379584,0.1624196211439493
NY,employment,2.0,medium,302,0.013333333333333334,-0.08207774433941988,0.25,0.12631578947368421,0.09487653930729299,0.16364901364273274
NY,employment,2.0,medium,303,0.013055555555555556,-0.038182743507231144,0.26595744680851063,0.17307692307692307,0.13048603511795678,0.17229135773295043
NY,employment,2.0,medium,304,0.01375,-0.057657584113462675,0.24242424242424243,0.14,0.10750385103149868,0.1814611093662057
NY,employment,2.0,medium,305,0.013888888888888888,-0.037048467480638496,0.22,0.16964285714285715,0.12482546490423087,0.16765960104785577
NY,employment,2.0,medium,306,0.0125,-0.06681893443633305,0.3333333333333333,0.10869565217391304,0.09641054708952496,0.1742641736274096
NY,employment,2.0,medium,307,0.010972222222222222,-0.05978047568898672,0.21518987341772153,0.1827956989247312,0.1017231991287712,0.16331047653629277
NY,employment,2.0,medium,308,0.011944444444444445,-0.04933350432844951,0.3023255813953488,0.18085106382978725,0.10650083775942555,0.1698137222536246
NY,employment,2.5,medium,301,0.013888888888888888,-0.05532006797506075,0.27,0.2892561983471074,0.11458209204944005,0.17458350521802435
NY,employment,2.5,medium,302,0.017777777777777778,-0.09812755822220848,0.34375,0.25675675675675674,0.09787290163366348,0.171797700793691
NY,employment,2.5,medium,303,0.014861111111111111,-0.07771214237028752,0.2616822429906542,0.21311475409836064,0.1209187024528592,0.16510181436727714
NY,employment,2.5,medium,304,0.015694444444444445,-0.08482570857459981,0.36283185840707965,0.2676056338028169,0.1021556995697449,0.18404814984999648
NY,employment,2.5,medium,305,0.015277777777777777,-0.05848207265424749,0.33636363636363636,0.1984126984126984,0.13264798315846818,0.1801247847556012
NY,employment,2.5,medium,306,0.01361111111111111,-0.09618649014904512,0.29591836734693877,0.23728813559322035,0.10627225530231955,0.18361795816067128
NY,employment,2.5,medium,307,0.013888888888888888,-0.04168813786997415,0.27,0.2,0.09776796172254199,0.165925000154374
NY,employment,2.5,medium,308,0.01361111111111111,-0.06155141095291307,0.32653061224489793,0.2689075630252101,0.09615519170968394,0.18072603860149686
NY,employment,3.0,medium,301,0.01361111111111111,-0.03760848523464634,0.2653061224489796,0.3233082706766917,0.1252207817501064,0.16734085332910045
NY,employment,3.0,medium,302,0.016944444444444446,-0.10681898537630395,0.38524590163934425,0.3076923076923077,0.09227497126264696,0.17690468997380737
NY,employment,3.0,medium,303,0.014583333333333334,-0.08312230962948684,0.29523809523809524,0.36774193548387096,0.1202658349361667,0.18143427676515358
NY,employment,3.0,medium,304,0.015833333333333335,-0.08354343545288982,0.3333333333333333,0.31645569620253167,0.10611822040185397,0.17277926403448451
NY,employment,3.0,medium,305,0.013888888888888888,-0.047847604157765365,0.28,0.3333333333333333,0.1270039090477447,0.1689405874292683
NY,employment,3.0,medium,306,0.015277777777777777,-0.07258721509066547,0.2818181818181818,0.2608695652173913,0.10027729734389407,0.1819659841743033
NY,employment,3.0,medium,307,0.014861111111111111,-0.08201956517210371,0.32710280373831774,0.30714285714285716,0.09633804306946613,0.16938466763608603
NY,employment,3.0,medium,308,0.014722222222222222,-0.04665231448941503,0.3490566037735849,0.33098591549295775,0.09704035569830356,0.16766661471473096
NY,employment,3.5,medium,301,0.01513888888888889,-0.04886917244695143,0.3211009174311927,0.32867132867132864,0.12061205424603177,0.16864696938285617
NY,employment,3.5,medium,302,0.017361111111111112,-0.11198391099511285,0.296,0.3372093023255814,0.10168269937337197,0.172800096783346
NY,employment,3.5,medium,303,0.015416666666666667,-0.07267369429035539,0.27927927927927926,0.4117647058823529,0.12434701752169136,0.1771491858810254
NY,employment,3.5,medium,304,0.018333333333333333,-0.07674969228958617,0.36363636363636365,0.375,0.1088783268068537,0.1802688307066861
NY,employment,3.5,medium,305,0.01625,-0.07474366829345354,0.3162393162393162,0.3493975903614458,0.12579833241776625,0.1804696227173761
NY,employment,3.5,medium,306,0.01611111111111111,-0.08872771868806205,0.3017241379310345,0.33121019108280253,0.10343812546041059,0.19015403519068064
NY,employment,3.5,medium,307,0.01625,-0.06260890814811479,0.3333333333333333,0.38235294117647056,0.09724085189604494,0.17961992572564284
NY,employment,3.5,medium,308,0.01625,-0.05930961058221035,0.3418803418803419,0.35714285714285715,0.10720420015599426,0.17136515752880266
NY,employment,4.0,medium,301,0.014722222222222222,-0.06980549569972636,0.37735849056603776,0.47282608695652173,0.11307987446750783,0.17325720107551884
NY,employment,4.0,medium,302,0.019305555555555555,-0.10135067541438737,0.33093525179856115,0.459915611814346,0.10947398611891235,0.1856613550549458
NY,employment,4.0,medium,303,0.015277777777777777,-0.07342486052540076,0.2909090909090909,0.40828402366863903,0.12226587028567028,0.17992660558975823
NY,employment,4.0,medium,304,0.019305555555555555,-0.11028834457217643,0.381294964028777,0.4304932735426009,0.10397271094521436,0.19183113557453604
NY,employment,4.0,medium,305,0.01611111111111111,-0.08007287014126475,0.3017241379310345,0.46632124352331605,0.12845026452257283,0.17395072051023622
NY,employment,4.0,medium,306,0.018194444444444444,-0.070649680634472,0.37404580152671757,0.4727272727272727,0.09983830397407138,0.18331491369668929
NY,employment,4.0,medium,307,0.016805555555555556,-0.06308028750097208,0.35537190082644626,0.4032258064516129,0.09683272874097638,0.1768841136044199
NY,employment,4.0,medium,308,0.01638888888888889,-0.08247911522407707,0.3728813559322034,0.4928909952606635,0.10236557141697063,0.17936880652592227
NY,employment,5.0,medium,301,0.01625,-0.06509539939735864,0.2905982905982906,0.6014234875444839,0.11891438654134846,0.17513043378701024
NY,employment,5.0,medium,302,0.019305555555555555,-0.11706796010364368,0.4244604316546763,0.6298507462686567,0.10079891020759509,0.17962893317385362
NY,employment,5.0,medium,303,0.017916666666666668,-0.06806214544819778,0.3178294573643411,0.5865724381625441,0.12634098143486386,0.1810222670510264
NY,employment,5.0,medium,304,0.020277777777777777,-0.09857368796771913,0.3219178082191781,0.543918918918919,0.10238435956161307,0.19142552064785845
NY,employment,5.0,medium,305,0.018333333333333333,-0.07508138955051277,0.3787878787878788,0.6033898305084746,0.12961273644803858,0.1861274355621352
NY,employment,5.0,medium,306,0.01972222222222222,-0.09338890950994555,0.3380281690140845,0.5770491803278689,0.10366475814123126,0.19369453158920402
NY,employment,5.0,medium,307,0.017083333333333332,-0.0924965997092671,0.34146341463414637,0.5912408759124088,0.10317975572004401,0.18577710276319967
NY,employment,5.0,medium,308,0.017222222222222222,-0.0662001823980585,0.3225806451612903,0.5854545454545454,0.10432736273838457,0.18252497026914577
NY,employment,6.0,medium,301,0.018055555555555554,-0.0850277883626298,0.35384615384615387,0.7336343115124153,0.11344975282003293,0.1753795568386314
NY,employment,6.0,medium,302,0.01902777777777778,-0.09084734737939286,0.27007299270072993,0.7181208053691275,0.09721986173756385,0.17375313913760512
NY,employment,6.0,medium,303,0.017638888888888888,-0.07921196595623967,0.2992125984251969,0.735981308411215,0.12779713558463382,0.1861626687185545
NY,employment,6.0,medium,304,0.023055555555555555,-0.11456728186435489,0.3855421686746988,0.668903803131991,0.10434322331614711,0.20700567153997892
NY,employment,6.0,medium,305,0.020277777777777777,-0.09743396584697955,0.4041095890410959,0.7168141592920354,0.1281481992119003,0.18919521016792237
NY,employment,6.0,medium,306,0.019583333333333335,-0.09389918522074778,0.3971631205673759,0.6675392670157068,0.10542212932165558,0.183634946218124
NY,employment,6.0,medium,307,0.019444444444444445,-0.08680445801999248,0.37857142857142856,0.7172897196261683,0.10244316106367739,0.17921147855085526
NY,employment,6.0,medium,308,0.01875,-0.09516261807415126,0.3333333333333333,0.7073170731707317,0.10166134909755943,0.18723199830127082
NY,employment,0.0,strong,301,0.005416666666666667,0.02029048841611792,0.23076923076923078,0.02702702702702703,0.20113807381528462,0.17255986702920467
NY,employment,0.0,strong,302,0.00625,-0.004089019031577457,0.13333333333333333,0.0,0.19968368507366654,0.16738404703176626
NY,employment,0.0,strong,303,0.0059722222222222225,0.006908013952479779,0.18604651162790697,0.0,0.19820851814197613,0.17682513860009968
NY,employment,0.0,strong,304,0.0038888888888888888,-0.028991337855258415,0.03571428571428571,0.0,0.20083443052191322,0.18148866018213325
NY,employment,0.0,strong,305,0.005277777777777778,-0.0148548453089874,0.15789473684210525,0.029411764705882353,0.20119990897925774,0.18356602424652124
NY,employment,0.0,strong,306,0.006111111111111111,0.02402077500284009,0.06818181818181818,0.0,0.20189445353640414,0.17925971677773755
NY,employment,0.0,strong,307,0.007083333333333333,-0.025539789202120407,0.13725490196078433,0.0,0.20179624565351725,0.17019606308847918
NY,employment,0.0,strong,308,0.007222222222222222,-0.02108210928020268,0.19230769230769232,0.021739130434782608,0.2008660023569903,0.168036304655909
NY,employment,0.5,strong,301,0.006666666666666667,0.0142664624066735,0.1875,0.046511627906976744,0.1556238474158164,0.165021317205351
NY,employment,0.5,strong,302,0.007916666666666667,-0.04754858489839433,0.19298245614035087,0.03571428571428571,0.15754288277564657,0.16029928594590195
NY,employment,0.5,strong,303,0.004861111111111111,0.030598124540917204,0.11428571428571428,0.0,0.16416323875619773,0.16793363832491826
NY,employment,0.5,strong,304,0.005555555555555556,-0.03118387458433103,0.125,0.02631578947368421,0.16201752607055425,0.17803248118522158
NY,employment,0.5,strong,305,0.007083333333333333,-0.018503901965945112,0.13725490196078433,0.020833333333333332,0.15739608909555958,0.17295514431150136
NY,employment,0.5,strong,306,0.0077777777777777776,-0.01715887282945867,0.08928571428571429,0.0,0.15834363552012334,0.1673897057049087
NY,employment,0.5,strong,307,0.006805555555555555,-0.03602890803628702,0.16326530612244897,0.044444444444444446,0.15857030256535745,0.16951246096021327
NY,employment,0.5,strong,308,0.006944444444444444,-0.008548854053036148,0.12,0.021739130434782608,0.15652647708807055,0.17337889514090585
NY,employment,1.0,strong,301,0.008194444444444445,-0.03544560152321667,0.2033898305084746,0.03636363636363636,0.1312901474887617,0.17086100545893965
NY,employment,1.0,strong,302,0.010694444444444444,-0.05206558636973466,0.22077922077922077,0.08974358974358974,0.11458399298220329,0.16598729783653832
NY,employment,1.0,strong,303,0.010416666666666666,-0.050457432383215775,0.14666666666666667,0.028169014084507043,0.1312594113668571,0.17248200433001878
NY,employment,1.0,strong,304,0.011805555555555555,-0.05974693537307072,0.2823529411764706,0.03896103896103896,0.12549094929356538,0.1763488848758547
NY,employment,1.0,strong,305,0.008888888888888889,-0.039178801983296485,0.234375,0.12307692307692308,0.12876912243497632,0.16982521256013097
NY,employment,1.0,strong,306,0.009444444444444445,-0.07834070790541042,0.23529411764705882,0.01639344262295082,0.12413121919984504,0.17448255582773944
NY,employment,1.0,strong,307,0.0075,-0.024572216144637952,0.16666666666666666,0.05660377358490566,0.11936835744736916,0.17260806886198934
NY,employment,1.0,strong,308,0.008611111111111111,-0.004879899081360723,0.22580645161290322,0.06779661016949153,0.1232223446488318,0.17620821862734115
NY,employment,1.5,strong,301,0.01,-0.05857621030847035,0.25,0.1038961038961039,0.11638954644155652,0.16225432918603427
NY,employment,1.5,strong,302,0.012638888888888889,-0.08299185391558621,0.32967032967032966,0.1717171717171717,0.1014364730596145,0.17032291753713172
NY,employment,1.5,strong,303,0.0125,-0.031071137702998266,0.17777777777777778,0.12631578947368421,0.12308012675659397,0.1689994496700488
NY,employment,1.5,strong,304,0.011805555555555555,-0.07237504455023518,0.23529411764705882,0.13186813186813187,0.11537528790063024,0.1800092093927561
NY,employment,1.5,strong,305,0.0125,-0.0391734694179224,0.2222222222222222,0.09782608695652174,0.1181383428171184,0.18647720978757998
NY,employment,1.5,strong,306,0.0125,-0.06410609982915932,0.3,0.045454545454545456,0.11213439808531543,0.1797845367405
NY,employment,1.5,strong,307,0.012638888888888889,-0.05095274527278681,0.31868131868131866,0.06976744186046512,0.10528694826614221,0.17689169448096004
NY,employment,1.5,strong,308,0.011666666666666667,-0.05437557280663502,0.20238095238095238,0.12941176470588237,0.10835040644137654,0.17772668796499314
NY,employment,2.0,strong,301,0.012916666666666667,-0.06657078553292829,0.34408602150537637,0.17307692307692307,0.11405977909420952,0.16919524759565754
NY,employment,2.0,strong,302,0.013888888888888888,-0.0815392892052791,0.36,0.1891891891891892,0.09475606140674663,0.16482145037196824
NY,employment,2.0,strong,303,0.01361111111111111,-0.05917324057718831,0.2653061224489796,0.22807017543859648,0.12544189562059146,0.17937768777730373
NY,employment,2.0,strong,304,0.014027777777777778,-0.09820856744456469,0.3564356435643564,0.23333333333333334,0.10575542053341719,0.18488380391137446
NY,employment,2.0,strong,305,0.015416666666666667,-0.04082636727255693,0.22522522522522523,0.14166666666666666,0.12259567038686388,0.1758070243031849
NY,employment,2.0,strong,306,0.01513888888888889,-0.11000269439388656,0.3761467889908257,0.21428571428571427,0.10085122361720406,0.18599048316171257
NY,employment,2.0,strong,307,0.012222222222222223,-0.08608824271584649,0.26136363636363635,0.1595744680851064,0.1024949411763695,0.17117815711213585
NY,employment,2.0,strong,308,0.012222222222222223,-0.05811673519641711,0.25,0.16304347826086957,0.10358434154019817,0.17634486138247607
NY,employment,2.5,strong,301,0.013055555555555556,-0.06625757127599792,0.23404255319148937,0.2627118644067797,0.11264666613400254,0.1745521729319424
NY,employment,2.5,strong,302,0.01638888888888889,-0.10623994167279613,0.3135593220338983,0.3248407643312102,0.09541315392791705,0.1718506207448143
NY,employment,2.5,strong,303,0.014583333333333334,-0.0518160019812512,0.2571428571428571,0.224,0.12472140616602223,0.18380127022554008
NY,employment,2.5,strong,304,0.016666666666666666,-0.10829696352843325,0.375,0.24285714285714285,0.10883038072717745,0.1893459564515119
NY,employment,2.5,strong,305,0.014583333333333334,-0.06923299226576995,0.3047619047619048,0.31654676258992803,0.1270129908429135,0.17493016160160166
NY,employment,2.5,strong,306,0.014444444444444444,-0.09273155009629444,0.375,0.26153846153846155,0.10795390374255308,0.1904489606751882
NY,employment,2.5,strong,307,0.013888888888888888,-0.07216431989181682,0.25,0.2777777777777778,0.10809803838568911,0.1754821573328642
NY,employment,2.5,strong,308,0.014583333333333334,-0.07439767387993666,0.26666666666666666,0.29927007299270075,0.10392954646831594,0.1814930110002153
NY,employment,3.0,strong,301,0.014583333333333334,-0.0620995905382574,0.29523809523809524,0.3,0.11806556219534664,0.1831722101014129
NY,employment,3.0,strong,302,0.016527777777777777,-0.12424636772744889,0.33613445378151263,0.34146341463414637,0.10332505529262258,0.17240834707008074
NY,employment,3.0,strong,303,0.016666666666666666,-0.06353242675808858,0.4166666666666667,0.3231707317073171,0.1282428100167978,0.1820565877650869
NY,employment,3.0,strong,304,0.01875,-0.10283307728776363,0.3925925925925926,0.31176470588235294,0.10188129187143735,0.18650494365442308
NY,employment,3.0,strong,305,0.015833333333333335,-0.07285506855245841,0.30701754385964913,0.33540372670807456,0.13225700092804482,0.17753855783053482
NY,employment,3.0,strong,306,0.015416666666666667,-0.10619427257659245,0.2972972972972973,0.36419753086419754,0.1043693668926539,0.19353681128717498
NY,employment,3.0,strong,307,0.015416666666666667,-0.10542414287276324,0.3063063063063063,0.3227848101265823,0.09622407660356419,0.18296576665576963
NY,employment,3.0,strong,308,0.0175,-0.08406252740590081,0.36507936507936506,0.36416184971098264,0.09954835989877207,0.18650620374135293
NY,employment,3.5,strong,301,0.01513888888888889,-0.07422285774417019,0.3302752293577982,0.4110429447852761,0.1204624064974378,0.170084984610373
NY,employment,3.5,strong,302,0.016805555555555556,-0.11752708090021957,0.2975206611570248,0.4365482233502538,0.10551535118120837,0.18418414302684472
NY,employment,3.5,strong,303,0.01638888888888889,-0.0552020501623952,0.2033898305084746,0.3941176470588235,0.12768037594926837,0.18158650933880516
NY,employment,3.5,strong,304,0.01861111111111111,-0.08495469544465066,0.29850746268656714,0.36787564766839376,0.10789802509600022,0.19546675466580088
NY,employment,3.5,strong,305,0.01625,-0.04706054806447724,0.29914529914529914,0.4461538461538462,0.12206821055840898,0.18631604532152357
NY,employment,3.5,strong,306,0.019583333333333335,-0.09508370222358342,0.40425531914893614,0.40476190476190477,0.1018016954709176,0.19383452339211782
NY,employment,3.5,strong,307,0.016666666666666666,-0.09631051048374047,0.31666666666666665,0.37790697674418605,0.09717594000918595,0.18178850071002287
NY,employment,3.5,strong,308,0.017222222222222222,-0.09362355894344372,0.3225806451612903,0.40860215053763443,0.09986684515502518,0.17804642443583268
NY,employment,4.0,strong,301,0.014305555555555556,-0.04957338753110656,0.22330097087378642,0.49206349206349204,0.11942468827954351,0.17874629985636664
NY,employment,4.0,strong,302,0.01875,-0.1369524609442698,0.4,0.5080645161290323,0.10292351840629899,0.1830799051150065
NY,employment,4.0,strong,303,0.01638888888888889,-0.07579075593396095,0.3305084745762712,0.5110132158590308,0.12193799198566559,0.18708504802040504
NY,employment,4.0,strong,304,0.01986111111111111,-0.1288805051852514,0.43356643356643354,0.4878048780487805,0.1077942855870961,0.18961696794117486
NY,employment,4.0,strong,305,0.015555555555555555,-0.0739502958533729,0.29464285714285715,0.5211267605633803,0.12429748728028951,0.18617430966863405
NY,employment,4.0,strong,306,0.019583333333333335,-0.11546891215184528,0.4397163120567376,0.45064377682403434,0.10959208982949481,0.18913502418353895
NY,employment,4.0,strong,307,0.016944444444444446,-0.0664828995288857,0.29508196721311475,0.43781094527363185,0.10083755419426227,0.17770468668589676
NY,employment,4.0,strong,308,0.01638888888888889,-0.06679589542525871,0.3050847457627119,0.49056603773584906,0.10367661038814575,0.17660620954179354
NY,employment,5.0,strong,301,0.017777777777777778,-0.0631184617046036,0.3671875,0.6416938110749185,0.11312682435479154,0.1806383652568573
NY,employment,5.0,strong,302,0.018472222222222223,-0.15174786111536953,0.3233082706766917,0.6514285714285715,0.10418613526454264,0.1897765711237747
NY,employment,5.0,strong,303,0.017638888888888888,-0.0758513312749906,0.29133858267716534,0.6205787781350482,0.12955548159920174,0.18827713689521478
NY,employment,5.0,strong,304,0.020555555555555556,-0.13830930972583316,0.3581081081081081,0.5982404692082112,0.10680645863686883,0.19575115633887502
NY,employment,5.0,strong,305,0.017222222222222222,-0.0683519747367622,0.2903225806451613,0.6715976331360947,0.12333787473636644,0.17135629594826554
NY,employment,5.0,strong,306,0.01972222222222222,-0.11710250657290955,0.352112676056338,0.5941558441558441,0.10859485997310896,0.1949356989279715
NY,employment,5.0,strong,307,0.017222222222222222,-0.1141940987341355,0.4032258064516129,0.6182432432432432,0.09468833606826361,0.18792426138280383
NY,employment,5.0,strong,308,0.017361111111111112,-0.07319739032106957,0.328,0.6171617161716172,0.10486882285536857,0.18175967296463832
NY,employment,6.0,strong,301,0.016666666666666666,-0.045010629635527474,0.26666666666666666,0.7696969696969697,0.11601369414007467,0.17296024867250975
NY,employment,6.0,strong,302,0.020833333333333332,-0.13825463383462253,0.41333333333333333,0.730844793713163,0.10243995698898835,0.19034075883651994
NY,employment,6.0,strong,303,0.01875,-0.09780803377314153,0.25925925925925924,0.727069351230425,0.126840115972101,0.18830358374086165
NY,employment,6.0,strong,304,0.020833333333333332,-0.11790387580656993,0.38,0.724,0.10279789344528018,0.1941229469382646
NY,employment,6.0,strong,305,0.019305555555555555,-0.07239996598056152,0.31654676258992803,0.7422037422037422,0.12339190885236,0.18877876690885104
NY,employment,6.0,strong,306,0.020833333333333332,-0.10926388114565187,0.41333333333333333,0.7293388429752066,0.10590895255147774,0.19387804102051698
NY,employment,6.0,strong,307,0.02,-0.10310207924423899,0.4097222222222222,0.7591522157996147,0.10085379775474614,0.18936099151562596
NY,employment,6.0,strong,308,0.019166666666666665,-0.06710554883946579,0.38405797101449274,0.758893280632411,0.10895787804868833,0.1848721742103958
NY,employment,0.0,weak,301,0.0030555555555555557,0.0037493982558092567,0.09090909090909091,0.0,0.20048258156917206,0.1628372620464315
NY,employment,0.0,weak,302,0.004722222222222222,-0.009262536383937415,0.14705882352941177,0.0,0.2012390201731223,0.16054924327014666
NY,employment,0.0,weak,303,0.005277777777777778,0.06366806584881916,0.13157894736842105,0.0,0.1994523367828882,0.1662823886908301
NY,employment,0.0,weak,304,0.0031944444444444446,0.013909768398895067,0.08695652173913043,0.0,0.20018671373146216,0.17111290560971046
NY,employment,0.0,weak,305,0.0043055555555555555,0.00596533035566335,0.03225806451612903,0.0,0.20093546436696422,0.16136062936159098
NY,employment,0.0,weak,306,0.00625,0.03167610588516803,0.17777777777777778,0.045454545454545456,0.19980844435947773,0.15827858891729116
NY,employment,0.0,weak,307,0.005277777777777778,0.0018280980461214738,0.02631578947368421,0.0,0.20043094889268276,0.15791759016932624
NY,employment,0.0,weak,308,0.004583333333333333,-0.019654244386789185,0.030303030303030304,0.03333333333333333,0.19856502014804023,0.15925649390515798
NY,employment,0.5,weak,301,0.006944444444444444,-0.01808467871750246,0.16,0.04081632653061224,0.1599935756544552,0.15710151410701964
NY,employment,0.5,weak,302,0.005555555555555556,0.0027945550374797595,0.1,0.0,0.15621808274384577,0.14996905592518625
NY,employment,0.5,weak,303,0.005138888888888889,-0.012778025736017747,0.16216216216216217,0.0,0.1577194173443653,0.1601402433369419
NY,employment,0.5,weak,304,0.006666666666666667,-0.009965563853327676,0.1875,0.022222222222222223,0.15564304186517863,0.1609627569258684
NY,employment,0.5,weak,305,0.005138888888888889,-0.0032731281578810174,0.08108108108108109,0.027777777777777776,0.15791099566547023,0.16693923130941124
NY,employment,0.5,weak,306,0.004027777777777778,0.04555871753520301,0.06896551724137931,0.0,0.15652501858703255,0.16891945105782735
NY,employment,0.5,weak,307,0.005138888888888889,0.0172197432005803,0.05405405405405406,0.0,0.15568311906056556,0.15734656569462147
NY,employment,0.5,weak,308,0.006527777777777778,-0.010869467703247017,0.19148936170212766,0.025,0.15713285737587465,0.1661053654253089
NY,employment,1.0,weak,301,0.007361111111111111,-0.024195220712531326,0.1320754716981132,0.0392156862745098,0.13187974093881802,0.15708498049656583
NY,employment,1.0,weak,302,0.007638888888888889,-0.04345661262872154,0.18181818181818182,0.0,0.11544607225871857,0.15853550103718725
NY,employment,1.0,weak,303,0.0075,-0.002154654238618474,0.09259259259259259,0.041666666666666664,0.13316624801845642,0.16247855644959114
NY,employment,1.0,weak,304,0.007916666666666667,-0.04435746318872745,0.21052631578947367,0.01818181818181818,0.12676018475389397,0.16394879193014186
NY,employment,1.0,weak,305,0.009444444444444445,0.02769721888613558,0.1323529411764706,0.06451612903225806,0.13069917863022765,0.159023169580305
NY,employment,1.0,weak,306,0.0075,0.04389308583183104,0.12962962962962962,0.0392156862745098,0.11950800834079733,0.16898431283222298
NY,employment,1.0,weak,307,0.006388888888888889,-0.0038179637174364325,0.1956521739130435,0.023809523809523808,0.12194602831771513,0.15872512471321548
NY,employment,1.0,weak,308,0.009722222222222222,-0.03782141734371471,0.2714285714285714,0.16,0.12069516923247618,0.16163977734559035
NY,employment,1.5,weak,301,0.008333333333333333,-0.009526342499584032,0.16666666666666666,0.08196721311475409,0.12243263570585489,0.1555800806711778
NY,employment,1.5,weak,302,0.013333333333333334,-0.04599891408971248,0.3229166666666667,0.08602150537634409,0.09860785294769835,0.15946403940050088
NY,employment,1.5,weak,303,0.009027777777777777,-0.0011596012027802168,0.2153846153846154,0.0967741935483871,0.13919963132524968,0.1674236540994417
NY,employment,1.5,weak,304,0.009305555555555555,-0.029366525171499434,0.14925373134328357,0.16216216216216217,0.11602931491189207,0.1647207810113992
NY,employment,1.5,weak,305,0.012083333333333333,-0.04909519753998931,0.13793103448275862,0.13978494623655913,0.1234583886932158,0.1662556120566351
NY,employment,1.5,weak,306,0.009444444444444445,-0.033384404762502005,0.29411764705882354,0.15942028985507245,0.10479680058268855,0.16617360259482675
NY,employment,1.5,weak,307,0.010694444444444444,-0.01581158819428445,0.15584415584415584,0.07894736842105263,0.10478608844139327,0.15802532985798962
NY,employment,1.5,weak,308,0.01125,-0.023770990291752992,0.2716049382716049,0.07407407407407407,0.10317868178748747,0.16476504895869065
NY,employment,2.0,weak,301,0.010694444444444444,0.017883709107140162,0.23376623376623376,0.15853658536585366,0.1229576409193856,0.15515154513639567
NY,employment,2.0,weak,302,0.012361111111111111,-0.07033766416275493,0.24719101123595505,0.09195402298850575,0.09105508905471561,0.15935984317038202
NY,employment,2.0,weak,303,0.01138888888888889,-0.037652010368770396,0.2804878048780488,0.0963855421686747,0.12133676333542985,0.16263407346921724
NY,employment,2.0,weak,304,0.012361111111111111,-0.06316082968334963,0.30337078651685395,0.1414141414141414,0.11406496714978472,0.1751460075626504
NY,employment,2.0,weak,305,0.01138888888888889,-0.053826832070776674,0.21951219512195122,0.10843373493975904,0.12426927853159654,0.17087045733065107
NY,employment,2.0,weak,306,0.012638888888888889,-0.0727607065621064,0.3076923076923077,0.06896551724137931,0.10582431810124292,0.17678663402002812
NY,employment,2.0,weak,307,0.01125,-0.0026922879120237298,0.2345679012345679,0.14942528735632185,0.10054924876624394,0.16832739736321306
NY,employment,2.0,weak,308,0.013472222222222222,-0.03413515245583708,0.25773195876288657,0.23684210526315788,0.0982082653544419,0.1609156747853789
NY,employment,2.5,weak,301,0.014166666666666666,-0.03229605328553611,0.3333333333333333,0.22123893805309736,0.12773407943534182,0.15905473882591062
NY,employment,2.5,weak,302,0.014305555555555556,-0.05699261691267272,0.27184466019417475,0.15315315315315314,0.1044317054088862,0.16279439432798035
NY,employment,2.5,weak,303,0.013055555555555556,-0.05376241309994956,0.3191489361702128,0.205607476635514,0.12154050664456591,0.1706855208191124
NY,employment,2.5,weak,304,0.013888888888888888,-0.047472704854205315,0.26,0.2,0.11119525144143146,0.1734370918344725
NY,employment,2.5,weak,305,0.014861111111111111,-0.026108916282344272,0.27102803738317754,0.20833333333333334,0.12768301668973134,0.17507662355064216
NY,employment,2.5,weak,306,0.015277777777777777,-0.07424432655810305,0.3,0.2,0.10486172960112639,0.1798997426734125
NY,employment,2.5,weak,307,0.014027777777777778,-0.08095785609479171,0.2871287128712871,0.21621621621621623,0.09620916499674743,0.16830574639226312
NY,employment,2.5,weak,308,0.015833333333333335,-0.058761221245049775,0.2719298245614035,0.21875,0.11037534214444518,0.17183879413853903
NY,employment,3.0,weak,301,0.01375,-0.03723128282362524,0.26262626262626265,0.2755905511811024,0.12424086281621188,0.17251600882692303
NY,employment,3.0,weak,302,0.015555555555555555,-0.07888753690077199,0.32142857142857145,0.3082191780821918,0.10275065999916888,0.16978708050387747
NY,employment,3.0,weak,303,0.014027777777777778,-0.0648807603141467,0.18811881188118812,0.2971014492753623,0.1194557789325331,0.16536678376169894
NY,employment,3.0,weak,304,0.01638888888888889,-0.08200935748134983,0.3220338983050847,0.24647887323943662,0.11133064916933814,0.17293582607218633
NY,employment,3.0,weak,305,0.014027777777777778,-0.0655991341734361,0.3465346534653465,0.2903225806451613,0.12377855318217511,0.17168943002110382
NY,employment,3.0,weak,306,0.015416666666666667,-0.05077292788260055,0.35135135135135137,0.2867647058823529,0.09777050118852841,0.1689590038619114
NY,employment,3.0,weak,307,0.014166666666666666,-0.029606190175409025,0.20588235294117646,0.29850746268656714,0.10013740875013677,0.1705914924577493
NY,employment,3.0,weak,308,0.015833333333333335,-0.06641262531588821,0.3333333333333333,0.27972027972027974,0.1011140935826917,0.16955176409159606
NY,employment,3.5,weak,301,0.013055555555555556,-0.042477320837033046,0.23404255319148937,0.3732394366197183,0.11743783247527788,0.1699206107690543
NY,employment,3.5,weak,302,0.017638888888888888,-0.08942411239917435,0.4015748031496063,0.32075471698113206,0.10232742355711899,0.16650774691398326
NY,employment,3.5,weak,303,0.015,-0.0359630969693835,0.23148148148148148,0.2887323943661972,0.13089777183587817,0.16538470562919916
NY,employment,3.5,weak,304,0.017638888888888888,-0.08353728162937116,0.30708661417322836,0.30357142857142855,0.1056630015422243,0.18346939167332246
NY,employment,3.5,weak,305,0.01638888888888889,-0.0680101316975031,0.4152542372881356,0.3855421686746988,0.11955180811901249,0.16995060948132207
NY,employment,3.5,weak,306,0.01625,-0.08794828163528903,0.3247863247863248,0.2953020134228188,0.09940371008251149,0.17655608387209562
NY,employment,3.5,weak,307,0.013888888888888888,-0.025263643137251823,0.26,0.38513513513513514,0.10631266613360107,0.16811871599172154
NY,employment,3.5,weak,308,0.015416666666666667,-0.04674850640084676,0.24324324324324326,0.3424657534246575,0.10100571843583846,0.16431311985123756
NY,employment,4.0,weak,301,0.015833333333333335,-0.033487384677038136,0.2631578947368421,0.4152046783625731,0.11923534686210648,0.16013329440940263
NY,employment,4.0,weak,302,0.017222222222222222,-0.12173648439651048,0.29838709677419356,0.4072164948453608,0.09719035239377083,0.17435908965470792
NY,employment,4.0,weak,303,0.01513888888888889,-0.053820171339317324,0.24770642201834864,0.43956043956043955,0.1266217415556988,0.17145892638661134
NY,employment,4.0,weak,304,0.0175,-0.07414744303636771,0.29365079365079366,0.4264705882352941,0.11182943988579759,0.178693309750472
NY,employment,4.0,weak,305,0.015694444444444445,-0.056853537726388424,0.3893805309734513,0.41899441340782123,0.12794402777074476,0.17088070494645782
NY,employment,4.0,weak,306,0.01625,-0.08779941085245692,0.3076923076923077,0.3416149068322981,0.09485781089149004,0.18400697805656982
NY,employment,4.0,weak,307,0.01597222222222222,-0.05829294948226291,0.34782608695652173,0.36904761904761907,0.09767355924803306,0.17049138406075529
NY,employment,4.0,weak,308,0.017222222222222222,-0.03874273483150623,0.27419354838709675,0.37222222222222223,0.1025970795937896,0.1794840118818223
NY,employment,5.0,weak,301,0.016527777777777777,-0.042784830319148495,0.31092436974789917,0.5923076923076923,0.12117118711979964,0.17037594216969026
NY,employment,5.0,weak,302,0.01875,-0.10592193325745719,0.3333333333333333,0.5693950177935944,0.10518812263560862,0.18268626675673827
NY,employment,5.0,weak,303,0.017083333333333332,-0.09575207985347194,0.3333333333333333,0.5763358778625954,0.1203521195845106,0.1864952930816002
NY,employment,5.0,weak,304,0.019583333333333335,-0.10281872975120078,0.36879432624113473,0.5350553505535055,0.10500007412544399,0.18781736634890886
NY,employment,5.0,weak,305,0.016527777777777777,-0.051435454245348206,0.3445378151260504,0.5590551181102362,0.12313298107891303,0.1747271653795874
NY,employment,5.0,weak,306,0.01888888888888889,-0.1093702671664509,0.4264705882352941,0.4978540772532189,0.1005533325057411,0.1846445053710126
NY,employment,5.0,weak,307,0.018472222222222223,-0.06480190531222797,0.38345864661654133,0.5436507936507936,0.1023980229273299,0.1711863164392889
NY,employment,5.0,weak,308,0.018055555555555554,-0.03598313867604541,0.3230769230769231,0.5992779783393501,0.10393275356027092,0.17310647341327262
NY,employment,6.0,weak,301,0.016944444444444446,-0.04522499004241201,0.30327868852459017,0.7,0.12386761995102502,0.16805376818863973
NY,employment,6.0,weak,302,0.01888888888888889,-0.11035308402382615,0.33088235294117646,0.6640211640211641,0.1020642653270266,0.1780611119908184
NY,employment,6.0,weak,303,0.016944444444444446,-0.07003636944711382,0.319672131147541,0.6892655367231638,0.12913805744299275,0.1910733052314546
NY,employment,6.0,weak,304,0.020694444444444446,-0.08808875316027522,0.3288590604026846,0.6564102564102564,0.10537066733477775,0.19635429695042025
NY,employment,6.0,weak,305,0.017361111111111112,-0.04493700550477069,0.368,0.7052631578947368,0.13351077398014893,0.18305232043486497
NY,employment,6.0,weak,306,0.02,-0.09145381738293477,0.3263888888888889,0.6264367816091954,0.09811426080709708,0.1810437006387801
NY,employment,6.0,weak,307,0.017777777777777778,-0.07275116625293698,0.296875,0.7089552238805971,0.10037380799193586,0.17497952783293225
NY,employment,6.0,weak,308,0.018194444444444444,-0.04958740759373131,0.31297709923664124,0.6807387862796834,0.11056115603172141,0.17679926411653335
NY,housing,0.0,medium,301,0.0043055555555555555,0.047739213632263855,0.0,0.0,0.19999993258940166,0.16327113297060447
NY,housing,0.0,medium,302,0.005416666666666667,-0.061700831368350945,0.05128205128205128,0.0,0.20074728279737883,0.16143620266731995
NY,housing,0.0,medium,303,0.004722222222222222,0.07475163754132504,0.058823529411764705,0.03225806451612903,0.20025512539636556,0.1577774984391701
NY,housing,0.0,medium,304,0.005694444444444445,-0.010154994799120371,0.12195121951219512,0.0,0.20079546398033754,0.17350765623480555
NY,housing,0.0,medium,305,0.005277777777777778,0.013041379772844666,0.18421052631578946,0.0,0.19895234572912227,0.1675580714575018
NY,housing,0.0,medium,306,0.003611111111111111,-0.040793865787348,0.07692307692307693,0.0,0.19927838230859798,0.16891806969256065
NY,housing,0.0,medium,307,0.005694444444444445,0.024113759162086173,0.12195121951219512,0.0,0.201595813279939,0.17346805658225728
NY,housing,0.0,medium,308,0.004583333333333333,-0.004233854551719762,0.18181818181818182,0.034482758620689655,0.1983648412988791,0.17058635124145163
NY,housing,0.5,medium,301,0.0059722222222222225,-0.001906953302126894,0.06976744186046512,0.0,0.2009824342101075,0.15644081925362224
NY,housing,0.5,medium,302,0.00875,-0.03639160499228978,0.2222222222222222,0.018867924528301886,0.19942018212449805,0.15550701892070917
NY,housing,0.5,medium,303,0.0038888888888888888,0.005091439648782477,0.07142857142857142,0.0,0.20106120986957077,0.16447000137941936
NY,housing,0.5,medium,304,0.006388888888888889,0.01726968929485308,0.17391304347826086,0.0,0.20026713307889657,0.16606871539826878
NY,housing,0.5,medium,305,0.006666666666666667,0.0179084730684084,0.14583333333333334,0.022222222222222223,0.20018134741018948,0.17187066059396586
NY,housing,0.5,medium,306,0.005694444444444445,0.026274678009584444,0.14634146341463414,0.0,0.19958463879450086,0.17948665900304217
NY,housing,0.5,medium,307,0.006666666666666667,0.0019433232892157126,0.1875,0.0,0.19892870525220885,0.16788881809897685
NY,housing,0.5,medium,308,0.005416666666666667,-0.003078603833655319,0.23076923076923078,0.0,0.20065182473954693,0.17086080012600638
NY,housing,1.0,medium,301,0.006944444444444444,-0.039077033115423536,0.2,0.0,0.19950206310983343,0.15407485351114875
NY,housing,1.0,medium,302,0.00625,-0.022205587409528223,0.13333333333333333,0.0,0.1993503499666053,0.15384368126162
NY,housing,1.0,medium,303,0.006388888888888889,-0.048719261477576,0.08695652173913043,0.0,0.19922891194422962,0.16580550182299472
NY,housing,1.0,medium,304,0.009027777777777777,-0.037317912693983483,0.23076923076923078,0.0,0.19994686549432097,0.17565886696488187
NY,housing,1.0,medium,305,0.007638888888888889,-0.017017329154796916,0.21818181818181817,0.0,0.19947308390446186,0.17804865081562443
NY,housing,1.0,medium,306,0.008055555555555555,-0.04485538492532372,0.13793103448275862,0.0,0.19672969167482676,0.17977779123378507
NY,housing,1.0,medium,307,0.006527777777777778,0.007731154669919296,0.06382978723404255,0.0,0.19807383101079834,0.166015676303316
NY,housing,1.0,medium,308,0.008194444444444445,0.009827994355443237,0.2033898305084746,0.01818181818181818,0.19938599951008,0.16439851400303798
NY,housing,1.5,medium,301,0.008194444444444445,-0.070830224352801,0.23728813559322035,0.0,0.20114400822058118,0.16229901655294224
NY,housing,1.5,medium,302,0.009583333333333333,-0.058420703165434046,0.18840579710144928,0.0,0.19995610829650337,0.15551654217825153
NY,housing,1.5,medium,303,0.0077777777777777776,-0.053643706602044025,0.19642857142857142,0.0,0.20095008631802047,0.16796161629864523
NY,housing,1.5,medium,304,0.008472222222222223,-0.06584339947410874,0.13114754098360656,0.0,0.1987875706680513,0.1740972439600867
NY,housing,1.5,medium,305,0.008888888888888889,-0.005579409609425337,0.078125,0.017241379310344827,0.19940093467559608,0.16423809286076899
NY,housing,1.5,medium,306,0.00875,-0.006326927456466892,0.12698412698412698,0.0,0.19955004999421,0.16834194221041646
NY,housing,1.5,medium,307,0.008472222222222223,-0.019489768147447913,0.09836065573770492,0.0,0.20162666838303192,0.15660434994701064
NY,housing,1.5,medium,308,0.012222222222222223,-0.05835993180563157,0.25,0.0,0.2003716600736921,0.17462398107303698
NY,housing,2.0,medium,301,0.010972222222222222,-0.01214676629218,0.25316455696202533,0.0,0.19998041724824703,0.1625456268260435
NY,housing,2.0,medium,302,0.00986111111111111,-0.08749583691382776,0.2535211267605634,0.0,0.1994677558319983,0.1623775179943229
NY,housing,2.0,medium,303,0.012083333333333333,-0.039309637684623214,0.2413793103448276,0.0,0.20032229949431293,0.16613199551684993
NY,housing,2.0,medium,304,0.014861111111111111,-0.0548012497992112,0.2803738317757009,0.01020408163265306,0.20048110583470316,0.16976795765482502
NY,housing,2.0,medium,305,0.010138888888888888,-0.008949062419903753,0.1095890410958904,0.0,0.20087738439674732,0.1715289451231559
NY,housing,2.0,medium,306,0.015555555555555555,-0.07000223769639602,0.32142857142857145,0.0,0.2011154025320815,0.1798295418184315
NY,housing,2.0,medium,307,0.0125,-0.055584042794466125,0.28888888888888886,0.012658227848101266,0.19946234016571326,0.16961450521543078
NY,housing,2.0,medium,308,0.012638888888888889,-0.014412992977344575,0.16483516483516483,0.0,0.20027124224710824,0.16783232817904448
NY,housing,2.5,medium,301,0.013333333333333334,-0.04057224820046567,0.3125,0.0,0.19992290525702672,0.16599478203533044
NY,housing,2.5,medium,302,0.014444444444444444,-0.08324609852026675,0.23076923076923078,0.0,0.20158293362931715,0.1656928545194524
NY,housing,2.5,medium,303,0.013472222222222222,-0.05703525309952077,0.30927835051546393,0.0,0.20001567047075106,0.1701899771761519
NY,housing,2.5,medium,304,0.015555555555555555,-0.07999078482554518,0.33035714285714285,0.0,0.2010858016641854,0.18081263008349382
NY,housing,2.5,medium,305,0.015694444444444445,-0.06775368178651085,0.3893805309734513,0.009615384615384616,0.19834519644969797,0.17661639462003906
NY,housing,2.5,medium,306,0.012638888888888889,-0.09402296805436497,0.26373626373626374,0.0,0.19971389825047167,0.17708098215902335
NY,housing,2.5,medium,307,0.01611111111111111,-0.07610173734266927,0.3017241379310345,0.009900990099009901,0.1997326601689284,0.17407469824571828
NY,housing,2.5,medium,308,0.012361111111111111,-0.04935650763401044,0.2808988764044944,0.0,0.19885513656936613,0.16896641506612484
NY,housing,3.0,medium,301,0.014444444444444444,-0.03669995277726551,0.22115384615384615,0.0,0.1998742993807164,0.1714331051556592
NY,housing,3.0,medium,302,0.01361111111111111,-0.06549644498812986,0.23469387755102042,0.0,0.20021780585430196,0.16441173522208977
NY,housing,3.0,medium,303,0.017916666666666668,-0.0680521243572545,0.4263565891472868,0.0,0.20152039959470214,0.18333079941166
NY,housing,3.0,medium,304,0.015416666666666667,-0.06595549474382013,0.25225225225225223,0.0,0.19954286467008506,0.1895095900621751
NY,housing,3.0,medium,305,0.018194444444444444,-0.0877857228866767,0.45038167938931295,0.0,0.1986305558867668,0.17463975943361446
NY,housing,3.0,medium,306,0.015694444444444445,-0.06320265920135827,0.2743362831858407,0.0,0.19941878245292485,0.17669626401642016
NY,housing,3.0,medium,307,0.016527777777777777,-0.07334266727657641,0.31932773109243695,0.0,0.1992769926297185,0.17229646768375995
NY,housing,3.0,medium,308,0.01902777777777778,-0.06761541570024286,0.39416058394160586,0.0,0.19948220713570866,0.17338347534026852
NY,housing,3.5,medium,301,0.018194444444444444,-0.04457178526335593,0.22900763358778625,0.008403361344537815,0.20030114183112743,0.17434546023760483
NY,housing,3.5,medium,302,0.023333333333333334,-0.13735069731284638,0.43452380952380953,0.00641025641025641,0.19900615410056513,0.20308952942443997
NY,housing,3.5,medium,303,0.01972222222222222,-0.07929303711775736,0.4014084507042254,0.0,0.20107001619225182,0.18530657241449067
NY,housing,3.5,medium,304,0.020694444444444446,-0.1033836360031068,0.3087248322147651,0.0,0.20073704442432436,0.1869696504922885
NY,housing,3.5,medium,305,0.024305555555555556,-0.12176742278946985,0.41714285714285715,0.0,0.19961143271795387,0.1968816162673916
NY,housing,3.5,medium,306,0.023333333333333334,-0.12259271707164057,0.43452380952380953,0.0,0.19826033230801096,0.20060688784377745
NY,housing,3.5,medium,307,0.019444444444444445,-0.08380793652427569,0.37857142857142856,0.0,0.19986922902745682,0.18055224115805357
NY,housing,3.5,medium,308,0.017916666666666668,-0.0750314530292229,0.34108527131782945,0.0,0.19936322555286415,0.17844294274315456
NY,housing,4.0,medium,301,0.0225,-0.06541950453398672,0.37037037037037035,0.0,0.19873598943944693,0.18814067668360474
NY,housing,4.0,medium,302,0.02236111111111111,-0.11789659543767574,0.32919254658385094,0.0,0.20046618728744459,0.19539846972493513
NY,housing,4.0,medium,303,0.02013888888888889,-0.11032923635872371,0.46206896551724136,0.0,0.19940936587790972,0.20016984478441852
NY,housing,4.0,medium,304,0.02638888888888889,-0.13611180061726053,0.4789473684210526,0.0,0.20026380397051025,0.2110609470304119
NY,housing,4.0,medium,305,0.02763888888888889,-0.1366264794439677,0.48743718592964824,0.0,0.2002992666940477,0.21782304926170165
NY,housing,4.0,medium,306,0.024444444444444446,-0.1320351519492619,0.36363636363636365,0.006097560975609756,0.19987676784139993,0.20838637229659654
NY,housing,4.0,medium,307,0.020972222222222222,-0.09813893883117804,0.2980132450331126,0.0,0.19966873856907383,0.19100898356092338
NY,housing,4.0,medium,308,0.02263888888888889,-0.09961903953431232,0.4294478527607362,0.0,0.1997977158258123,0.19549619350162856
NY,housing,5.0,medium,301,0.034722222222222224,-0.1638819182108763,0.58,0.00881057268722467,0.19920532788455467,0.24092640520369465
NY,housing,5.0,medium,302,0.034722222222222224,-0.1972313978811446,0.516,0.008733624454148471,0.19994989823094242,0.24695620146929248
NY,housing,5.0,medium,303,0.035138888888888886,-0.14921103927470464,0.5177865612648221,0.004329004329004329,0.20033614582958903,0.25238126254608656
NY,housing,5.0,medium,304,0.024583333333333332,-0.14421308906758762,0.4406779661016949,0.0,0.20016116777384604,0.20336440707285766
NY,housing,5.0,medium,305,0.03319444444444444,-0.17403764004240677,0.497907949790795,0.004672897196261682,0.19929379958711071,0.24155021496468568
NY,housing,5.0,medium,306,0.034861111111111114,-0.16353073193707385,0.549800796812749,0.0,0.19974893379733907,0.2580570073417178
NY,housing,5.0,medium,307,0.03,-0.13371899734671272,0.4351851851851852,0.010050251256281407,0.20034986062548799,0.22423571150134086
NY,housing,5.0,medium,308,0.035694444444444445,-0.13940043801542215,0.5719844357976653,0.0,0.1986805819719294,0.23710706002502177
NY,housing,6.0,medium,301,0.042916666666666665,-0.1819684068837702,0.5857605177993528,0.0034965034965034965,0.19956874523210746,0.2851359315585653
NY,housing,6.0,medium,302,0.04972222222222222,-0.2377268149369179,0.6368715083798883,0.006024096385542169,0.19923092772449125,0.3561083476987722
NY,housing,6.0,medium,303,0.043194444444444445,-0.20759441098494935,0.594855305466238,0.0,0.19874151972762732,0.3142396516973329
NY,housing,6.0,medium,304,0.04736111111111111,-0.23437543409454228,0.6158357771260997,0.0,0.19981691364528587,0.3248221283705372
NY,housing,6.0,medium,305,0.04791666666666667,-0.21048279424515923,0.6144927536231884,0.018633540372670808,0.19951977092546822,0.32462276636546555
NY,housing,6.0,medium,306,0.04805555555555555,-0.2471481689466387,0.630057803468208,0.0,0.19862137487336098,0.3599733339952277
NY,housing,6.0,medium,307,0.042638888888888886,-0.2056652079609513,0.6058631921824105,0.0,0.19990656430370965,0.30661889665572883
NY,housing,6.0,medium,308,0.0475,-0.22484175202369558,0.631578947368421,0.0,0.19985919570979102,0.3214191049243361
NY,housing,0.0,strong,301,0.005416666666666667,0.02029048841611792,0.23076923076923078,0.02702702702702703,0.20113807381528462,0.17255986702920467
NY,housing,0.0,strong,302,0.00625,-0.004089019031577457,0.13333333333333333,0.0,0.19968368507366654,0.16738404703176626
NY,housing,0.0,strong,303,0.0059722222222222225,0.006908013952479779,0.18604651162790697,0.0,0.19820851814197613,0.17682513860009968
NY,housing,0.0,strong,304,0.0038888888888888888,-0.028991337855258415,0.03571428571428571,0.0,0.20083443052191322,0.18148866018213325
NY,housing,0.0,strong,305,0.005277777777777778,-0.0148548453089874,0.15789473684210525,0.029411764705882353,0.20119990897925774,0.18356602424652124
NY,housing,0.0,strong,306,0.006111111111111111,0.02402077500284009,0.06818181818181818,0.0,0.20189445353640414,0.17925971677773755
NY,housing,0.0,strong,307,0.007083333333333333,-0.025539789202120407,0.13725490196078433,0.0,0.20179624565351725,0.17019606308847918
NY,housing,0.0,strong,308,0.007222222222222222,-0.02108210928020268,0.19230769230769232,0.021739130434782608,0.2008660023569903,0.168036304655909
NY,housing,0.5,strong,301,0.005138888888888889,0.022124080663495506,0.05405405405405406,0.0,0.20066897614287305,0.1646485873146143
NY,housing,0.5,strong,302,0.006388888888888889,-0.018383506653931046,0.17391304347826086,0.0,0.2015360966870258,0.158319524667285
NY,housing,0.5,strong,303,0.0077777777777777776,0.006266329093823442,0.16071428571428573,0.0,0.20057973411542152,0.16994913523172175
NY,housing,0.5,strong,304,0.004722222222222222,-0.026626744910297897,0.23529411764705882,0.0,0.19980769076300722,0.17434152979152934
NY,housing,0.5,strong,305,0.0075,-0.038533801698632845,0.18518518518518517,0.0,0.19933474996950404,0.17042574543989308
NY,housing,0.5,strong,306,0.007361111111111111,-0.019424446783035672,0.11320754716981132,0.0,0.19984348655528736,0.17248863489473315
NY,housing,0.5,strong,307,0.006527777777777778,-0.04079245833455554,0.06382978723404255,0.0,0.2012505429704277,0.17050303381055806
NY,housing,0.5,strong,308,0.005277777777777778,-0.047016561535217945,0.15789473684210525,0.0,0.19986255476687254,0.17576340461256168
NY,housing,1.0,strong,301,0.007361111111111111,-0.05588523923623522,0.22641509433962265,0.0392156862745098,0.19923255338405396,0.17354414394768547
NY,housing,1.0,strong,302,0.009027777777777777,-0.038160507467159314,0.27692307692307694,0.0,0.20235963998886017,0.16528957440246358
NY,housing,1.0,strong,303,0.009305555555555555,-0.045873803955354744,0.26865671641791045,0.015873015873015872,0.20069764004702215,0.17009050177734902
NY,housing,1.0,strong,304,0.0077777777777777776,-0.007583307006123121,0.05357142857142857,0.0,0.19982774655682167,0.17592390685243475
NY,housing,1.0,strong,305,0.011666666666666667,-0.04193281900902164,0.25,0.0,0.19864868830542307,0.18213928354072767
NY,housing,1.0,strong,306,0.0075,-0.04951906601959533,0.2037037037037037,0.0,0.1991066150786627,0.1756796168890901
NY,housing,1.0,strong,307,0.00986111111111111,-0.024748425770399835,0.19718309859154928,0.0,0.20050086081895271,0.16570413580282564
NY,housing,1.0,strong,308,0.009027777777777777,-0.00840785932742474,0.26153846153846155,0.0,0.1997800229211527,0.1663872560029925
NY,housing,1.5,strong,301,0.00986111111111111,-0.025551369693899678,0.19718309859154928,0.0,0.20110677817548872,0.16348238031484863
NY,housing,1.5,strong,302,0.012361111111111111,-0.06219391196938604,0.29213483146067415,0.0,0.20026616442932832,0.16104343863054255
NY,housing,1.5,strong,303,0.009027777777777777,-0.030979973909725962,0.24615384615384617,0.0,0.1995681536550892,0.17039957120796706
NY,housing,1.5,strong,304,0.010277777777777778,-0.04265572345374118,0.24324324324324326,0.0,0.20016935896241314,0.17299825294951474
NY,housing,1.5,strong,305,0.010416666666666666,-0.04598686701573234,0.26666666666666666,0.0,0.20067370554889463,0.1820996607340061
NY,housing,1.5,strong,306,0.010416666666666666,-0.054433406724037944,0.25333333333333335,0.0,0.20084450858347466,0.18257614560728697
NY,housing,1.5,strong,307,0.011111111111111112,-0.03314848407019722,0.2625,0.027777777777777776,0.19907024487057992,0.16661846044780204
NY,housing,1.5,strong,308,0.010694444444444444,-0.055543058860962724,0.35064935064935066,0.0,0.19960800115285024,0.17500734082537386
NY,housing,2.0,strong,301,0.01125,-0.048807819996212344,0.14814814814814814,0.0136986301369863,0.200929335839528,0.17310345554887657
NY,housing,2.0,strong,302,0.012638888888888889,-0.09319567507620713,0.2967032967032967,0.023255813953488372,0.19876360143403862,0.16070116783020114
NY,housing,2.0,strong,303,0.01513888888888889,-0.08730376491003983,0.3853211009174312,0.0,0.19994859032112436,0.17421974415006428
NY,housing,2.0,strong,304,0.012083333333333333,-0.055023077457411966,0.28735632183908044,0.0,0.1999684070546356,0.18209015331530204
NY,housing,2.0,strong,305,0.014027777777777778,-0.05518363002420292,0.33663366336633666,0.020618556701030927,0.19953768964239335,0.18207511872841878
NY,housing,2.0,strong,306,0.012361111111111111,-0.038439340049895306,0.21348314606741572,0.0,0.20029073425175128,0.18730482672556487
NY,housing,2.0,strong,307,0.011666666666666667,-0.03741637340543402,0.30952380952380953,0.0,0.20030511415187827,0.16446891643193765
NY,housing,2.0,strong,308,0.01138888888888889,-0.052027146841525644,0.1951219512195122,0.0,0.200070745932977,0.18667370137299763
NY,housing,2.5,strong,301,0.012916666666666667,-0.04588973953456282,0.3118279569892473,0.023255813953488372,0.1989883156684045,0.16716878972476312
NY,housing,2.5,strong,302,0.015416666666666667,-0.08037628921971415,0.36936936936936937,0.0,0.20279189378752557,0.1719994447747229
NY,housing,2.5,strong,303,0.016666666666666666,-0.07236427111377405,0.45,0.0,0.20166535928694615,0.17911901441539113
NY,housing,2.5,strong,304,0.01861111111111111,-0.13234125581285952,0.35074626865671643,0.0,0.1987754803277301,0.1977782366156015
NY,housing,2.5,strong,305,0.019444444444444445,-0.1080539651972909,0.37142857142857144,0.007751937984496124,0.19866147039510873,0.1837511269409696
NY,housing,2.5,strong,306,0.014444444444444444,-0.06954953257827737,0.2692307692307692,0.0,0.20064645300534434,0.18537509755910223
NY,housing,2.5,strong,307,0.017916666666666668,-0.08981390022540603,0.4883720930232558,0.0,0.1979588549805065,0.18149647482057527
NY,housing,2.5,strong,308,0.01986111111111111,-0.1224585403645266,0.5104895104895105,0.0078125,0.19993439723324744,0.19290807047837472
NY,housing,3.0,strong,301,0.014583333333333334,-0.055583184929262355,0.20952380952380953,0.0,0.1986250685290549,0.1708056010826994
NY,housing,3.0,strong,302,0.02,-0.10830338401271393,0.4583333333333333,0.007407407407407408,0.19998929363794107,0.1771468910236401
NY,housing,3.0,strong,303,0.01875,-0.07736349444962733,0.34074074074074073,0.016129032258064516,0.2000150339734246,0.1828160820588306
NY,housing,3.0,strong,304,0.02013888888888889,-0.09224786857053957,0.36551724137931035,0.007633587786259542,0.20014955723711267,0.20693312656499752
NY,housing,3.0,strong,305,0.020555555555555556,-0.08749539669115776,0.3783783783783784,0.0,0.19942337626276688,0.19301222657048112
NY,housing,3.0,strong,306,0.020833333333333332,-0.10367200577062324,0.43333333333333335,0.0,0.19986581820089744,0.20500603139373894
NY,housing,3.0,strong,307,0.01986111111111111,-0.08373165502445487,0.34965034965034963,0.0,0.19959067674296868,0.18570491926587535
NY,housing,3.0,strong,308,0.024166666666666666,-0.11653376148703072,0.5,0.0,0.19985189532451533,0.2024922515744823
NY,housing,3.5,strong,301,0.016527777777777777,-0.07907435207452203,0.31092436974789917,0.00909090909090909,0.19960202694593868,0.1857760788677644
NY,housing,3.5,strong,302,0.025694444444444443,-0.1358949836982742,0.4702702702702703,0.005649717514124294,0.19956818749291927,0.2088877364461811
NY,housing,3.5,strong,303,0.024305555555555556,-0.12545561560405982,0.4114285714285714,0.0,0.19958080937992762,0.21344813609706842
NY,housing,3.5,strong,304,0.025833333333333333,-0.1148276991853915,0.45161290322580644,0.0,0.1996468738234067,0.2130895744029082
NY,housing,3.5,strong,305,0.024444444444444446,-0.10894441278863565,0.4772727272727273,0.0,0.20016229063485683,0.2041075365231834
NY,housing,3.5,strong,306,0.01972222222222222,-0.09615374894310089,0.4154929577464789,0.0,0.20044973944946484,0.19376775926267337
NY,housing,3.5,strong,307,0.020972222222222222,-0.11473211836955903,0.3443708609271523,0.0,0.19977625226396376,0.1944794162311645
NY,housing,3.5,strong,308,0.023055555555555555,-0.10759194210809314,0.3795180722891566,0.0,0.20023233880036143,0.20060766412584022
NY,housing,4.0,strong,301,0.0225,-0.12052993376350368,0.41358024691358025,0.006578947368421052,0.20159010715087736,0.19909847711510886
NY,housing,4.0,strong,302,0.029861111111111113,-0.15474041103109998,0.4,0.0,0.1992932651082142,0.23513689859076672
NY,housing,4.0,strong,303,0.03166666666666667,-0.14331466871398382,0.5263157894736842,0.005128205128205128,0.19907307953225253,0.23139004226931273
NY,housing,4.0,strong,304,0.026111111111111113,-0.13352789327064138,0.44148936170212766,0.0,0.19933930516689682,0.22367790633159737
NY,housing,4.0,strong,305,0.02375,-0.09561191093969997,0.45614035087719296,0.0,0.2012571038676546,0.2044451754289664
NY,housing,4.0,strong,306,0.028055555555555556,-0.14062281301382684,0.48514851485148514,0.005376344086021506,0.19915411341272174,0.223030640804499
NY,housing,4.0,strong,307,0.02666666666666667,-0.12210830471793786,0.4635416666666667,0.0,0.20017074165152937,0.20350995100699204
NY,housing,4.0,strong,308,0.026805555555555555,-0.11738561247743162,0.49222797927461137,0.005714285714285714,0.19935315338372708,0.2078449669166992
NY,housing,5.0,strong,301,0.03888888888888889,-0.1758621702425959,0.6071428571428571,0.003861003861003861,0.1994541781471443,0.26457953112792687
NY,housing,5.0,strong,302,0.041805555555555554,-0.22417282517779324,0.6312292358803987,0.0036363636363636364,0.19880752882999966,0.309316261333368
NY,housing,5.0,strong,303,0.03819444444444445,-0.18965901843648453,0.56,0.00784313725490196,0.19959607663689935,0.2810515371580239
NY,housing,5.0,strong,304,0.041527777777777775,-0.21279606195469516,0.6421404682274248,0.0036363636363636364,0.1996298658139485,0.3067843404009771
NY,housing,5.0,strong,305,0.04680555555555556,-0.21709482070314168,0.7002967359050445,0.00967741935483871,0.19922991696386452,0.3285845551596421
NY,housing,5.0,strong,306,0.044305555555555556,-0.21913393485703223,0.6300940438871473,0.003472222222222222,0.19981486331095033,0.3294517455180156
NY,housing,5.0,strong,307,0.0375,-0.18842638667322173,0.5666666666666667,0.003968253968253968,0.19860302302422742,0.2712558167342731
NY,housing,5.0,strong,308,0.034722222222222224,-0.1784967947176722,0.552,0.0,0.19883691012023194,0.24850711538844228
NY,housing,6.0,strong,301,0.05430555555555556,-0.2467222263155395,0.7186700767263428,0.011111111111111112,0.1995144859426974,0.3847927284799312
NY,housing,6.0,strong,302,0.06458333333333334,-0.31846314514372115,0.7505376344086021,0.011467889908256881,0.1997908277000741,0.5376071938512378
NY,housing,6.0,strong,303,0.06208333333333333,-0.30665508689639853,0.7449664429530202,0.009592326139088728,0.19987769062660546,0.5103415287569237
NY,housing,6.0,strong,304,0.0636111111111111,-0.32402540917167844,0.759825327510917,0.0,0.19937679969757163,0.5084001180282849
NY,housing,6.0,strong,305,0.05736111111111111,-0.29005468607136986,0.7796610169491526,0.015463917525773196,0.19997076209810336,0.43510709438080386
NY,housing,6.0,strong,306,0.05361111111111111,-0.27871149049696814,0.7098445595854922,0.008426966292134831,0.19954021362075883,0.39851981297986666
NY,housing,6.0,strong,307,0.05305555555555556,-0.2512142311548438,0.6570680628272252,0.002849002849002849,0.1992637433970612,0.39907682370130876
NY,housing,6.0,strong,308,0.06875,-0.3225468952943456,0.8080808080808081,0.0044444444444444444,0.19905093118194905,0.52636208593395
NY,housing,0.0,weak,301,0.0030555555555555557,0.0037493982558092567,0.09090909090909091,0.0,0.20048258156917206,0.1628372620464315
NY,housing,0.0,weak,302,0.004722222222222222,-0.009262536383937415,0.14705882352941177,0.0,0.2012390201731223,0.16054924327014666
NY,housing,0.0,weak,303,0.005277777777777778,0.06366806584881916,0.13157894736842105,0.0,0.1994523367828882,0.1662823886908301
NY,housing,0.0,weak,304,0.0031944444444444446,0.013909768398895067,0.08695652173913043,0.0,0.20018671373146216,0.17111290560971046
NY,housing,0.0,weak,305,0.0043055555555555555,0.00596533035566335,0.03225806451612903,0.0,0.20093546436696422,0.16136062936159098
NY,housing,0.0,weak,306,0.00625,0.03167610588516803,0.17777777777777778,0.045454545454545456,0.19980844435947773,0.15827858891729116
NY,housing,0.0,weak,307,0.005277777777777778,0.0018280980461214738,0.02631578947368421,0.0,0.20043094889268276,0.15791759016932624
NY,housing,0.0,weak,308,0.004583333333333333,-0.019654244386789185,0.030303030303030304,0.03333333333333333,0.19856502014804023,0.15925649390515798
NY,housing,0.5,weak,301,0.005555555555555556,0.03213230360313714,0.125,0.02564102564102564,0.20053559493031847,0.1485888572510807
NY,housing,0.5,weak,302,0.005694444444444445,-0.06283087970338752,0.14634146341463414,0.0,0.20138886332456452,0.16428014350763753
NY,housing,0.5,weak,303,0.007361111111111111,0.014732807367033448,0.11320754716981132,0.0,0.20105857715271622,0.16016480505477962
NY,housing,0.5,weak,304,0.006666666666666667,-0.02260076526919556,0.0625,0.0,0.20014139708826137,0.16494030000884288
NY,housing,0.5,weak,305,0.0059722222222222225,-0.022984985027118498,0.13953488372093023,0.0,0.19904401808997305,0.16496099570007364
NY,housing,0.5,weak,306,0.005138888888888889,-0.053376599678704666,0.24324324324324326,0.0,0.20056016939288815,0.16977824688688126
NY,housing,0.5,weak,307,0.005833333333333334,0.031238799407031663,0.07142857142857142,0.0,0.20061595979023805,0.15494678018598634
NY,housing,0.5,weak,308,0.0059722222222222225,0.010749923509275873,0.09302325581395349,0.0,0.1997797843735335,0.16715593063471942
NY,housing,1.0,weak,301,0.0077777777777777776,-0.007641289693595499,0.08928571428571429,0.018867924528301886,0.20128513088236308,0.16130008235303972
NY,housing,1.0,weak,302,0.006527777777777778,-0.01420509436963308,0.1276595744680851,0.0,0.20057232089051377,0.14831375417494788
NY,housing,1.0,weak,303,0.006666666666666667,-0.016202456566836873,0.16666666666666666,0.0,0.19963433713192894,0.15541521587251633
NY,housing,1.0,weak,304,0.006805555555555555,-0.037855503552411636,0.16326530612244897,0.0,0.20067431631679436,0.16333272197797152
NY,housing,1.0,weak,305,0.007916666666666667,-0.05170615275162885,0.3684210526315789,0.0,0.20242132348872635,0.16714019000806624
NY,housing,1.0,weak,306,0.005416666666666667,-0.030030893609250153,0.1282051282051282,0.0,0.19917788460209396,0.1702607502072052
NY,housing,1.0,weak,307,0.005138888888888889,0.01106014610018428,0.2702702702702703,0.0,0.19981667134843226,0.15981236273274624
NY,housing,1.0,weak,308,0.007361111111111111,0.010154256717018369,0.1509433962264151,0.0,0.20020282970924488,0.16215163454663767
NY,housing,1.5,weak,301,0.009166666666666667,-0.04275009033394141,0.19696969696969696,0.0,0.20029691849198517,0.15870668617707634
NY,housing,1.5,weak,302,0.007222222222222222,-0.007536403627644838,0.1346153846153846,0.0,0.20057278861062675,0.1502062333852618
NY,housing,1.5,weak,303,0.009305555555555555,-0.008214180896422544,0.26865671641791045,0.0,0.20152261566518825,0.1578117024256177
NY,housing,1.5,weak,304,0.009722222222222222,-0.03373996418984639,0.14285714285714285,0.0,0.1990154804329849,0.16613012508961839
NY,housing,1.5,weak,305,0.008472222222222223,-0.029056991040529938,0.18032786885245902,0.0,0.19965817271178235,0.16175030608117244
NY,housing,1.5,weak,306,0.00986111111111111,-0.0005946870238522659,0.23943661971830985,0.0,0.20082474623715918,0.169216626533985
NY,housing,1.5,weak,307,0.008888888888888889,0.0014585259412136444,0.15625,0.0,0.2010035343736195,0.16243981044362707
NY,housing,1.5,weak,308,0.01,-0.01663168178636422,0.19444444444444445,0.0,0.19952636116051037,0.1595711848652193
NY,housing,2.0,weak,301,0.009722222222222222,-0.0026679919501195097,0.14285714285714285,0.015151515151515152,0.20064156579370165,0.1519191384621865
NY,housing,2.0,weak,302,0.010555555555555556,-0.06199526439107619,0.27631578947368424,0.0,0.20062947698351094,0.15441862199643733
NY,housing,2.0,weak,303,0.011527777777777777,-0.010128106531067096,0.3132530120481928,0.0,0.2001871976209648,0.16605692059723845
NY,housing,2.0,weak,304,0.010416666666666666,-0.04078983361540364,0.22666666666666666,0.0,0.19926769905476424,0.17080003275020042
NY,housing,2.0,weak,305,0.01138888888888889,-0.025712948183278326,0.25609756097560976,0.014084507042253521,0.19978082350645357,0.1568640851871471
NY,housing,2.0,weak,306,0.010555555555555556,-0.0315774924150579,0.18421052631578946,0.0,0.20156816510374717,0.16496925837302637
NY,housing,2.0,weak,307,0.010555555555555556,-0.003998830105255177,0.3026315789473684,0.0,0.19977904234984847,0.16012636975723704
NY,housing,2.0,weak,308,0.010694444444444444,-0.035801211033706995,0.2727272727272727,0.0,0.19880243186744204,0.1626651931784182
NY,housing,2.5,weak,301,0.012083333333333333,-0.020237410784932335,0.12643678160919541,0.024096385542168676,0.19999940200996014,0.16252095849984516
NY,housing,2.5,weak,302,0.012361111111111111,-0.05442433114962452,0.25842696629213485,0.0,0.1991883404000289,0.16133849368535874
NY,housing,2.5,weak,303,0.012083333333333333,-0.041878281296345625,0.19540229885057472,0.0,0.20031245808506262,0.1622012710012196
NY,housing,2.5,weak,304,0.0125,-0.06702933176184724,0.3333333333333333,0.0,0.19861548599178416,0.17226799029169768
NY,housing,2.5,weak,305,0.014722222222222222,-0.03948224845322115,0.3018867924528302,0.0,0.2012014553542796,0.1728696257013785
NY,housing,2.5,weak,306,0.013194444444444444,-0.04343400424224224,0.22105263157894736,0.0,0.2005345088571269,0.1637488570132048
NY,housing,2.5,weak,307,0.011805555555555555,-0.04553167754520463,0.21176470588235294,0.0,0.19891646663048154,0.16577053310865883
NY,housing,2.5,weak,308,0.013888888888888888,-0.061885843366264834,0.19,0.0,0.20032186554345946,0.1599950421506443
NY,housing,3.0,weak,301,0.014861111111111111,-0.03433433895800198,0.21495327102803738,0.0,0.20164239104990792,0.16301117671842794
NY,housing,3.0,weak,302,0.01597222222222222,-0.09228417771506416,0.34782608695652173,0.0,0.19896082363413525,0.1666348982373438
NY,housing,3.0,weak,303,0.01513888888888889,-0.05679977866343563,0.3119266055045872,0.0,0.1990401642137509,0.17511548865996823
NY,housing,3.0,weak,304,0.014027777777777778,-0.07635422346605111,0.2871287128712871,0.0,0.20012735598311918,0.1687167167627616
NY,housing,3.0,weak,305,0.015555555555555555,-0.05210674400310326,0.25892857142857145,0.0,0.20121842924227792,0.1757901637675719
NY,housing,3.0,weak,306,0.01375,-0.09906753230450398,0.30303030303030304,0.0,0.19941242324600064,0.17276685618011475
NY,housing,3.0,weak,307,0.01513888888888889,-0.044506007680165015,0.29357798165137616,0.0,0.19898539382743996,0.1666332045342899
NY,housing,3.0,weak,308,0.01638888888888889,-0.07291950073898261,0.3050847457627119,0.0,0.19995398516282295,0.1799086123497651
NY,housing,3.5,weak,301,0.01638888888888889,-0.05380700904629733,0.3050847457627119,0.009708737864077669,0.1995699966497009,0.16135530014699906
NY,housing,3.5,weak,302,0.0175,-0.11109734669654465,0.30158730158730157,0.0,0.20084154183466815,0.1807865948584614
NY,housing,3.5,weak,303,0.020277777777777777,-0.059975903344350025,0.3767123287671233,0.0,0.19940791112205067,0.1794317978569899
NY,housing,3.5,weak,304,0.016527777777777777,-0.052739244985618446,0.29411764705882354,0.0,0.20104897591870938,0.1704350436258218
NY,housing,3.5,weak,305,0.0175,-0.06955510506145285,0.2857142857142857,0.0,0.20001275268234464,0.16949466388587928
NY,housing,3.5,weak,306,0.01375,-0.06380302827611117,0.2828282828282828,0.0,0.1994009831229722,0.1768046735287712
NY,housing,3.5,weak,307,0.016944444444444446,-0.09054439292046904,0.3360655737704918,0.0,0.20022545626807656,0.16763307011431686
NY,housing,3.5,weak,308,0.018333333333333333,-0.07594205738018384,0.3484848484848485,0.0,0.19998662930551606,0.17792638619844145
NY,housing,4.0,weak,301,0.020277777777777777,-0.06690854310041953,0.4041095890410959,0.007462686567164179,0.19972939888909483,0.17818132169216266
NY,housing,4.0,weak,302,0.020833333333333332,-0.13024453887541818,0.4,0.0,0.1995185788987273,0.18165138824292298
NY,housing,4.0,weak,303,0.019444444444444445,-0.06550125422446201,0.4714285714285714,0.0,0.19981178292019106,0.17611053788375414
NY,housing,4.0,weak,304,0.018472222222222223,-0.08893725750481404,0.3082706766917293,0.0,0.20080465720270427,0.17562230915068353
NY,housing,4.0,weak,305,0.021944444444444444,-0.09241018803653916,0.3670886075949367,0.013605442176870748,0.20059299179519022,0.1856301626468138
NY,housing,4.0,weak,306,0.020833333333333332,-0.07769578241464416,0.3333333333333333,0.0,0.19996570062064944,0.18781864528091388
NY,housing,4.0,weak,307,0.017361111111111112,-0.0695931367887038,0.336,0.0,0.20036872585533425,0.180372051999821
NY,housing,4.0,weak,308,0.022916666666666665,-0.08393825319122865,0.37575757575757573,0.013245033112582781,0.19994851517447954,0.1992291027370624
NY,housing,5.0,weak,301,0.025555555555555557,-0.095257928487204,0.4782608695652174,0.005917159763313609,0.20074890619286037,0.1980227671587154
NY,housing,5.0,weak,302,0.02736111111111111,-0.13549545670476146,0.41624365482233505,0.0055248618784530384,0.1995363168387909,0.20791726555900017
NY,housing,5.0,weak,303,0.02875,-0.1257772318062723,0.4830917874396135,0.005376344086021506,0.20048878527955438,0.2147078844145353
NY,housing,5.0,weak,304,0.025138888888888888,-0.11163909930958425,0.34806629834254144,0.0,0.20046263852945492,0.20256486157046857
NY,housing,5.0,weak,305,0.025833333333333333,-0.12221843838399608,0.40860215053763443,0.0,0.2003453207055882,0.19649331309282284
NY,housing,5.0,weak,306,0.0275,-0.12454289378821663,0.42424242424242425,0.0,0.20002751489949855,0.21611261902232712
NY,housing,5.0,weak,307,0.021666666666666667,-0.06829962846987686,0.2692307692307692,0.0,0.1990141360939379,0.18438746458979463
NY,housing,5.0,weak,308,0.030694444444444444,-0.12960574014906548,0.4796380090497738,0.005076142131979695,0.20021263200529302,0.2199854747872689
NY,housing,6.0,weak,301,0.035277777777777776,-0.128755477473928,0.5669291338582677,0.0,0.20015057383425072,0.23668081953627856
NY,housing,6.0,weak,302,0.04027777777777778,-0.18505866498938578,0.5620689655172414,0.0,0.19901291406961943,0.2836870062881214
NY,housing,6.0,weak,303,0.03652777777777778,-0.17218868581865435,0.5627376425855514,0.0,0.2003140231488564,0.2648240231231145
NY,housing,6.0,weak,304,0.03666666666666667,-0.1749866539551233,0.5606060606060606,0.0,0.19962375801885232,0.25079026152077916
NY,housing,6.0,weak,305,0.03888888888888889,-0.1652077384593536,0.5642857142857143,0.019455252918287938,0.19961608011539048,0.25227951789905945
NY,housing,6.0,weak,306,0.03791666666666667,-0.17283764141456628,0.5457875457875457,0.00392156862745098,0.19910387879152944,0.2748365243644029
NY,housing,6.0,weak,307,0.03347222222222222,-0.16002032150446818,0.5394190871369294,0.004545454545454545,0.19985058256782298,0.22563204462902942
NY,housing,6.0,weak,308,0.04236111111111111,-0.19651663924648985,0.6327868852459017,0.0036496350364963502,0.19959679474653294,0.2710912599935305
NY,migration_incentive,0.0,medium,301,0.0043055555555555555,0.047739213632263855,0.0,0.0,0.19999993258940166,0.16327113297060447
NY,migration_incentive,0.0,medium,302,0.005416666666666667,-0.061700831368350945,0.05128205128205128,0.0,0.20074728279737883,0.16143620266731995
NY,migration_incentive,0.0,medium,303,0.004722222222222222,0.07475163754132504,0.058823529411764705,0.03225806451612903,0.20025512539636556,0.1577774984391701
NY,migration_incentive,0.0,medium,304,0.005694444444444445,-0.010154994799120371,0.12195121951219512,0.0,0.20079546398033754,0.17350765623480555
NY,migration_incentive,0.0,medium,305,0.005277777777777778,0.013041379772844666,0.18421052631578946,0.0,0.19895234572912227,0.1675580714575018
NY,migration_incentive,0.0,medium,306,0.003611111111111111,-0.040793865787348,0.07692307692307693,0.0,0.19927838230859798,0.16891806969256065
NY,migration_incentive,0.0,medium,307,0.005694444444444445,0.024113759162086173,0.12195121951219512,0.0,0.201595813279939,0.17346805658225728
NY,migration_incentive,0.0,medium,308,0.004583333333333333,-0.004233854551719762,0.18181818181818182,0.034482758620689655,0.1983648412988791,0.17058635124145163
NY,migration_incentive,0.5,medium,301,0.005555555555555556,-0.06368944043986705,0.1,0.05263157894736842,0.2011997458533046,0.15830237493760993
NY,migration_incentive,0.5,medium,302,0.005694444444444445,-0.009457798790178103,0.12195121951219512,0.0,0.1999997685322827,0.16213866390023732
NY,migration_incentive,0.5,medium,303,0.007638888888888889,-0.04129269517568811,0.2,0.0,0.1987719399756297,0.16393415997775573
NY,migration_incentive,0.5,medium,304,0.005833333333333334,-0.005631443783085503,0.11904761904761904,0.05,0.20014414549554158,0.1744394774002725
NY,migration_incentive,0.5,medium,305,0.007361111111111111,0.010872368812527877,0.0,0.020833333333333332,0.2008363662712911,0.16903836857404958
NY,migration_incentive,0.5,medium,306,0.006388888888888889,-0.04558590619698203,0.08695652173913043,0.023255813953488372,0.19936313805346936,0.17857243441299603
NY,migration_incentive,0.5,medium,307,0.00625,-0.024435282926986237,0.13333333333333333,0.023255813953488372,0.19841094727377362,0.16670383075227405
NY,migration_incentive,0.5,medium,308,0.008055555555555555,-0.026268164336442405,0.20689655172413793,0.03773584905660377,0.1997922749534973,0.16426940968924403
NY,migration_incentive,1.0,medium,301,0.006527777777777778,-0.03567457728974388,0.19148936170212766,0.041666666666666664,0.20037441563369432,0.16113145612164786
NY,migration_incentive,1.0,medium,302,0.00875,-0.04145601409508893,0.1746031746031746,0.017857142857142856,0.2009495761059563,0.16037129476326006
NY,migration_incentive,1.0,medium,303,0.0077777777777777776,-0.026966578923186657,0.08928571428571429,0.018867924528301886,0.20013265616816453,0.16785985692125896
NY,migration_incentive,1.0,medium,304,0.010138888888888888,-0.05456370778828689,0.1780821917808219,0.015873015873015872,0.19987989250416216,0.17057973046042402
NY,migration_incentive,1.0,medium,305,0.008888888888888889,-0.007015793378729866,0.203125,0.06896551724137931,0.20013941669496227,0.1635373517367747
NY,migration_incentive,1.0,medium,306,0.006944444444444444,-0.04541112962417932,0.02,0.0625,0.20028180933356543,0.16864769634970467
NY,migration_incentive,1.0,medium,307,0.008888888888888889,-0.02653228987671106,0.25,0.0,0.19994160813581996,0.1616818738798644
NY,migration_incentive,1.0,medium,308,0.008055555555555555,0.024054714708327218,0.22413793103448276,0.10526315789473684,0.20074323745888834,0.1757132298935861
NY,migration_incentive,1.5,medium,301,0.010555555555555556,-0.030035257546860872,0.21052631578947367,0.13924050632911392,0.20050746417517384,0.16478739864525802
NY,migration_incentive,1.5,medium,302,0.01138888888888889,-0.04672584586450754,0.21951219512195122,0.038461538461538464,0.20028971923512937,0.16358479377907936
NY,migration_incentive,1.5,medium,303,0.009166666666666667,-0.026681579076927482,0.12121212121212122,0.046875,0.19939940650713864,0.1650105816384459
NY,migration_incentive,1.5,medium,304,0.010277777777777778,-0.05816199742969117,0.21621621621621623,0.06756756756756757,0.20051197301067059,0.1677210454181298
NY,migration_incentive,1.5,medium,305,0.010833333333333334,-0.050701359521061924,0.23076923076923078,0.10666666666666667,0.2001772427627531,0.16102641607148482
NY,migration_incentive,1.5,medium,306,0.009305555555555555,-0.06629926048305977,0.1791044776119403,0.0625,0.1997492985900593,0.1723249374240772
NY,migration_incentive,1.5,medium,307,0.011805555555555555,-0.03845962435415453,0.2235294117647059,0.08536585365853659,0.19968574439104872,0.16441975781891047
NY,migration_incentive,1.5,medium,308,0.010277777777777778,-0.031402336795745736,0.21621621621621623,0.043478260869565216,0.19928353843614297,0.16643724699256193
NY,migration_incentive,2.0,medium,301,0.00986111111111111,-0.01659478342144868,0.14084507042253522,0.16,0.2013389477688108,0.15709093673645022
NY,migration_incentive,2.0,medium,302,0.015694444444444445,-0.07793587817191552,0.20353982300884957,0.1721311475409836,0.20073805258547595,0.17020245756041258
NY,migration_incentive,2.0,medium,303,0.011805555555555555,-0.07344638029828089,0.32941176470588235,0.17894736842105263,0.20101970623677612,0.16851969194413657
NY,migration_incentive,2.0,medium,304,0.013194444444444444,-0.08129222451313457,0.2736842105263158,0.12871287128712872,0.19981932298705016,0.1723061754929718
NY,migration_incentive,2.0,medium,305,0.012222222222222223,-0.05358753582888862,0.2840909090909091,0.16666666666666666,0.20000168332560744,0.16562588049421095
NY,migration_incentive,2.0,medium,306,0.011666666666666667,-0.04768061111222552,0.35714285714285715,0.05194805194805195,0.19962763909044376,0.1701957200680521
NY,migration_incentive,2.0,medium,307,0.014305555555555556,-0.04423606363795457,0.2912621359223301,0.18518518518518517,0.199392956508083,0.17152507356893787
NY,migration_incentive,2.0,medium,308,0.011944444444444445,-0.08112745941646585,0.2441860465116279,0.15730337078651685,0.2007147113207317,0.16842217208106441
NY,migration_incentive,2.5,medium,301,0.0125,-0.04572192506461716,0.2,0.3333333333333333,0.20045055423388922,0.1631141354240433
NY,migration_incentive,2.5,medium,302,0.013472222222222222,-0.0771439874144512,0.32989690721649484,0.2903225806451613,0.19987082768455255,0.16392685587497494
NY,migration_incentive,2.5,medium,303,0.0125,-0.03948171946345038,0.18888888888888888,0.25663716814159293,0.20083714955888543,0.17336239364544606
NY,migration_incentive,2.5,medium,304,0.014305555555555556,-0.039803256131437884,0.2912621359223301,0.17391304347826086,0.19913979511163446,0.17958076868771797
NY,migration_incentive,2.5,medium,305,0.014861111111111111,-0.042989171984353584,0.2803738317757009,0.3055555555555556,0.20002436817188307,0.17389045112734808
NY,migration_incentive,2.5,medium,306,0.01597222222222222,-0.06302034840903978,0.30434782608695654,0.20454545454545456,0.20017865283281067,0.1789408189003592
NY,migration_incentive,2.5,medium,307,0.01375,-0.04985898515207334,0.24242424242424243,0.29838709677419356,0.19973444604160862,0.17074192989890516
NY,migration_incentive,2.5,medium,308,0.013472222222222222,-0.05026095778952282,0.23711340206185566,0.26666666666666666,0.2003055418818256,0.16960031398264014
NY,migration_incentive,3.0,medium,301,0.014305555555555556,-0.04526124193329622,0.21359223300970873,0.3037037037037037,0.19891830812760794,0.16734916142459225
NY,migration_incentive,3.0,medium,302,0.01597222222222222,-0.08703210566912699,0.25217391304347825,0.3181818181818182,0.20089925940813627,0.16913751623785192
NY,migration_incentive,3.0,medium,303,0.015694444444444445,-0.04749968546606025,0.2743362831858407,0.35185185185185186,0.20032896275419276,0.17446057085178188
NY,migration_incentive,3.0,medium,304,0.019444444444444445,-0.09524591829401692,0.37142857142857144,0.28735632183908044,0.19933426052457914,0.1864795888267305
NY,migration_incentive,3.0,medium,305,0.014861111111111111,-0.07311331978815938,0.2336448598130841,0.40993788819875776,0.20102247884425525,0.17587573600381817
NY,migration_incentive,3.0,medium,306,0.01597222222222222,-0.08393394226388927,0.26956521739130435,0.2620689655172414,0.198703762727346,0.1796515505802625
NY,migration_incentive,3.0,medium,307,0.01625,-0.062431035636009734,0.29914529914529914,0.33986928104575165,0.19983260090979346,0.1719618756810629
NY,migration_incentive,3.0,medium,308,0.014861111111111111,-0.03560404723387614,0.29906542056074764,0.3724137931034483,0.19892055927735605,0.17497371580041018
NY,migration_incentive,3.5,medium,301,0.015,-0.050417743092469346,0.28703703703703703,0.45901639344262296,0.19968059733361473,0.1673757895818055
NY,migration_incentive,3.5,medium,302,0.0175,-0.09667191345673144,0.3333333333333333,0.413265306122449,0.19892634092861386,0.17364504964966418
NY,migration_incentive,3.5,medium,303,0.016666666666666666,-0.0725247763316663,0.38333333333333336,0.42391304347826086,0.20018172865201098,0.1730107026885383
NY,migration_incentive,3.5,medium,304,0.01875,-0.10365132734062825,0.37037037037037035,0.3756345177664975,0.19997686041674514,0.18929121407088795
NY,migration_incentive,3.5,medium,305,0.01638888888888889,-0.060551360426750946,0.3220338983050847,0.5023474178403756,0.1998620133035531,0.17863587097075528
NY,migration_incentive,3.5,medium,306,0.017777777777777778,-0.07712577548628642,0.453125,0.41624365482233505,0.19826214136971312,0.17897568021663066
NY,migration_incentive,3.5,medium,307,0.01597222222222222,-0.05343750385124095,0.28695652173913044,0.423728813559322,0.20063988851609882,0.16650704720790388
NY,migration_incentive,3.5,medium,308,0.017361111111111112,-0.07717155574958584,0.312,0.41798941798941797,0.19927761096131322,0.17419764552920308
NY,migration_incentive,4.0,medium,301,0.01597222222222222,-0.06660486070025395,0.3217391304347826,0.5823293172690763,0.19931886774339638,0.17335987317432544
NY,migration_incentive,4.0,medium,302,0.018055555555555554,-0.10784220674809869,0.36923076923076925,0.5615942028985508,0.19910906377831208,0.1784198838939751
NY,migration_incentive,4.0,medium,303,0.01638888888888889,-0.07569920410763574,0.2966101694915254,0.5783132530120482,0.200931331439508,0.17454055633715698
NY,migration_incentive,4.0,medium,304,0.019583333333333335,-0.12471311587734196,0.425531914893617,0.5057915057915058,0.2001611556021269,0.1952524561358617
NY,migration_incentive,4.0,medium,305,0.017361111111111112,-0.04764575144820151,0.368,0.564,0.19914697903710002,0.17426996730784095
NY,migration_incentive,4.0,medium,306,0.018333333333333333,-0.06869238651094771,0.3181818181818182,0.516,0.19994510163177426,0.1867660323415573
NY,migration_incentive,4.0,medium,307,0.016805555555555556,-0.09310826226762298,0.2975206611570248,0.5087719298245614,0.19918225192690805,0.18151503440951275
NY,migration_incentive,4.0,medium,308,0.017083333333333332,-0.05419214034875679,0.3252032520325203,0.5868725868725869,0.1997168569886332,0.16901701518547974
NY,migration_incentive,5.0,medium,301,0.017361111111111112,-0.043578291509003234,0.344,0.720873786407767,0.2007651644312618,0.16919579287256636
NY,migration_incentive,5.0,medium,302,0.01972222222222222,-0.1302348578295748,0.34507042253521125,0.7278350515463917,0.1996518166124082,0.18617804048707104
NY,migration_incentive,5.0,medium,303,0.01861111111111111,-0.0974247089946028,0.291044776119403,0.7053140096618358,0.19955034346726053,0.1861727457741312
NY,migration_incentive,5.0,medium,304,0.0225,-0.13009810136417038,0.35802469135802467,0.7049180327868853,0.201107393385788,0.19536849522142616
NY,migration_incentive,5.0,medium,305,0.019305555555555555,-0.055910278732113544,0.381294964028777,0.7142857142857143,0.19982338665477498,0.1856883505782915
NY,migration_incentive,5.0,medium,306,0.01861111111111111,-0.08649383636066171,0.3880597014925373,0.7016706443914081,0.1995640760325892,0.18991601002621064
NY,migration_incentive,5.0,medium,307,0.017361111111111112,-0.08957377690983473,0.328,0.7128712871287128,0.19931255463756248,0.18046650595269328
NY,migration_incentive,5.0,medium,308,0.018472222222222223,-0.06521496420044595,0.3458646616541353,0.75,0.19826503041360075,0.17860919879987075
NY,migration_incentive,6.0,medium,301,0.02013888888888889,-0.08988341334654884,0.31724137931034485,0.8239339752407153,0.2008199251487024,0.18957156574656073
NY,migration_incentive,6.0,medium,302,0.02263888888888889,-0.12504204072399752,0.3496932515337423,0.7997329773030708,0.20023772420482952,0.19116272413582344
NY,migration_incentive,6.0,medium,303,0.020694444444444446,-0.09805311139213736,0.4161073825503356,0.8186813186813187,0.1995291121463869,0.19601136235466
NY,migration_incentive,6.0,medium,304,0.02361111111111111,-0.12003705152948206,0.37058823529411766,0.8143564356435643,0.19994765653929802,0.20289480607177615
NY,migration_incentive,6.0,medium,305,0.01875,-0.06408393994903022,0.26666666666666666,0.8267394270122783,0.2008267745937076,0.18771054200089154
NY,migration_incentive,6.0,medium,306,0.021111111111111112,-0.09526767548195282,0.4407894736842105,0.8074712643678161,0.19865953778946746,0.19907040378892005
NY,migration_incentive,6.0,medium,307,0.01986111111111111,-0.0712770712383876,0.2937062937062937,0.8253521126760563,0.19962192474993135,0.18196040783639436
NY,migration_incentive,6.0,medium,308,0.019583333333333335,-0.07352848868256051,0.41134751773049644,0.8226256983240223,0.20002864978963744,0.1835459884325159
NY,migration_incentive,0.0,strong,301,0.005416666666666667,0.02029048841611792,0.23076923076923078,0.02702702702702703,0.20113807381528462,0.17255986702920467
NY,migration_incentive,0.0,strong,302,0.00625,-0.004089019031577457,0.13333333333333333,0.0,0.19968368507366654,0.16738404703176626
NY,migration_incentive,0.0,strong,303,0.0059722222222222225,0.006908013952479779,0.18604651162790697,0.0,0.19820851814197613,0.17682513860009968
NY,migration_incentive,0.0,strong,304,0.0038888888888888888,-0.028991337855258415,0.03571428571428571,0.0,0.20083443052191322,0.18148866018213325
NY,migration_incentive,0.0,strong,305,0.005277777777777778,-0.0148548453089874,0.15789473684210525,0.029411764705882353,0.20119990897925774,0.18356602424652124
NY,migration_incentive,0.0,strong,306,0.006111111111111111,0.02402077500284009,0.06818181818181818,0.0,0.20189445353640414,0.17925971677773755
NY,migration_incentive,0.0,strong,307,0.007083333333333333,-0.025539789202120407,0.13725490196078433,0.0,0.20179624565351725,0.17019606308847918
NY,migration_incentive,0.0,strong,308,0.007222222222222222,-0.02108210928020268,0.19230769230769232,0.021739130434782608,0.2008660023569903,0.168036304655909
NY,migration_incentive,0.5,strong,301,0.006666666666666667,-0.03822189342731211,0.125,0.06382978723404255,0.1994657381210264,0.1818465896682025
NY,migration_incentive,0.5,strong,302,0.006111111111111111,-0.005172054776298229,0.022727272727272728,0.0,0.1980588962491822,0.16234628374886995
NY,migration_incentive,0.5,strong,303,0.007916666666666667,-0.023790305769098123,0.19298245614035087,0.0,0.20138441077549962,0.17755541863291693
NY,migration_incentive,0.5,strong,304,0.009722222222222222,-0.04877726327216173,0.22857142857142856,0.0,0.19978313933869737,0.17336366574019144
NY,migration_incentive,0.5,strong,305,0.008611111111111111,-0.020221059275776554,0.1935483870967742,0.03389830508474576,0.19961640097781583,0.17480318471131392
NY,migration_incentive,0.5,strong,306,0.004861111111111111,-0.029664781151999574,0.05714285714285714,0.0,0.19901419220524916,0.1768149547269643
NY,migration_incentive,0.5,strong,307,0.0077777777777777776,-0.05299379392353443,0.3392857142857143,0.04081632653061224,0.20111902393463468,0.16929631289605584
NY,migration_incentive,0.5,strong,308,0.008194444444444445,-0.055518319124612386,0.2711864406779661,0.08928571428571429,0.19988334120910575,0.1786660162761172
NY,migration_incentive,1.0,strong,301,0.007638888888888889,-0.0055645744866340534,0.10909090909090909,0.05555555555555555,0.19883714301036012,0.17010994647335048
NY,migration_incentive,1.0,strong,302,0.008333333333333333,-0.0817394180184471,0.21666666666666667,0.05,0.19939065002278808,0.1652128955091537
NY,migration_incentive,1.0,strong,303,0.008055555555555555,-0.020332274912686507,0.15517241379310345,0.03508771929824561,0.1974366415902432,0.17849925376693263
NY,migration_incentive,1.0,strong,304,0.00986111111111111,-0.07164406400596966,0.2535211267605634,0.029411764705882353,0.20029355577503916,0.18031841914890606
NY,migration_incentive,1.0,strong,305,0.010416666666666666,-0.011279237908690155,0.10666666666666667,0.04411764705882353,0.19951042653056242,0.17392310215770285
NY,migration_incentive,1.0,strong,306,0.01138888888888889,-0.03270412811799981,0.32926829268292684,0.05194805194805195,0.2009155357355863,0.18367679002906562
NY,migration_incentive,1.0,strong,307,0.00986111111111111,-0.026450313981609467,0.29577464788732394,0.03125,0.20023430947696452,0.17374816704582965
NY,migration_incentive,1.0,strong,308,0.010277777777777778,-0.012132422344270534,0.16216216216216217,0.1095890410958904,0.2014542260956128,0.17065502132084973
NY,migration_incentive,1.5,strong,301,0.010138888888888888,-0.04368785408239967,0.1917808219178082,0.14666666666666667,0.1988244282411001,0.16549078294234496
NY,migration_incentive,1.5,strong,302,0.013194444444444444,-0.07740532140961327,0.35789473684210527,0.0989010989010989,0.19931752631868302,0.16611924918480858
NY,migration_incentive,1.5,strong,303,0.01138888888888889,-0.05438062263307138,0.23170731707317074,0.10588235294117647,0.20208212296386693,0.17850712242642505
NY,migration_incentive,1.5,strong,304,0.014722222222222222,-0.07363730270500932,0.3018867924528302,0.057692307692307696,0.20014452996797846,0.18429239527330543
NY,migration_incentive,1.5,strong,305,0.01361111111111111,-0.05961786872851554,0.3673469387755102,0.10526315789473684,0.19935423159985352,0.1822386570228095
NY,migration_incentive,1.5,strong,306,0.013194444444444444,-0.07782676871111159,0.29473684210526313,0.12,0.20001409813442564,0.17508799823738788
NY,migration_incentive,1.5,strong,307,0.011944444444444445,-0.05595474088796099,0.3023255813953488,0.10975609756097561,0.20051406876253464,0.17010858876330873
NY,migration_incentive,1.5,strong,308,0.013333333333333334,-0.053593976727145554,0.3333333333333333,0.13541666666666666,0.19986149481206658,0.16927760396805328
NY,migration_incentive,2.0,strong,301,0.011805555555555555,-0.04434470853059823,0.23529411764705882,0.1702127659574468,0.19980616267377904,0.18232751937798677
NY,migration_incentive,2.0,strong,302,0.014722222222222222,-0.07066330948200268,0.2641509433962264,0.15178571428571427,0.2002563327153221,0.17476509189280376
NY,migration_incentive,2.0,strong,303,0.01375,-0.04524591402343157,0.18181818181818182,0.22413793103448276,0.2003850269130426,0.18331471160746707
NY,migration_incentive,2.0,strong,304,0.015416666666666667,-0.07485944648726825,0.26126126126126126,0.10526315789473684,0.19984083240811,0.18008405323007656
NY,migration_incentive,2.0,strong,305,0.012916666666666667,-0.06399428448550647,0.25806451612903225,0.23853211009174313,0.20068346323205044,0.1789623589852896
NY,migration_incentive,2.0,strong,306,0.014861111111111111,-0.09088383201686262,0.29906542056074764,0.1885245901639344,0.20062477597918113,0.18699583595624666
NY,migration_incentive,2.0,strong,307,0.0125,-0.048183531529417935,0.2111111111111111,0.2689075630252101,0.19890145606455722,0.16968598713433075
NY,migration_incentive,2.0,strong,308,0.015,-0.06528699613041458,0.3055555555555556,0.21138211382113822,0.19925320595689403,0.16758226418453634
NY,migration_incentive,2.5,strong,301,0.0125,-0.06212982702560336,0.2111111111111111,0.26956521739130435,0.19930088230017784,0.177624237291159
NY,migration_incentive,2.5,strong,302,0.01625,-0.11453525373798112,0.38461538461538464,0.2751677852348993,0.20065883785429062,0.1827340869216686
NY,migration_incentive,2.5,strong,303,0.014722222222222222,-0.07341381664179134,0.2169811320754717,0.3,0.19984589051749346,0.17954365462054048
NY,migration_incentive,2.5,strong,304,0.017222222222222222,-0.09093246835664255,0.3064516129032258,0.18705035971223022,0.1999784449479228,0.1811094526534748
NY,migration_incentive,2.5,strong,305,0.015555555555555555,-0.07602884681224421,0.3125,0.304635761589404,0.19934407258495537,0.18526699897779372
NY,migration_incentive,2.5,strong,306,0.01375,-0.035418429025531314,0.1919191919191919,0.2601626016260163,0.1998698158165105,0.1794012906283401
NY,migration_incentive,2.5,strong,307,0.015,-0.0573747937839006,0.2962962962962963,0.31343283582089554,0.2005451685819322,0.17887216035074377
NY,migration_incentive,2.5,strong,308,0.015694444444444445,-0.0863892656876802,0.21238938053097345,0.2517985611510791,0.1984609468039786,0.17694117776833493
NY,migration_incentive,3.0,strong,301,0.013472222222222222,-0.062128755155346035,0.23711340206185566,0.41830065359477125,0.19916773373877913,0.18126569189572544
NY,migration_incentive,3.0,strong,302,0.016666666666666666,-0.11681104352658403,0.35833333333333334,0.38461538461538464,0.20158276335081138,0.18582085277714372
NY,migration_incentive,3.0,strong,303,0.01513888888888889,-0.05147601910955219,0.25688073394495414,0.38461538461538464,0.20071954194306615,0.1808456092021736
NY,migration_incentive,3.0,strong,304,0.016944444444444446,-0.11968158261278182,0.2540983606557377,0.3862433862433862,0.19996952326415166,0.20057119020484304
NY,migration_incentive,3.0,strong,305,0.017361111111111112,-0.07909803982139303,0.424,0.3651685393258427,0.19968478403417733,0.18109929307595513
NY,migration_incentive,3.0,strong,306,0.017083333333333332,-0.06061813098219301,0.35772357723577236,0.34705882352941175,0.2000149791307817,0.18895396000306947
NY,migration_incentive,3.0,strong,307,0.015277777777777777,-0.04601780296762389,0.2545454545454545,0.3941176470588235,0.19990728377124015,0.17677028593396105
NY,migration_incentive,3.0,strong,308,0.01625,-0.07191979883965005,0.3333333333333333,0.34615384615384615,0.20062018029890097,0.17594764235469693
NY,migration_incentive,3.5,strong,301,0.014861111111111111,-0.08125514640691736,0.27102803738317754,0.4583333333333333,0.19961174205157395,0.17584303902141565
NY,migration_incentive,3.5,strong,302,0.019166666666666665,-0.13379606780120504,0.36231884057971014,0.4298642533936652,0.19908670910188223,0.18323619810441757
NY,migration_incentive,3.5,strong,303,0.016805555555555556,-0.09448926093760637,0.23140495867768596,0.4930232558139535,0.20066148621944557,0.1798205657385954
NY,migration_incentive,3.5,strong,304,0.01986111111111111,-0.1165483245044618,0.38461538461538464,0.4602510460251046,0.20057770499018326,0.1909732578288475
NY,migration_incentive,3.5,strong,305,0.01638888888888889,-0.07087544569561721,0.2796610169491525,0.5341880341880342,0.20015556590486663,0.182549390338001
NY,migration_incentive,3.5,strong,306,0.01861111111111111,-0.1052324481447264,0.44029850746268656,0.4251207729468599,0.19811805372720762,0.18554728202608123
NY,migration_incentive,3.5,strong,307,0.01611111111111111,-0.07723941752682875,0.2672413793103448,0.4742268041237113,0.20012414774190104,0.1796282864759049
NY,migration_incentive,3.5,strong,308,0.017222222222222222,-0.07516035053190644,0.3467741935483871,0.5152838427947598,0.20009835338290538,0.18117999359102854
NY,migration_incentive,4.0,strong,301,0.017083333333333332,-0.07506151446811218,0.2926829268292683,0.5758754863813229,0.19916538332992062,0.172255393308541
NY,migration_incentive,4.0,strong,302,0.01902777777777778,-0.09833532763459413,0.35766423357664234,0.551094890510949,0.19972580134556794,0.18384372089211998
NY,migration_incentive,4.0,strong,303,0.017916666666666668,-0.07350793642053076,0.31007751937984496,0.569811320754717,0.2006684052744596,0.18979146611354517
NY,migration_incentive,4.0,strong,304,0.020277777777777777,-0.15151181889413895,0.4178082191780822,0.5246478873239436,0.2003567599391478,0.1911476481186898
NY,migration_incentive,4.0,strong,305,0.017916666666666668,-0.061222258025229674,0.3023255813953488,0.5509433962264151,0.1988774755911331,0.18711498055135556
NY,migration_incentive,4.0,strong,306,0.0175,-0.11259803337912316,0.2857142857142857,0.5945017182130584,0.19865890839270053,0.19377667864282885
NY,migration_incentive,4.0,strong,307,0.017083333333333332,-0.09663736387114806,0.2764227642276423,0.5740740740740741,0.19950261109620712,0.18033494206205575
NY,migration_incentive,4.0,strong,308,0.016944444444444446,-0.0924081876649143,0.38524590163934425,0.604982206405694,0.20016942736343224,0.18629763836548904
NY,migration_incentive,5.0,strong,301,0.017916666666666668,-0.07760913950702074,0.3333333333333333,0.7596741344195519,0.19931468624080861,0.1793052173925492
NY,migration_incentive,5.0,strong,302,0.020694444444444446,-0.10408722773731094,0.3825503355704698,0.7270875763747454,0.2008440505342064,0.19103366009181938
NY,migration_incentive,5.0,strong,303,0.01888888888888889,-0.08783899601128516,0.3897058823529412,0.7555110220440882,0.2012124248692433,0.19026527433970405
NY,migration_incentive,5.0,strong,304,0.02236111111111111,-0.11080512446347322,0.42857142857142855,0.720616570327553,0.20041378876067892,0.19788918266212466
NY,migration_incentive,5.0,strong,305,0.018055555555555554,-0.07500187262263748,0.36923076923076925,0.7625754527162978,0.20000184017483044,0.1900172885293731
NY,migration_incentive,5.0,strong,306,0.019305555555555555,-0.1021543196285045,0.33093525179856115,0.7354166666666667,0.1999917564128788,0.19495246846988212
NY,migration_incentive,5.0,strong,307,0.02,-0.10726771853370859,0.4305555555555556,0.7489878542510121,0.1995295276641026,0.17990464799590494
NY,migration_incentive,5.0,strong,308,0.020416666666666666,-0.08447648350276893,0.4013605442176871,0.7542857142857143,0.19997188089039672,0.18110107315944
NY,migration_incentive,6.0,strong,301,0.01986111111111111,-0.0957690189304871,0.3706293706293706,0.8501170960187353,0.1997054645309144,0.17947694618042775
NY,migration_incentive,6.0,strong,302,0.021388888888888888,-0.14236070845244378,0.35714285714285715,0.8341176470588235,0.20043125392517677,0.19566533960495852
NY,migration_incentive,6.0,strong,303,0.02,-0.09034877815343217,0.2777777777777778,0.844047619047619,0.20044883322949894,0.19522930684238998
NY,migration_incentive,6.0,strong,304,0.02277777777777778,-0.09941498820642697,0.39634146341463417,0.8210900473933649,0.19971669380111587,0.20099275722016602
NY,migration_incentive,6.0,strong,305,0.020833333333333332,-0.08946377875642751,0.41333333333333333,0.844578313253012,0.19944976767310527,0.18317624767977445
NY,migration_incentive,6.0,strong,306,0.020972222222222222,-0.1277443177171031,0.4105960264900662,0.8233034571062741,0.1995075709757994,0.19680741418898445
NY,migration_incentive,6.0,strong,307,0.020277777777777777,-0.06555295546429853,0.3561643835616438,0.8399487836107554,0.1985805979249662,0.19060945130322204
NY,migration_incentive,6.0,strong,308,0.01972222222222222,-0.11488468094580699,0.44366197183098594,0.8307291666666666,0.20083346572487926,0.19224217239517846
NY,migration_incentive,0.0,weak,301,0.0030555555555555557,0.0037493982558092567,0.09090909090909091,0.0,0.20048258156917206,0.1628372620464315
NY,migration_incentive,0.0,weak,302,0.004722222222222222,-0.009262536383937415,0.14705882352941177,0.0,0.2012390201731223,0.16054924327014666
NY,migration_incentive,0.0,weak,303,0.005277777777777778,0.06366806584881916,0.13157894736842105,0.0,0.1994523367828882,0.1662823886908301
NY,migration_incentive,0.0,weak,304,0.0031944444444444446,0.013909768398895067,0.08695652173913043,0.0,0.20018671373146216,0.17111290560971046
NY,migration_incentive,0.0,weak,305,0.0043055555555555555,0.00596533035566335,0.03225806451612903,0.0,0.20093546436696422,0.16136062936159098
NY,migration_incentive,0.0,weak,306,0.00625,0.03167610588516803,0.17777777777777778,0.045454545454545456,0.19980844435947773,0.15827858891729116
NY,migration_incentive,0.0,weak,307,0.005277777777777778,0.0018280980461214738,0.02631578947368421,0.0,0.20043094889268276,0.15791759016932624
NY,migration_incentive,0.0,weak,308,0.004583333333333333,-0.019654244386789185,0.030303030303030304,0.03333333333333333,0.19856502014804023,0.15925649390515798
NY,migration_incentive,0.5,weak,301,0.005833333333333334,-0.014579886776402793,0.07142857142857142,0.0,0.20096309134366055,0.1552723164740055
NY,migration_incentive,0.5,weak,302,0.006527777777777778,-0.04119945043976544,0.19148936170212766,0.0,0.20165480402727773,0.15505972247564542
NY,migration_incentive,0.5,weak,303,0.006666666666666667,-0.013848012207008471,0.1875,0.043478260869565216,0.19947371943203693,0.15702823928679066
NY,migration_incentive,0.5,weak,304,0.0059722222222222225,-0.011164005266586651,0.16279069767441862,0.0,0.19926036025595684,0.16298305702073873
NY,migration_incentive,0.5,weak,305,0.008055555555555555,-0.02564224647653874,0.1724137931034483,0.0,0.2004616563939193,0.16886975460948733
NY,migration_incentive,0.5,weak,306,0.005138888888888889,-0.0021691945018627785,0.13513513513513514,0.0,0.1991806570777164,0.15945516495645004
NY,migration_incentive,0.5,weak,307,0.006805555555555555,-0.03327408395825362,0.24489795918367346,0.0,0.2007184087960964,0.1527038650847702
NY,migration_incentive,0.5,weak,308,0.006805555555555555,-0.046139884850526565,0.10204081632653061,0.0,0.19954991633948846,0.16175316855971594
NY,migration_incentive,1.0,weak,301,0.006944444444444444,-0.001386698583961894,0.2,0.08,0.19979268567034306,0.16094798523446466
NY,migration_incentive,1.0,weak,302,0.00875,-0.056581240713165275,0.2698412698412698,0.0,0.20062187328616962,0.14814915959106942
NY,migration_incentive,1.0,weak,303,0.0075,0.004133603725183294,0.14814814814814814,0.06,0.2001388850547583,0.15839640436768207
NY,migration_incentive,1.0,weak,304,0.008888888888888889,-0.04015883034111006,0.0625,0.0,0.2011130224629389,0.16901772515220845
NY,migration_incentive,1.0,weak,305,0.010277777777777778,-0.03835478964383865,0.25675675675675674,0.015625,0.19963572436635102,0.1662023982848381
NY,migration_incentive,1.0,weak,306,0.0075,-0.027622039784187962,0.2222222222222222,0.03773584905660377,0.20035645657242607,0.16355766240331365
NY,migration_incentive,1.0,weak,307,0.007916666666666667,0.01991457446504523,0.14035087719298245,0.10714285714285714,0.19952765325312785,0.15883318447260372
NY,migration_incentive,1.0,weak,308,0.010138888888888888,-0.021075710014078455,0.2602739726027397,0.08955223880597014,0.20045844533563387,0.16185804937624684
NY,migration_incentive,1.5,weak,301,0.00986111111111111,-0.026357013971919446,0.23943661971830985,0.1625,0.20012967316574107,0.15731541604788782
NY,migration_incentive,1.5,weak,302,0.010555555555555556,-0.05550772169353533,0.18421052631578946,0.0547945205479452,0.20037238958723105,0.155653898450659
NY,migration_incentive,1.5,weak,303,0.009305555555555555,-0.010470558953697964,0.1791044776119403,0.09230769230769231,0.19874529434003962,0.1588541873953596
NY,migration_incentive,1.5,weak,304,0.008194444444444445,-0.06717507031037272,0.23728813559322035,0.05172413793103448,0.19958685613184,0.161971206177798
NY,migration_incentive,1.5,weak,305,0.010694444444444444,-0.04786001433296387,0.23376623376623376,0.15,0.19928900071547626,0.1594716020333686
NY,migration_incentive,1.5,weak,306,0.007638888888888889,-0.039838669769579574,0.12727272727272726,0.07272727272727272,0.19979996157346216,0.1651419369798367
NY,migration_incentive,1.5,weak,307,0.009305555555555555,0.004684014729956667,0.13432835820895522,0.04838709677419355,0.19918940505895297,0.16185729410958236
NY,migration_incentive,1.5,weak,308,0.011944444444444445,-0.04820664729166769,0.1744186046511628,0.1111111111111111,0.20022393260172813,0.1621600365277358
NY,migration_incentive,2.0,weak,301,0.010555555555555556,-0.007228075713569727,0.3157894736842105,0.19540229885057472,0.20017228458472514,0.15334463201233375
NY,migration_incentive,2.0,weak,302,0.01361111111111111,-0.06393660422488873,0.2653061224489796,0.13131313131313133,0.2003295315220902,0.15527748742565142
NY,migration_incentive,2.0,weak,303,0.011944444444444445,-0.030495878257110035,0.26744186046511625,0.15384615384615385,0.20054075507437155,0.16861479760131337
NY,migration_incentive,2.0,weak,304,0.011944444444444445,-0.04364560922021846,0.2441860465116279,0.024390243902439025,0.19916034420882275,0.16396673892582705
NY,migration_incentive,2.0,weak,305,0.012222222222222223,-0.02790992071814163,0.25,0.20588235294117646,0.19985610859947797,0.16116064926611584
NY,migration_incentive,2.0,weak,306,0.012638888888888889,-0.038937535608075585,0.23076923076923078,0.08791208791208792,0.20032602226812524,0.16655173173339297
NY,migration_incentive,2.0,weak,307,0.011111111111111112,-0.03214096670461193,0.2,0.1511627906976744,0.199415684307213,0.16408812171579298
NY,migration_incentive,2.0,weak,308,0.013472222222222222,-0.041041616050108795,0.23711340206185566,0.11224489795918367,0.19964520652425755,0.15597935035883964
NY,migration_incentive,2.5,weak,301,0.013888888888888888,-0.024008332969969494,0.31,0.2037037037037037,0.20038162441780294,0.16114078434877782
NY,migration_incentive,2.5,weak,302,0.01513888888888889,-0.0633562817475581,0.26605504587155965,0.22580645161290322,0.2009649956663341,0.1684591133081381
NY,migration_incentive,2.5,weak,303,0.014583333333333334,-0.03178566072702651,0.29523809523809524,0.17272727272727273,0.199882703330316,0.16740593429168163
NY,migration_incentive,2.5,weak,304,0.014444444444444444,-0.06850664909911673,0.38461538461538464,0.2578125,0.20024880642118237,0.16542976104616378
NY,migration_incentive,2.5,weak,305,0.012777777777777779,-0.02102126091326647,0.25,0.27102803738317754,0.20010326501110545,0.1647110821644292
NY,migration_incentive,2.5,weak,306,0.012638888888888889,-0.03760327577085811,0.2857142857142857,0.24528301886792453,0.20000841912817988,0.16297521549360872
NY,migration_incentive,2.5,weak,307,0.013472222222222222,-0.03517375918848695,0.27835051546391754,0.17142857142857143,0.20086238543181908,0.16214205795211117
NY,migration_incentive,2.5,weak,308,0.014583333333333334,-0.057618251197422615,0.2857142857142857,0.24369747899159663,0.19988507476227446,0.17495872300404594
NY,migration_incentive,3.0,weak,301,0.014305555555555556,-0.05665641228498108,0.30097087378640774,0.27419354838709675,0.19940285111825193,0.1609875593633728
NY,migration_incentive,3.0,weak,302,0.01597222222222222,-0.06416597608194463,0.17391304347826086,0.3416149068322981,0.20081008302137118,0.1685682370881523
NY,migration_incentive,3.0,weak,303,0.014583333333333334,-0.0540854818897528,0.2571428571428571,0.2846153846153846,0.20100409812405262,0.17264324836803985
NY,migration_incentive,3.0,weak,304,0.01638888888888889,-0.06543982491130883,0.2711864406779661,0.2689655172413793,0.19988183556631312,0.16999610014024
NY,migration_incentive,3.0,weak,305,0.015277777777777777,-0.04954833659027599,0.32727272727272727,0.3219178082191781,0.2009570493104432,0.17910511150778835
NY,migration_incentive,3.0,weak,306,0.014861111111111111,-0.04086630756770373,0.24299065420560748,0.25757575757575757,0.20007915682789246,0.1715911732549191
NY,migration_incentive,3.0,weak,307,0.01361111111111111,-0.059729067055779704,0.22448979591836735,0.29545454545454547,0.19857227785096979,0.16767044977584436
NY,migration_incentive,3.0,weak,308,0.016805555555555556,-0.03210713278192932,0.2727272727272727,0.31125827814569534,0.2006331498192108,0.16266933817659301
NY,migration_incentive,3.5,weak,301,0.014861111111111111,-0.043578941751822795,0.35514018691588783,0.42771084337349397,0.1998349269416657,0.15613269229811194
NY,migration_incentive,3.5,weak,302,0.016805555555555556,-0.10424303557995507,0.2975206611570248,0.3563218390804598,0.20025560686666266,0.16744398256423476
NY,migration_incentive,3.5,weak,303,0.015277777777777777,-0.04997451039532839,0.23636363636363636,0.4519774011299435,0.2004484416580189,0.1749164827162433
NY,migration_incentive,3.5,weak,304,0.0175,-0.0845349492071286,0.3253968253968254,0.4010416666666667,0.1994844565505024,0.1758814207486916
NY,migration_incentive,3.5,weak,305,0.01638888888888889,-0.0399108981724151,0.2542372881355932,0.4426229508196721,0.2001848407757896,0.17222172838090413
NY,migration_incentive,3.5,weak,306,0.01597222222222222,-0.06602713518011132,0.28695652173913044,0.35403726708074534,0.19931490671583338,0.16818704636514348
NY,migration_incentive,3.5,weak,307,0.015,-0.07164246096057292,0.25,0.42011834319526625,0.19921830131113635,0.1665266220101167
NY,migration_incentive,3.5,weak,308,0.015833333333333335,-0.05614830007141422,0.3508771929824561,0.3795180722891566,0.1999418771280322,0.17272994840126532
NY,migration_incentive,4.0,weak,301,0.014166666666666666,-0.05175629590502355,0.35294117647058826,0.5518867924528302,0.1988386403648212,0.16415171289147482
NY,migration_incentive,4.0,weak,302,0.018055555555555554,-0.08694974380942586,0.27692307692307694,0.4805194805194805,0.19983372819476483,0.1789116083371987
NY,migration_incentive,4.0,weak,303,0.01597222222222222,-0.0681370588668383,0.3217391304347826,0.5339366515837104,0.20092695091585502,0.17694597408897106
NY,migration_incentive,4.0,weak,304,0.017638888888888888,-0.07791721028378938,0.36220472440944884,0.46511627906976744,0.1991201259353215,0.1817683446973816
NY,migration_incentive,4.0,weak,305,0.017638888888888888,-0.04498913543767801,0.3464566929133858,0.5304347826086957,0.19992652001330025,0.17326318523074344
NY,migration_incentive,4.0,weak,306,0.01875,-0.087209198677526,0.34074074074074073,0.4830508474576271,0.1997320543051122,0.17961274264589633
NY,migration_incentive,4.0,weak,307,0.01597222222222222,-0.05667371526555815,0.33043478260869563,0.475,0.19937011521952464,0.17442698708706303
NY,migration_incentive,4.0,weak,308,0.017916666666666668,-0.04053834088647527,0.34108527131782945,0.48372093023255813,0.20067881118270245,0.1663373272163612
NY,migration_incentive,5.0,weak,301,0.017083333333333332,-0.07354366802482815,0.3170731707317073,0.7086614173228346,0.20042429364961908,0.17034945751363523
NY,migration_incentive,5.0,weak,302,0.02,-0.11656049598530431,0.3333333333333333,0.6692111959287532,0.20006878871069086,0.1814422887045232
NY,migration_incentive,5.0,weak,303,0.0175,-0.07547867890273809,0.25396825396825395,0.6647887323943662,0.20018734673324715,0.1818109493876405
NY,migration_incentive,5.0,weak,304,0.020833333333333332,-0.09581194622013613,0.35333333333333333,0.6674757281553398,0.19900594130761196,0.18017437262441896
NY,migration_incentive,5.0,weak,305,0.019166666666666665,-0.06320759432007153,0.4492753623188406,0.6893732970027248,0.20026762562747066,0.1771272837078856
NY,migration_incentive,5.0,weak,306,0.019305555555555555,-0.10850907710082316,0.3381294964028777,0.6630434782608695,0.2000820092731007,0.19262060848360577
NY,migration_incentive,5.0,weak,307,0.0175,-0.09269796801335992,0.29365079365079366,0.6796657381615598,0.20022415749297076,0.17245620434218448
NY,migration_incentive,5.0,weak,308,0.017638888888888888,-0.0797622866879668,0.4330708661417323,0.6923076923076923,0.19997436831975204,0.1794016174114321
NY,migration_incentive,6.0,weak,301,0.01888888888888889,-0.06874936480327322,0.4485294117647059,0.8149920255183413,0.19888738680909193,0.1754887205845379
NY,migration_incentive,6.0,weak,302,0.022222222222222223,-0.1214976286478936,0.3375,0.7789473684210526,0.19920945620006594,0.1934074432914818
NY,migration_incentive,6.0,weak,303,0.018472222222222223,-0.058634248761949656,0.3458646616541353,0.8059467918622848,0.1994359383801537,0.1847876564010625
NY,migration_incentive,6.0,weak,304,0.024305555555555556,-0.09724447797744405,0.37142857142857144,0.7734487734487735,0.20022942275009817,0.1996826238467871
NY,migration_incentive,6.0,weak,305,0.01972222222222222,-0.0717699883642672,0.3380281690140845,0.8116591928251121,0.20128361111422569,0.1758010136246368
NY,migration_incentive,6.0,weak,306,0.020833333333333332,-0.09115615798313466,0.42,0.7953846153846154,0.20024910109515226,0.18837057098307528
NY,migration_incentive,6.0,weak,307,0.020277777777777777,-0.08855047241503916,0.4452054794520548,0.8086696562032885,0.19878319863248758,0.18520007857783657
NY,migration_incentive,6.0,weak,308,0.02013888888888889,-0.08268885811845296,0.4482758620689655,0.7894736842105263,0.19946965713750084,0.17786479164459762
