target_state,lever,intensity,interaction,seed,target_inflow_rate,target_social_cost,chain_share,housing_rejection,job_rejection,coorigin_clustering
CA,combined,0.0,medium,301,0.006944444444444444,-0.21285128146609975,0.16,0.020833333333333332,0.1999973661374952,0.16327113297060447
CA,combined,0.0,medium,302,0.007638888888888889,-0.15912265126841896,0.16363636363636364,0.0,0.20146682800776783,0.16143620266731995
CA,combined,0.0,medium,303,0.005555555555555556,-0.20375437104781305,0.1,0.0,0.20106852995630742,0.1577774984391701
CA,combined,0.0,medium,304,0.0059722222222222225,-0.1979057186107414,0.18604651162790697,0.0,0.2003245530528197,0.17350765623480555
CA,combined,0.0,medium,305,0.005416666666666667,-0.1770334682783821,0.15384615384615385,0.0,0.2016550065276885,0.1675580714575018
CA,combined,0.0,medium,306,0.005555555555555556,-0.1965281344406251,0.075,0.0,0.201500309510679,0.16891806969256065
CA,combined,0.0,medium,307,0.0077777777777777776,-0.20654354321354643,0.25,0.0,0.2018594037028154,0.17346805658225728
CA,combined,0.0,medium,308,0.005555555555555556,-0.16413181617636283,0.125,0.0,0.20163373320908004,0.17058635124145163
CA,combined,0.5,medium,301,0.013194444444444444,-0.25762446107822523,0.25263157894736843,0.03488372093023256,0.158204549161006,0.20154242165608277
CA,combined,0.5,medium,302,0.012916666666666667,-0.20345442282044937,0.24731182795698925,0.022727272727272728,0.15791611176687978,0.19766642711619717
CA,combined,0.5,medium,303,0.01125,-0.2451792750185477,0.2222222222222222,0.0,0.15979697231354087,0.19947171407304293
CA,combined,0.5,medium,304,0.014166666666666666,-0.21164854734804425,0.19607843137254902,0.020833333333333332,0.158044410640607,0.21368898434241557
CA,combined,0.5,medium,305,0.014861111111111111,-0.21722446319631677,0.34579439252336447,0.01020408163265306,0.15737097533784125,0.21494397962213446
CA,combined,0.5,medium,306,0.012777777777777779,-0.24485509802131372,0.2608695652173913,0.022988505747126436,0.16014829829126012,0.20683650526668798
CA,combined,0.5,medium,307,0.014861111111111111,-0.22385185785063785,0.2897196261682243,0.010526315789473684,0.1563446479021773,0.19970264486140868
CA,combined,0.5,medium,308,0.012777777777777779,-0.22089468363034914,0.2391304347826087,0.0,0.15730467595037537,0.2068903888685127
CA,combined,1.0,medium,301,0.028888888888888888,-0.3401179771936428,0.4519230769230769,0.04145077720207254,0.11883004652354338,0.31260139439827533
CA,combined,1.0,medium,302,0.029166666666666667,-0.31040773692374074,0.5142857142857142,0.039603960396039604,0.12585633888401185,0.3177666704405391
CA,combined,1.0,medium,303,0.03152777777777778,-0.3418010294555941,0.5506607929515418,0.037209302325581395,0.1263724874509997,0.3454036059309839
CA,combined,1.0,medium,304,0.03180555555555555,-0.32216483111286215,0.5065502183406113,0.018604651162790697,0.12679706711732244,0.3312928565709989
CA,combined,1.0,medium,305,0.03180555555555555,-0.3290944090805192,0.5458515283842795,0.06637168141592921,0.12484061560356818,0.3565677302278717
CA,combined,1.0,medium,306,0.02722222222222222,-0.3082555332842275,0.4744897959183674,0.03723404255319149,0.1382185987744024,0.3068288478607664
CA,combined,1.0,medium,307,0.03,-0.28328717982845214,0.4444444444444444,0.07547169811320754,0.1266200158753202,0.30467720173391843
CA,combined,1.0,medium,308,0.03236111111111111,-0.31623539137387985,0.5536480686695279,0.05,0.11425686046040735,0.3150150659755157
CA,combined,1.5,medium,301,0.05652777777777778,-0.4362716327650814,0.6977886977886978,0.10638297872340426,0.11755894898421758,0.6078805717248166
CA,combined,1.5,medium,302,0.05430555555555556,-0.4125212560731489,0.6163682864450127,0.15789473684210525,0.10945646713948913,0.5786224426778214
CA,combined,1.5,medium,303,0.05597222222222222,-0.4500626241360844,0.7146401985111662,0.08415841584158416,0.12426554203919571,0.6166148483130099
CA,combined,1.5,medium,304,0.05583333333333333,-0.41241035179204866,0.654228855721393,0.13752913752913754,0.1198915212349927,0.5785631892220467
CA,combined,1.5,medium,305,0.05416666666666667,-0.42936303200028914,0.6717948717948717,0.16704805491990846,0.10959148037267864,0.5671289655314664
CA,combined,1.5,medium,306,0.05458333333333333,-0.44328390789898126,0.6717557251908397,0.09181141439205956,0.12514408897160362,0.6311070535710025
CA,combined,1.5,medium,307,0.05444444444444444,-0.4236540776562082,0.7040816326530612,0.08838383838383838,0.11329529507648667,0.5529215434507203
CA,combined,1.5,medium,308,0.05416666666666667,-0.41689385134386664,0.6538461538461539,0.10101010101010101,0.11058126401022088,0.5657161572724347
CA,combined,2.0,medium,301,0.07444444444444444,-0.5198012372442863,0.7779850746268657,0.16887417218543047,0.11476725386570537,0.8477056431936967
CA,combined,2.0,medium,302,0.07388888888888889,-0.5043838322231642,0.7706766917293233,0.20574162679425836,0.10559488858155887,0.8329236658731454
CA,combined,2.0,medium,303,0.07222222222222222,-0.5207910306962202,0.7480769230769231,0.19333333333333333,0.11873223878841893,0.8544179900358729
CA,combined,2.0,medium,304,0.07541666666666667,-0.51137919030338,0.7716390423572744,0.18314424635332252,0.11303872112944863,0.8535022801478797
CA,combined,2.0,medium,305,0.07263888888888889,-0.5165731819568626,0.7839388145315488,0.18274111675126903,0.11295389407855623,0.8075401183885581
CA,combined,2.0,medium,306,0.07347222222222222,-0.5223750860633793,0.775047258979206,0.1708542713567839,0.11796614763528923,0.8543897319668677
CA,combined,2.0,medium,307,0.07402777777777778,-0.4948215688977058,0.7523452157598499,0.20063694267515925,0.10928647141941544,0.8212294280715976
CA,combined,2.0,medium,308,0.07388888888888889,-0.506114689789496,0.7857142857142857,0.21939586645468998,0.10982824920558647,0.7754331063361237
CA,combined,2.5,medium,301,0.08388888888888889,-0.5531631795138844,0.7781456953642384,0.27331606217616583,0.11654177640255121,0.9314448847559545
CA,combined,2.5,medium,302,0.08291666666666667,-0.5453592322546492,0.8090452261306532,0.31025957972805934,0.11015399258310703,0.940905321190166
CA,combined,2.5,medium,303,0.08194444444444444,-0.5682294050637013,0.8067796610169492,0.27916120576671033,0.11534517537810716,0.9570433914091189
CA,combined,2.5,medium,304,0.08277777777777778,-0.5525333437040507,0.8120805369127517,0.3032581453634085,0.11650102514016898,0.9285559101424339
CA,combined,2.5,medium,305,0.08222222222222222,-0.5543955638550949,0.7989864864864865,0.2777053455019557,0.11247516890957017,0.9473636317576127
CA,combined,2.5,medium,306,0.08069444444444444,-0.5529209091837135,0.8055077452667814,0.2612859097127223,0.11892035092469262,0.934454234829498
CA,combined,2.5,medium,307,0.08319444444444445,-0.5420782752739156,0.8247078464106845,0.3074027603513174,0.10671973268768843,0.9157571882394564
CA,combined,2.5,medium,308,0.08388888888888889,-0.5470895403536763,0.8195364238410596,0.2794871794871795,0.11034294007278361,0.9221083138305344
CA,combined,3.0,medium,301,0.08666666666666667,-0.5652051780149006,0.7964743589743589,0.37459978655282816,0.11694719830284593,0.9442238291363488
CA,combined,3.0,medium,302,0.08902777777777778,-0.5576316912322508,0.8299531981279251,0.43155893536121676,0.10923098384352037,0.9767156862745098
CA,combined,3.0,medium,303,0.08680555555555555,-0.5752737955350278,0.792,0.4048582995951417,0.11753491615912853,0.9701262356063765
CA,combined,3.0,medium,304,0.08819444444444445,-0.5659036489615791,0.8456692913385827,0.3997965412004069,0.1150916750123769,0.9767586206896552
CA,combined,3.0,medium,305,0.08722222222222223,-0.5730849129365385,0.8455414012738853,0.3918067226890756,0.11497480243260973,0.9701951664386683
CA,combined,3.0,medium,306,0.08555555555555555,-0.5793827525217212,0.801948051948052,0.35851183765501693,0.1133799570821755,0.9734995238095236
CA,combined,3.0,medium,307,0.08833333333333333,-0.56711222487532,0.8223270440251572,0.38686131386861317,0.1060587133961312,0.9607920823138215
CA,combined,3.0,medium,308,0.08847222222222222,-0.5563771572137141,0.8304552590266876,0.3932238193018481,0.1158442249904995,0.9604825155507543
CA,combined,3.5,medium,301,0.08930555555555555,-0.5917931139993503,0.7962674961119751,0.44423963133640554,0.11609013035741388,0.9866666666666667
CA,combined,3.5,medium,302,0.09,-0.5797893576017703,0.8209876543209876,0.4825828377230246,0.11052872267518087,0.9867647058823529
CA,combined,3.5,medium,303,0.08763888888888889,-0.5966402444416224,0.8225039619651348,0.4558011049723757,0.11730000069334427,0.99
CA,combined,3.5,medium,304,0.09152777777777778,-0.5765770749100082,0.8254931714719271,0.4683982683982684,0.11479045903406065,0.9933333333333333
CA,combined,3.5,medium,305,0.08944444444444444,-0.5810820577810454,0.8214285714285714,0.46195652173913043,0.11300398061014483,0.9800482111579348
CA,combined,3.5,medium,306,0.08736111111111111,-0.582722060889969,0.8108108108108109,0.4409221902017291,0.11164250288874282,0.9769739393939394
CA,combined,3.5,medium,307,0.09055555555555556,-0.5800115571840713,0.8420245398773006,0.45691202872531417,0.1091025131203557,0.9933333333333333
CA,combined,3.5,medium,308,0.0901388888888889,-0.5812156595802699,0.8228043143297381,0.4689413823272091,0.11837849168993374,0.9801116494041654
CA,combined,4.0,medium,301,0.09125,-0.5867483330111384,0.791476407914764,0.4763542562338779,0.1153076150234789,0.9866890380313199
CA,combined,4.0,medium,302,0.09125,-0.5726387482978247,0.8249619482496194,0.5255813953488372,0.11041140320211162,0.9933333333333333
CA,combined,4.0,medium,303,0.08958333333333333,-0.5953403536062329,0.8263565891472868,0.5037037037037037,0.11372129607368897,0.99
CA,combined,4.0,medium,304,0.09222222222222222,-0.5834920423799829,0.8343373493975904,0.5098970704671417,0.11580334314314746,1.0
CA,combined,4.0,medium,305,0.09097222222222222,-0.5830733628175494,0.8290076335877863,0.5008156606851549,0.11156515025384389,0.9966666666666667
CA,combined,4.0,medium,306,0.08819444444444445,-0.5861102619692851,0.8015748031496063,0.4874675885911841,0.11485915683832625,1.0
CA,combined,4.0,medium,307,0.0925,-0.5744437358912966,0.8123123123123123,0.522815158546017,0.11024942974695946,0.9833816425120773
CA,combined,4.0,medium,308,0.09375,-0.5856156270905468,0.837037037037037,0.5031796502384738,0.11498719275059947,1.0
CA,combined,5.0,medium,301,0.09305555555555556,-0.5943270043992203,0.8059701492537313,0.499597747385358,0.11037502767207218,1.0
CA,combined,5.0,medium,302,0.09388888888888888,-0.5932501257800085,0.8313609467455622,0.5492857142857143,0.11060900188495291,1.0
CA,combined,5.0,medium,303,0.09166666666666666,-0.5961096979333955,0.8212121212121212,0.524031007751938,0.11431426632453878,1.0
CA,combined,5.0,medium,304,0.09375,-0.5854929514579841,0.7925925925925926,0.537618699780862,0.11596591545619372,1.0
CA,combined,5.0,medium,305,0.09208333333333334,-0.5987280265342693,0.8340874811463047,0.5171875,0.11595559529140802,1.0
CA,combined,5.0,medium,306,0.09041666666666667,-0.5913331993099832,0.8202764976958525,0.5085714285714286,0.11346119271333172,0.9966666666666667
CA,combined,5.0,medium,307,0.09416666666666666,-0.5885169373337523,0.8200589970501475,0.530688622754491,0.11079336882522454,1.0
CA,combined,5.0,medium,308,0.09402777777777778,-0.5896956860037682,0.8124076809453471,0.5250759878419453,0.11591866470848877,1.0
CA,combined,6.0,medium,301,0.09375,-0.6004279057513211,0.7777777777777778,0.4873469387755102,0.11328571458085375,1.0
CA,combined,6.0,medium,302,0.09458333333333334,-0.5967521316737433,0.8223201174743024,0.5288461538461539,0.10929342294973408,1.0
CA,combined,6.0,medium,303,0.09333333333333334,-0.6022519197339035,0.8169642857142857,0.5143522110162917,0.11246760751185035,1.0
CA,combined,6.0,medium,304,0.09541666666666666,-0.5920786129622664,0.8151382823871907,0.5091743119266054,0.11679740858538327,1.0
CA,combined,6.0,medium,305,0.09333333333333334,-0.5968944684572284,0.8065476190476191,0.5011933174224343,0.11386747189936307,1.0
CA,combined,6.0,medium,306,0.0901388888888889,-0.5988374352903303,0.8089368258859785,0.4970906068162926,0.11453446069888205,0.9966666666666667
CA,combined,6.0,medium,307,0.09583333333333334,-0.5933764550952922,0.8333333333333334,0.5148288973384031,0.11103985166697299,1.0
CA,combined,6.0,medium,308,0.09430555555555556,-0.5966432899074966,0.8188512518409425,0.50859375,0.11329313479152736,1.0
CA,combined,0.0,strong,301,0.008194444444444445,-0.21336438630247387,0.3050847457627119,0.03508771929824561,0.20107469186689952,0.17255986702920467
CA,combined,0.0,strong,302,0.0075,-0.1503652485169941,0.16666666666666666,0.0,0.2022613919196161,0.16738404703176626
CA,combined,0.0,strong,303,0.006944444444444444,-0.15078085392374677,0.08,0.0,0.19989311454262126,0.17682513860009968
CA,combined,0.0,strong,304,0.006666666666666667,-0.16126977838625894,0.125,0.0,0.2015797711523989,0.18148866018213325
CA,combined,0.0,strong,305,0.006944444444444444,-0.2482147956616018,0.18,0.0,0.20040418380399758,0.18356602424652124
CA,combined,0.0,strong,306,0.006666666666666667,-0.22510821134666106,0.08333333333333333,0.0,0.20089285777520596,0.17925971677773755
CA,combined,0.0,strong,307,0.006666666666666667,-0.1405010623594919,0.125,0.021739130434782608,0.20075362374098593,0.17019606308847918
CA,combined,0.0,strong,308,0.008055555555555555,-0.17249618880393278,0.13793103448275862,0.0,0.20095520250728807,0.168036304655909
CA,combined,0.5,strong,301,0.016805555555555556,-0.253305028705229,0.3140495867768595,0.04424778761061947,0.15817319945045957,0.22485238617999012
CA,combined,0.5,strong,302,0.017916666666666668,-0.23995561689765685,0.3875968992248062,0.041666666666666664,0.15679633659504313,0.22007446413657816
CA,combined,0.5,strong,303,0.015416666666666667,-0.2487238465675001,0.3153153153153153,0.018867924528301886,0.16004614508328638,0.21666702602982293
CA,combined,0.5,strong,304,0.0175,-0.23199778258453382,0.31746031746031744,0.008849557522123894,0.15767200680002377,0.22203080614075654
CA,combined,0.5,strong,305,0.018333333333333333,-0.2856338081639684,0.42424242424242425,0.05737704918032787,0.15712993560858576,0.23043898283258485
CA,combined,0.5,strong,306,0.017083333333333332,-0.27073975344834195,0.37398373983739835,0.008695652173913044,0.15870002849686493,0.23697779101996985
CA,combined,0.5,strong,307,0.017361111111111112,-0.2478480932163602,0.368,0.0,0.15637882999714486,0.217814323784431
CA,combined,0.5,strong,308,0.017638888888888888,-0.23204789727753758,0.23622047244094488,0.008403361344537815,0.15713748619933746,0.2228899791439605
CA,combined,1.0,strong,301,0.043333333333333335,-0.4071410594433396,0.6185897435897436,0.10625,0.120833484069993,0.4573664898539631
CA,combined,1.0,strong,302,0.035277777777777776,-0.30494563038112094,0.515748031496063,0.09578544061302682,0.12533057825781244,0.33671234289546875
CA,combined,1.0,strong,303,0.03888888888888889,-0.367962666895837,0.5607142857142857,0.08960573476702509,0.1302111748701123,0.4144827712395902
CA,combined,1.0,strong,304,0.03791666666666667,-0.3525848786966567,0.5311355311355311,0.09540636042402827,0.12482529316814583,0.39357132208069867
CA,combined,1.0,strong,305,0.03791666666666667,-0.36667547957368746,0.5018315018315018,0.11578947368421053,0.12356391465228905,0.4014817346479968
CA,combined,1.0,strong,306,0.03833333333333333,-0.37422488562803696,0.5615942028985508,0.07553956834532374,0.1322374025240358,0.41681675854800687
CA,combined,1.0,strong,307,0.03819444444444445,-0.35243173404439165,0.5454545454545454,0.1111111111111111,0.12114810599926144,0.37519542982011034
CA,combined,1.0,strong,308,0.03736111111111111,-0.3373856842941863,0.5241635687732342,0.06792452830188679,0.11445414118527557,0.3724300510961124
CA,combined,1.5,strong,301,0.06763888888888889,-0.49682251371673297,0.7433264887063655,0.19285714285714287,0.11574533297300472,0.7808772569887774
CA,combined,1.5,strong,302,0.06333333333333334,-0.4416633843600428,0.7149122807017544,0.2060491493383743,0.11038618440213542,0.6942280255458372
CA,combined,1.5,strong,303,0.06541666666666666,-0.49842499763220816,0.7452229299363057,0.18371212121212122,0.12481449188572852,0.755627963282168
CA,combined,1.5,strong,304,0.06291666666666666,-0.45693618286847704,0.7262693156732892,0.21172022684310018,0.11750797247920841,0.6645095879064639
CA,combined,1.5,strong,305,0.06347222222222222,-0.4750492975428917,0.7330415754923414,0.1594488188976378,0.11337748432174312,0.7385375883086885
CA,combined,1.5,strong,306,0.06708333333333333,-0.479222617975615,0.7308488612836439,0.1634980988593156,0.12325963266152061,0.7457631324518047
CA,combined,1.5,strong,307,0.0625,-0.4622507073154048,0.7644444444444445,0.1968810916179337,0.11082900851921453,0.6501433460976833
CA,combined,1.5,strong,308,0.0661111111111111,-0.46458008080959773,0.7563025210084033,0.20037105751391465,0.10880588829838396,0.6958587232608943
CA,combined,2.0,strong,301,0.08013888888888888,-0.5519986159596333,0.7954939341421143,0.2588075880758808,0.11469945292597268,0.944157164444138
CA,combined,2.0,strong,302,0.08,-0.5285517114628856,0.7829861111111112,0.2905759162303665,0.10590780256040795,0.9188908001427183
CA,combined,2.0,strong,303,0.07805555555555556,-0.5474436003812043,0.7793594306049823,0.25604551920341395,0.1175456154327675,0.9186874000596991
CA,combined,2.0,strong,304,0.08055555555555556,-0.5210042815084013,0.8,0.2773333333333333,0.11790084926687956,0.9126322068703768
CA,combined,2.0,strong,305,0.07791666666666666,-0.5359504084920143,0.8146167557932263,0.2847411444141689,0.11501305871828414,0.9122503090609786
CA,combined,2.0,strong,306,0.07805555555555556,-0.5338752778293067,0.7882562277580071,0.26166902404526166,0.11780904884875919,0.9285259883250446
CA,combined,2.0,strong,307,0.07958333333333334,-0.5250129376472149,0.8080279232111692,0.28435374149659864,0.11033894145038675,0.9002231119383066
CA,combined,2.0,strong,308,0.07972222222222222,-0.5360758268310423,0.8170731707317073,0.2791946308724832,0.1106785762927467,0.9119938862910427
CA,combined,2.5,strong,301,0.08708333333333333,-0.5686868431496511,0.8086124401913876,0.37124463519313305,0.11588542059128498,0.9601743888304898
CA,combined,2.5,strong,302,0.08527777777777777,-0.5487137052659303,0.8175895765472313,0.39304531085353,0.11081448946032196,0.9572403306649253
CA,combined,2.5,strong,303,0.08416666666666667,-0.5756879519811303,0.8168316831683168,0.3933547695605573,0.11643939229212281,0.9767061143984221
CA,combined,2.5,strong,304,0.08611111111111111,-0.5584268030155519,0.817741935483871,0.3779697624190065,0.12087801151971488,0.9669108007029843
CA,combined,2.5,strong,305,0.08430555555555555,-0.5581577662922722,0.8220757825370676,0.37403740374037403,0.11021200317286016,0.9540100252384794
CA,combined,2.5,strong,306,0.08569444444444445,-0.5767119307055757,0.8508914100486223,0.35407239819004527,0.1152927639840061,0.9966666666666667
CA,combined,2.5,strong,307,0.08638888888888889,-0.5527866281271159,0.837620578778135,0.3706521739130435,0.10839898812884234,0.9701209044004074
CA,combined,2.5,strong,308,0.08708333333333333,-0.5526768610129151,0.8197767145135566,0.3748657357679914,0.11133985831832106,0.9671021984112802
CA,combined,3.0,strong,301,0.08944444444444444,-0.584337158810912,0.7950310559006211,0.4428969359331476,0.11344982644673014,0.9866890380313199
CA,combined,3.0,strong,302,0.08944444444444444,-0.5724629077938477,0.8493788819875776,0.4855687606112054,0.10955363399670705,0.9966666666666665
CA,combined,3.0,strong,303,0.08722222222222223,-0.5920330009059902,0.8152866242038217,0.44953271028037384,0.11659622951470179,0.9866666666666667
CA,combined,3.0,strong,304,0.08916666666666667,-0.5725109321203156,0.8442367601246106,0.4606334841628959,0.11274735288412359,0.99
CA,combined,3.0,strong,305,0.08791666666666667,-0.5809233816288797,0.8388625592417062,0.4435028248587571,0.11368095438273117,0.9933333333333333
CA,combined,3.0,strong,306,0.08583333333333333,-0.5888328975183436,0.8187702265372169,0.44390715667311414,0.1139551695804197,0.9966666666666667
CA,combined,3.0,strong,307,0.09083333333333334,-0.5759040453524489,0.8669724770642202,0.46842105263157896,0.1076896825918273,1.0
CA,combined,3.0,strong,308,0.09041666666666667,-0.5777223605015531,0.8248847926267281,0.45126353790613716,0.11172127218925942,0.9866915422885573
CA,combined,3.5,strong,301,0.08972222222222222,-0.5909462633601877,0.8080495356037152,0.4885883347421809,0.11469739792826882,0.9933333333333333
CA,combined,3.5,strong,302,0.08986111111111111,-0.5786584613179085,0.8361669242658424,0.5261923377638781,0.11091206863816076,0.9933333333333333
CA,combined,3.5,strong,303,0.08847222222222222,-0.5914098790941479,0.8320251177394035,0.5078447563996696,0.11511314157215367,0.9933333333333333
CA,combined,3.5,strong,304,0.09125,-0.5745217245037469,0.84779299847793,0.5134493670886076,0.11244650564781977,0.9900775193798449
CA,combined,3.5,strong,305,0.08986111111111111,-0.5812493771020117,0.8253477588871716,0.5004149377593361,0.114366458686678,0.9933333333333333
CA,combined,3.5,strong,306,0.08736111111111111,-0.5891193676178941,0.8298887122416534,0.5080033698399326,0.11370340654797118,0.99
CA,combined,3.5,strong,307,0.09194444444444444,-0.5758714984370108,0.8323262839879154,0.5087719298245614,0.10882501874511889,0.9966666666666667
CA,combined,3.5,strong,308,0.09125,-0.5879838300427563,0.821917808219178,0.4975288303130148,0.12002196697889116,0.986691542288557
CA,combined,4.0,strong,301,0.09180555555555556,-0.5905819136709062,0.8078668683812406,0.5095238095238095,0.11193142319827809,0.9966666666666667
CA,combined,4.0,strong,302,0.09166666666666666,-0.5875863775988963,0.8378787878787879,0.5633903133903134,0.11139303558253699,1.0
CA,combined,4.0,strong,303,0.09097222222222222,-0.5950193252904574,0.8183206106870229,0.5302218821729151,0.11618720311827492,1.0
CA,combined,4.0,strong,304,0.09194444444444444,-0.5856857549979183,0.8277945619335347,0.54,0.11566356282979091,1.0
CA,combined,4.0,strong,305,0.09097222222222222,-0.5851728219214656,0.833587786259542,0.5265210608424337,0.11254020144585268,0.9966666666666667
CA,combined,4.0,strong,306,0.08916666666666667,-0.5899684110539417,0.8146417445482866,0.5185483870967742,0.11724946063111706,1.0
CA,combined,4.0,strong,307,0.0926388888888889,-0.5803278854435197,0.8275862068965517,0.5345864661654135,0.10994546871995754,0.99
CA,combined,4.0,strong,308,0.0925,-0.5858000854522233,0.8168168168168168,0.5206869633099142,0.11457384148138332,0.9933333333333333
CA,combined,5.0,strong,301,0.0926388888888889,-0.6036059158248376,0.7871064467766117,0.5032258064516129,0.11014536592026512,1.0
CA,combined,5.0,strong,302,0.09291666666666666,-0.5914809964498264,0.8191330343796711,0.5542168674698795,0.10948318943870795,1.0
CA,combined,5.0,strong,303,0.09236111111111112,-0.6052329245395806,0.8345864661654135,0.5395522388059701,0.11455756482256681,1.0
CA,combined,5.0,strong,304,0.09347222222222222,-0.5867983361318597,0.8008915304606241,0.5451263537906137,0.11717513259947426,1.0
CA,combined,5.0,strong,305,0.09194444444444444,-0.5968028067111286,0.8217522658610272,0.5233281493001555,0.11627120779276152,1.0
CA,combined,5.0,strong,306,0.08972222222222222,-0.5926658095356595,0.804953560371517,0.5265241488519399,0.11562670005211785,1.0
CA,combined,5.0,strong,307,0.0948611111111111,-0.58419253871737,0.828696925329429,0.539810080350621,0.11101031650833111,1.0
CA,combined,5.0,strong,308,0.09333333333333334,-0.5910146682912684,0.8244047619047619,0.5349702380952381,0.11727319060764263,1.0
CA,combined,6.0,strong,301,0.09333333333333334,-0.5976855177359125,0.7961309523809523,0.4931062449310625,0.11271030969375458,1.0
CA,combined,6.0,strong,302,0.095,-0.5946463184071454,0.827485380116959,0.5325530358449159,0.10933836336621487,1.0
CA,combined,6.0,strong,303,0.09305555555555556,-0.595899870911496,0.8044776119402985,0.5147744945567652,0.11271704402329037,1.0
CA,combined,6.0,strong,304,0.09430555555555556,-0.5962487308394394,0.8159057437407953,0.5107692307692308,0.11535460036054396,1.0
CA,combined,6.0,strong,305,0.09347222222222222,-0.5975805660479627,0.8098068350668648,0.4963855421686747,0.11421123134434254,1.0
CA,combined,6.0,strong,306,0.09083333333333334,-0.5992497598919374,0.808868501529052,0.48817567567567566,0.11529081476292631,1.0
CA,combined,6.0,strong,307,0.09583333333333334,-0.5950362206651724,0.8159420289855073,0.5122699386503068,0.11342123821948123,1.0
CA,combined,6.0,strong,308,0.09430555555555556,-0.6025246204236111,0.8173784977908689,0.5085803432137286,0.11498919598252144,1.0
CA,combined,0.0,weak,301,0.005694444444444445,-0.16537529949870314,0.07317073170731707,0.0,0.20146230373472818,0.1628372620464315
CA,combined,0.0,weak,302,0.005555555555555556,-0.13397992447232937,0.175,0.0,0.2018977703803668,0.16054924327014666
CA,combined,0.0,weak,303,0.004722222222222222,-0.15562311623518005,0.14705882352941177,0.0,0.20114794402533578,0.1662823886908301
CA,combined,0.0,weak,304,0.004861111111111111,-0.22306559732626252,0.3142857142857143,0.0,0.20106771778481589,0.17111290560971046
CA,combined,0.0,weak,305,0.0038888888888888888,-0.13844231728233788,0.03571428571428571,0.0,0.20229783908959278,0.16136062936159098
CA,combined,0.0,weak,306,0.004166666666666667,-0.19852859287108512,0.0,0.0,0.201678257534712,0.15827858891729116
CA,combined,0.0,weak,307,0.004861111111111111,-0.08824905614208911,0.11428571428571428,0.0,0.2012842013552911,0.15791759016932624
CA,combined,0.0,weak,308,0.004861111111111111,-0.13629724122191605,0.11428571428571428,0.0,0.2011555658651996,0.15925649390515798
CA,combined,0.5,weak,301,0.008888888888888889,-0.20558318616986865,0.25,0.03333333333333333,0.15828921683999317,0.1832525800082477
CA,combined,0.5,weak,302,0.011111111111111112,-0.1353582898442954,0.225,0.0,0.1595222660697887,0.1777440793218908
CA,combined,0.5,weak,303,0.010694444444444444,-0.2469910282549163,0.22077922077922077,0.0,0.15991634472176983,0.19669194519548297
CA,combined,0.5,weak,304,0.011805555555555555,-0.16679738730824537,0.23529411764705882,0.0,0.15795080906685197,0.19035747316776663
CA,combined,0.5,weak,305,0.010138888888888888,-0.22738481279963535,0.2602739726027397,0.0,0.15740317177051946,0.2028420161327068
CA,combined,0.5,weak,306,0.011944444444444445,-0.21341270040039165,0.3023255813953488,0.0,0.15780365655124054,0.20750117284127997
CA,combined,0.5,weak,307,0.011666666666666667,-0.19017894424747558,0.27380952380952384,0.0,0.15688319191305275,0.18370138420345866
CA,combined,0.5,weak,308,0.009166666666666667,-0.19245510122936565,0.12121212121212122,0.0,0.15756379713535287,0.17639283857742824
CA,combined,1.0,weak,301,0.021666666666666667,-0.27719736834314485,0.28846153846153844,0.02666666666666667,0.11936208102345387,0.25634626340872013
CA,combined,1.0,weak,302,0.022916666666666665,-0.26778789355665544,0.36363636363636365,0.05421686746987952,0.12295157639116476,0.2584965277295987
CA,combined,1.0,weak,303,0.022083333333333333,-0.2831465449768051,0.389937106918239,0.006944444444444444,0.12864074952637364,0.2693379775180866
CA,combined,1.0,weak,304,0.024583333333333332,-0.28452882323005463,0.3898305084745763,0.00625,0.12878683486094353,0.27278085633989285
CA,combined,1.0,weak,305,0.023194444444444445,-0.27836169104761044,0.31736526946107785,0.006535947712418301,0.1281788661209868,0.2838221065692764
CA,combined,1.0,weak,306,0.02375,-0.2866740174772586,0.34502923976608185,0.01875,0.13544719554685333,0.2812401147355298
CA,combined,1.0,weak,307,0.02388888888888889,-0.2728291400192594,0.47093023255813954,0.013333333333333334,0.1254759993684795,0.2467889489364388
CA,combined,1.0,weak,308,0.02625,-0.3028840398340348,0.4973544973544973,0.005847953216374269,0.11969503895938123,0.283143271042477
CA,combined,1.5,weak,301,0.044444444444444446,-0.3885988613597135,0.546875,0.045307443365695796,0.11709276555841462,0.479306501072964
CA,combined,1.5,weak,302,0.04777777777777778,-0.3908701217050783,0.6540697674418605,0.06744868035190615,0.10871255581691593,0.47768531417947097
CA,combined,1.5,weak,303,0.044444444444444446,-0.39907786064140194,0.609375,0.03642384105960265,0.12144264063317962,0.47856234003907344
CA,combined,1.5,weak,304,0.044583333333333336,-0.34889505275829447,0.5981308411214953,0.09422492401215805,0.12045174296728793,0.4432193751828549
CA,combined,1.5,weak,305,0.04555555555555556,-0.3886927028519234,0.6128048780487805,0.08383233532934131,0.11255522800767585,0.4863833210698588
CA,combined,1.5,weak,306,0.042083333333333334,-0.39048868681850074,0.5841584158415841,0.04794520547945205,0.12782238334471827,0.47162169674375604
CA,combined,1.5,weak,307,0.044444444444444446,-0.37699446758443966,0.565625,0.036303630363036306,0.1147546550276985,0.45888631256718687
CA,combined,1.5,weak,308,0.04625,-0.37432603931262,0.6006006006006006,0.049079754601226995,0.10915632833899398,0.46000070717361097
CA,combined,2.0,weak,301,0.06597222222222222,-0.48574312543789405,0.728421052631579,0.10121457489878542,0.11230162509244757,0.714111130206944
CA,combined,2.0,weak,302,0.06666666666666667,-0.4683317706504337,0.7125,0.12280701754385964,0.10545834083004228,0.7086329457083594
CA,combined,2.0,weak,303,0.06347222222222222,-0.4802104805138953,0.7461706783369803,0.09594882729211088,0.12466635509780766,0.70981708888951
CA,combined,2.0,weak,304,0.06722222222222222,-0.47641269945425135,0.71900826446281,0.122568093385214,0.11844780879007955,0.736970834149255
CA,combined,2.0,weak,305,0.06736111111111111,-0.47759318249134036,0.7237113402061855,0.13671875,0.1132077927980112,0.7318564239933606
CA,combined,2.0,weak,306,0.06375,-0.49026717690810834,0.7342047930283224,0.08649789029535865,0.12217261272905927,0.7365985207543702
CA,combined,2.0,weak,307,0.06777777777777778,-0.4728561001015133,0.7602459016393442,0.1264591439688716,0.11084811681570468,0.699312755338685
CA,combined,2.0,weak,308,0.0661111111111111,-0.4700648026180096,0.7226890756302521,0.08438818565400844,0.11024395399933977,0.673053030971144
CA,combined,2.5,weak,301,0.07916666666666666,-0.5457433768431668,0.7508771929824561,0.18461538461538463,0.11532196552965086,0.8839304589524037
CA,combined,2.5,weak,302,0.07916666666666666,-0.5194915020927995,0.8087719298245614,0.22023809523809523,0.10702672331591744,0.8641944031711956
CA,combined,2.5,weak,303,0.07763888888888888,-0.5478056324341983,0.7799642218246869,0.19938650306748465,0.12016409057976447,0.9118964941219303
CA,combined,2.5,weak,304,0.07930555555555556,-0.525221900750785,0.7898423817863398,0.21005917159763313,0.11561713005508818,0.875043231806358
CA,combined,2.5,weak,305,0.07777777777777778,-0.5328039857414664,0.7964285714285714,0.1966205837173579,0.11201511731545259,0.8803022758182951
CA,combined,2.5,weak,306,0.07583333333333334,-0.5353445990734116,0.7912087912087912,0.16910569105691056,0.11921073418038251,0.8840636385993684
CA,combined,2.5,weak,307,0.07972222222222222,-0.5277725216083569,0.8240418118466899,0.23638968481375358,0.10878694458989473,0.850654599800306
CA,combined,2.5,weak,308,0.07805555555555556,-0.5210540406227662,0.800711743772242,0.21987951807228914,0.11619385440033063,0.8054987424257907
CA,combined,3.0,weak,301,0.08666666666666667,-0.560610473334857,0.8060897435897436,0.31516587677725116,0.11525800551406394,0.9248858603461997
CA,combined,3.0,weak,302,0.08597222222222223,-0.5490800569240736,0.8287560581583199,0.3480225988700565,0.10887210819664972,0.9287067620890478
CA,combined,3.0,weak,303,0.08347222222222223,-0.5562806067171032,0.7637271214642263,0.30074257425742573,0.11707693896119815,0.9507361800315816
CA,combined,3.0,weak,304,0.08680555555555555,-0.5465357679566398,0.8272,0.3511705685618729,0.11564363005806973,0.9441298665216051
CA,combined,3.0,weak,305,0.08361111111111111,-0.5574792472465556,0.8189368770764119,0.2878980891719745,0.11404453327747249,0.9310535883620101
CA,combined,3.0,weak,306,0.08388888888888889,-0.5566765191153155,0.8228476821192053,0.30025125628140703,0.11479890562167605,0.9410204240052183
CA,combined,3.0,weak,307,0.08652777777777777,-0.5603937019356704,0.8041733547351525,0.3091557669441142,0.10732441213632987,0.9571249474643583
CA,combined,3.0,weak,308,0.08680555555555555,-0.5487560924442068,0.8016,0.30824372759856633,0.11236063408839338,0.934479394950406
CA,combined,3.5,weak,301,0.08944444444444444,-0.5836426936960821,0.8167701863354038,0.3997995991983968,0.1118009900337903,0.9570164564830818
CA,combined,3.5,weak,302,0.08944444444444444,-0.5680153407786359,0.8400621118012422,0.43209876543209874,0.11069229389024525,0.9800490196078431
CA,combined,3.5,weak,303,0.08777777777777777,-0.5837479168602271,0.8259493670886076,0.40524193548387094,0.11581629732057946,0.9701380670611441
CA,combined,3.5,weak,304,0.08916666666666667,-0.5694829968266943,0.8177570093457944,0.42706333973128596,0.11160967886878663,0.9671145542795955
CA,combined,3.5,weak,305,0.08833333333333333,-0.5720901623268441,0.8066037735849056,0.3900414937759336,0.11096391435178397,0.9735118628141884
CA,combined,3.5,weak,306,0.08569444444444445,-0.5842545577536602,0.813614262560778,0.3895410885805763,0.11412138671459292,0.9668328571428572
CA,combined,3.5,weak,307,0.08888888888888889,-0.5693180416771229,0.8,0.41429970617042117,0.10706765503263259,0.960595004736044
CA,combined,3.5,weak,308,0.08819444444444445,-0.5676943023027919,0.8078740157480315,0.4215686274509804,0.1142933835487288,0.9381084709134793
CA,combined,4.0,weak,301,0.08986111111111111,-0.5797283868742337,0.7851622874806801,0.4464775846294602,0.11627213140203126,0.9735799346067802
CA,combined,4.0,weak,302,0.09111111111111111,-0.5750767687766237,0.8246951219512195,0.4912863070539419,0.10904723389340364,0.9833823529411766
CA,combined,4.0,weak,303,0.08986111111111111,-0.5892158767627715,0.8299845440494591,0.4720767888307155,0.1160905486311916,0.9900197238658776
CA,combined,4.0,weak,304,0.09111111111111111,-0.5797637922962613,0.8338414634146342,0.4796264855687606,0.11445304187040926,0.99
CA,combined,4.0,weak,305,0.08972222222222222,-0.581853847568901,0.8235294117647058,0.45081967213114754,0.11182850427368903,0.983359173126615
CA,combined,4.0,weak,306,0.08680555555555555,-0.592642126340806,0.8176,0.44761904761904764,0.11406112286271342,0.9767726984126983
CA,combined,4.0,weak,307,0.09180555555555556,-0.583854655003513,0.8245083207261724,0.4646288209606987,0.10741876952235768,0.9866666666666667
CA,combined,4.0,weak,308,0.09097222222222222,-0.5751478618129746,0.8244274809160306,0.47166521360069746,0.11664541775659874,0.9770154246290054
CA,combined,5.0,weak,301,0.09166666666666666,-0.5930332990552509,0.8,0.4958813838550247,0.11392328828718873,0.9933589743589744
CA,combined,5.0,weak,302,0.09208333333333334,-0.5850033667961282,0.8355957767722474,0.5374907201187825,0.10994540737343877,0.9966666666666667
CA,combined,5.0,weak,303,0.09166666666666666,-0.5960162857196896,0.8181818181818182,0.5213675213675214,0.1126490989317757,0.9966666666666667
CA,combined,5.0,weak,304,0.09291666666666666,-0.584823267269834,0.8131539611360239,0.5271493212669683,0.11548663325363422,0.9900775193798449
CA,combined,5.0,weak,305,0.09180555555555556,-0.5972962080330093,0.8154311649016641,0.5072463768115942,0.11509876260032471,0.9933333333333333
CA,combined,5.0,weak,306,0.08958333333333333,-0.5930473881551512,0.8062015503875969,0.4966159052453469,0.1161986585188129,0.9933333333333333
CA,combined,5.0,weak,307,0.09388888888888888,-0.5906492869608431,0.8269230769230769,0.5235204855842185,0.1109166086784894,0.9933333333333333
CA,combined,5.0,weak,308,0.09236111111111112,-0.5940970556407186,0.8285714285714286,0.5246153846153846,0.11407862407915022,0.9966666666666667
CA,combined,6.0,weak,301,0.09361111111111112,-0.5993029440229657,0.7670623145400594,0.484375,0.1131047742000222,0.9966666666666667
CA,combined,6.0,weak,302,0.0948611111111111,-0.5921390342891324,0.7964860907759883,0.5241635687732342,0.10964179638821907,1.0
CA,combined,6.0,weak,303,0.0926388888888889,-0.6059229964752492,0.8065967016491754,0.5063291139240507,0.11127414975721234,1.0
CA,combined,6.0,weak,304,0.09513888888888888,-0.5890172830752932,0.8014598540145985,0.51,0.11356990642467478,1.0
CA,combined,6.0,weak,305,0.09291666666666666,-0.5969135156105678,0.8011958146487295,0.49515347334410337,0.11551686308907883,1.0
CA,combined,6.0,weak,306,0.09069444444444444,-0.6013405337730181,0.8085758039816233,0.48293515358361777,0.11437361397135216,1.0
CA,combined,6.0,weak,307,0.09597222222222222,-0.5924983880759004,0.8104196816208393,0.5058365758754864,0.11213688140410931,1.0
CA,combined,6.0,weak,308,0.09402777777777778,-0.5963435543152158,0.8138847858197932,0.5090054815974941,0.11520338323400524,1.0
FL,combined,0.0,medium,301,0.006111111111111111,-0.007608553986007022,0.18181818181818182,0.0,0.19850147101658963,0.16327113297060447
FL,combined,0.0,medium,302,0.005138888888888889,0.0031035046527602603,0.1891891891891892,0.0,0.20102755133196948,0.16143620266731995
FL,combined,0.0,medium,303,0.006666666666666667,-0.0194238843297668,0.10416666666666667,0.0,0.19983403630976934,0.1577774984391701
FL,combined,0.0,medium,304,0.0059722222222222225,-0.01264169523825739,0.13953488372093023,0.0,0.19940880473800968,0.17350765623480555
FL,combined,0.0,medium,305,0.008194444444444445,-0.0170567187645909,0.15254237288135594,0.0,0.2010966123199319,0.1675580714575018
FL,combined,0.0,medium,306,0.005694444444444445,0.004332993943692214,0.14634146341463414,0.05128205128205128,0.20022959423941333,0.16891806969256065
FL,combined,0.0,medium,307,0.006805555555555555,0.004925011514247789,0.14285714285714285,0.0,0.19881655926685574,0.17346805658225728
FL,combined,0.0,medium,308,0.004583333333333333,-0.024018050230644,0.15151515151515152,0.0,0.2004256658263179,0.17058635124145163
FL,combined,0.5,medium,301,0.016666666666666666,-0.08148937989083295,0.2916666666666667,0.02702702702702703,0.15453086858307152,0.17377726749110753
FL,combined,0.5,medium,302,0.014305555555555556,-0.042602121936000534,0.2524271844660194,0.020618556701030927,0.15957752946069254,0.16799890876123028
FL,combined,0.5,medium,303,0.014722222222222222,-0.0994405472207538,0.33962264150943394,0.04,0.15644589235491388,0.1738904493755824
FL,combined,0.5,medium,304,0.014583333333333334,-0.04616010755208183,0.2857142857142857,0.010309278350515464,0.153371692641641,0.1812180523984124
FL,combined,0.5,medium,305,0.017361111111111112,-0.08010223538286246,0.32,0.008620689655172414,0.1592401301447626,0.17286913272832166
FL,combined,0.5,medium,306,0.016527777777777777,-0.060529673532324184,0.3445378151260504,0.009345794392523364,0.15468277238661188,0.187527123289465
FL,combined,0.5,medium,307,0.015555555555555555,-0.08135279225043236,0.4107142857142857,0.0,0.1550967467341439,0.18076688832375898
FL,combined,0.5,medium,308,0.016527777777777777,-0.09114942483213316,0.2689075630252101,0.02702702702702703,0.15371049646444643,0.17333367541654143
FL,combined,1.0,medium,301,0.03388888888888889,-0.1878996946633737,0.5,0.08835341365461848,0.12440016693986422,0.25637454438529705
FL,combined,1.0,medium,302,0.03388888888888889,-0.14368363246392865,0.5491803278688525,0.08906882591093117,0.1198399489338444,0.25435808773696267
FL,combined,1.0,medium,303,0.03611111111111111,-0.1629360437024708,0.55,0.056910569105691054,0.12999504131394177,0.24971699520072016
FL,combined,1.0,medium,304,0.03152777777777778,-0.15618007745602352,0.5726872246696035,0.03773584905660377,0.12543410072332858,0.24681337476929172
FL,combined,1.0,medium,305,0.03736111111111111,-0.21648341586419675,0.6059479553903345,0.061068702290076333,0.13544721980414953,0.2702623693724908
FL,combined,1.0,medium,306,0.030972222222222224,-0.14061447212646921,0.4260089686098655,0.05687203791469194,0.13114306209350293,0.23781248420431278
FL,combined,1.0,medium,307,0.03305555555555555,-0.16074735523982978,0.4831932773109244,0.07172995780590717,0.12411789413194892,0.25429860992950654
FL,combined,1.0,medium,308,0.03375,-0.15765807418438157,0.522633744855967,0.08260869565217391,0.12467931469332144,0.23423843502254169
FL,combined,1.5,medium,301,0.06194444444444445,-0.3025380793234086,0.7286995515695067,0.15481171548117154,0.11048400366226142,0.48255624016323073
FL,combined,1.5,medium,302,0.05347222222222222,-0.23567475412159514,0.6467532467532467,0.2178649237472767,0.10999824644411428,0.41027254997766127
FL,combined,1.5,medium,303,0.058611111111111114,-0.26031843751509665,0.6729857819905213,0.1565217391304348,0.1218334834548148,0.447731106973409
FL,combined,1.5,medium,304,0.058472222222222224,-0.29443079551854967,0.7292161520190024,0.17057569296375266,0.1189310289596407,0.480125878874469
FL,combined,1.5,medium,305,0.058055555555555555,-0.28908706692737546,0.7177033492822966,0.1851063829787234,0.12546401004886312,0.4509068177736735
FL,combined,1.5,medium,306,0.059305555555555556,-0.2718590480942999,0.7072599531615925,0.18565400843881857,0.1216109374788535,0.4613215121100298
FL,combined,1.5,medium,307,0.06097222222222222,-0.29787600128099057,0.7904328018223234,0.15789473684210525,0.11330169356320445,0.4921160327400193
FL,combined,1.5,medium,308,0.058333333333333334,-0.27849106595477213,0.7404761904761905,0.1514476614699332,0.12005943104528956,0.4396571875985854
FL,combined,2.0,medium,301,0.08444444444444445,-0.4075582843535785,0.8125,0.25,0.11444256329342713,0.8121732554382783
FL,combined,2.0,medium,302,0.07541666666666667,-0.3385295851803992,0.7790055248618785,0.3224932249322493,0.11079969420132733,0.6994699209663015
FL,combined,2.0,medium,303,0.08277777777777778,-0.38199303334820683,0.8187919463087249,0.29936305732484075,0.11812169777485008,0.7765244904514215
FL,combined,2.0,medium,304,0.08194444444444444,-0.4042665936142578,0.8288135593220339,0.26648721399730824,0.11335646205900302,0.7833785682995026
FL,combined,2.0,medium,305,0.08305555555555555,-0.39831922047499085,0.81438127090301,0.2591093117408907,0.1214156197888976,0.7695324552308811
FL,combined,2.0,medium,306,0.08055555555555556,-0.3710060712284713,0.8224137931034483,0.273841961852861,0.123498335677263,0.7277013884236794
FL,combined,2.0,medium,307,0.0825,-0.38984306186556406,0.8232323232323232,0.2851511169513798,0.11102317912986237,0.7496348187116447
FL,combined,2.0,medium,308,0.08347222222222223,-0.38852178673403676,0.8103161397670549,0.2558139534883721,0.11180983013250911,0.7371432625298697
FL,combined,2.5,medium,301,0.09388888888888888,-0.44904079897753313,0.8446745562130178,0.37350597609561753,0.11379111450224455,0.8906090884474895
FL,combined,2.5,medium,302,0.09055555555555556,-0.4189499623481739,0.848159509202454,0.45060018467220686,0.1069037743715844,0.9034713582989518
FL,combined,2.5,medium,303,0.09430555555555556,-0.4480220315048564,0.8556701030927835,0.3923076923076923,0.11431549404455782,0.9345524331301067
FL,combined,2.5,medium,304,0.09236111111111112,-0.44888553426202654,0.869172932330827,0.3920792079207921,0.11353205346930967,0.9376096913264568
FL,combined,2.5,medium,305,0.09402777777777778,-0.4476926191071728,0.8537666174298375,0.39473684210526316,0.12222806181438504,0.8741272168063207
FL,combined,2.5,medium,306,0.09305555555555556,-0.43149511247424127,0.8611940298507462,0.4025096525096525,0.12387252928828092,0.9217886306779819
FL,combined,2.5,medium,307,0.09083333333333334,-0.44406475598293244,0.8577981651376146,0.39317953861584753,0.11272126546977533,0.9070645133788597
FL,combined,2.5,medium,308,0.09527777777777778,-0.4468043333844886,0.8629737609329446,0.40883458646616544,0.11340746232260727,0.9004209080576603
FL,combined,3.0,medium,301,0.10111111111111111,-0.47877948942028925,0.8461538461538461,0.47409126063418405,0.11327098841482257,0.9668097645270464
FL,combined,3.0,medium,302,0.0948611111111111,-0.44789926085173587,0.8696925329428989,0.5549374130737135,0.10854488102916122,0.9574160293897137
FL,combined,3.0,medium,303,0.09930555555555555,-0.4594650815998257,0.8741258741258742,0.4891808346213292,0.11739973743719843,0.9638830437323979
FL,combined,3.0,medium,304,0.09847222222222222,-0.48112369744692424,0.8744710860366713,0.48346456692913387,0.1146086006137884,0.9736149110807114
FL,combined,3.0,medium,305,0.09916666666666667,-0.46422147153948934,0.8683473389355743,0.5180375180375181,0.1232944343225017,0.960740671372168
FL,combined,3.0,medium,306,0.09875,-0.45485063099906226,0.8663853727144867,0.5132547864506627,0.11777317834741735,0.9767931746031746
FL,combined,3.0,medium,307,0.09833333333333333,-0.4744695044817827,0.8700564971751412,0.498468606431853,0.11570897880213317,0.9702519932445701
FL,combined,3.0,medium,308,0.0975,-0.47358829112615447,0.8760683760683761,0.5071806500377929,0.11578116078216864,0.9314952119194146
FL,combined,3.5,medium,301,0.10333333333333333,-0.48893679062565326,0.8387096774193549,0.558898847631242,0.11453619512246066,0.9704417670682731
FL,combined,3.5,medium,302,0.09777777777777778,-0.46510700451623865,0.8380681818181818,0.6127508854781583,0.10679300716608009,0.9766666666666667
FL,combined,3.5,medium,303,0.10111111111111111,-0.4826869235697076,0.8791208791208791,0.5546108567691301,0.11690524587242741,0.9866863905325445
FL,combined,3.5,medium,304,0.10055555555555555,-0.48744890665474316,0.8591160220994475,0.5646302250803859,0.11725103311177211,0.99
FL,combined,3.5,medium,305,0.1025,-0.48957277864570237,0.8550135501355014,0.5741895261845387,0.11889599169348176,0.9800964223158697
FL,combined,3.5,medium,306,0.10069444444444445,-0.4764429237619222,0.8620689655172413,0.5839552238805971,0.1154909523227522,0.98008
FL,combined,3.5,medium,307,0.10055555555555555,-0.4781674662647348,0.8425414364640884,0.5744274809160306,0.11593260630663473,0.9801113172541742
FL,combined,3.5,medium,308,0.10236111111111111,-0.4862723376261301,0.8751696065128901,0.564381806534273,0.10829286693897983,0.9701724714487686
FL,combined,4.0,medium,301,0.10416666666666667,-0.5041730745728427,0.8506666666666667,0.5954598370197904,0.11619728308046291,0.9867179487179487
FL,combined,4.0,medium,302,0.10013888888888889,-0.4696590881280652,0.8654646324549237,0.6490861618798955,0.10785279935755566,0.9866666666666667
FL,combined,4.0,medium,303,0.10458333333333333,-0.49159982087670046,0.8446215139442231,0.6062639821029083,0.1210629366278315,0.9966666666666667
FL,combined,4.0,medium,304,0.10263888888888889,-0.4964342371470027,0.8795669824086604,0.6091628959276018,0.11645911097814876,1.0
FL,combined,4.0,medium,305,0.10444444444444445,-0.4976173026918764,0.848404255319149,0.6055776892430279,0.11422299544770426,0.9867561521252797
FL,combined,4.0,medium,306,0.10333333333333333,-0.48024948666781725,0.8561827956989247,0.6118047673098751,0.11833050377368827,0.9900793650793652
FL,combined,4.0,medium,307,0.10305555555555555,-0.49300694190770816,0.862533692722372,0.6102564102564103,0.1131023659356995,0.9966666666666667
FL,combined,4.0,medium,308,0.10486111111111111,-0.4955285833580137,0.8397350993377484,0.6079418344519015,0.11488703118713688,0.9933333333333333
FL,combined,5.0,medium,301,0.10777777777777778,-0.5157165027233378,0.8389175257731959,0.6077048290830168,0.11694543731935032,0.9966666666666667
FL,combined,5.0,medium,302,0.10208333333333333,-0.47308063359109875,0.8285714285714286,0.6801675977653632,0.11141040561926545,1.0
FL,combined,5.0,medium,303,0.10611111111111111,-0.49915404354657866,0.8481675392670157,0.6242713301536831,0.11707248663109375,1.0
FL,combined,5.0,medium,304,0.10444444444444445,-0.5049540303497018,0.8710106382978723,0.6409067490984028,0.11770264796510806,0.9966666666666667
FL,combined,5.0,medium,305,0.10625,-0.513673863180123,0.85359477124183,0.6150514347590688,0.11780116987834206,1.0
FL,combined,5.0,medium,306,0.10513888888888889,-0.48450999052228383,0.8678996036988111,0.6425682507583418,0.11392014175477416,1.0
FL,combined,5.0,medium,307,0.10555555555555556,-0.4951344162740368,0.8421052631578947,0.64387031408308,0.11459238835466408,1.0
FL,combined,5.0,medium,308,0.10777777777777778,-0.5062378259603673,0.8556701030927835,0.6270298585646935,0.11177676425557449,1.0
FL,combined,6.0,medium,301,0.10902777777777778,-0.5121594087771131,0.8292993630573249,0.6120920278223649,0.11797062934825693,1.0
FL,combined,6.0,medium,302,0.10472222222222222,-0.4898174218013386,0.8620689655172413,0.663632007666507,0.11132962050840357,1.0
FL,combined,6.0,medium,303,0.10777777777777778,-0.5047477962015794,0.8582474226804123,0.6148901981788967,0.12251267802799294,0.9966666666666667
FL,combined,6.0,medium,304,0.10652777777777778,-0.513800845438,0.8591916558018253,0.617078410311493,0.11554468737269574,1.0
FL,combined,6.0,medium,305,0.10819444444444444,-0.5191841400505198,0.834403080872914,0.6027322404371585,0.11834308371398526,1.0
FL,combined,6.0,medium,306,0.1063888888888889,-0.49150150193022635,0.856396866840731,0.6323681489141675,0.1162558209776239,1.0
FL,combined,6.0,medium,307,0.1076388888888889,-0.5025365684548196,0.8258064516129032,0.6174568965517241,0.1154949225086312,1.0
FL,combined,6.0,medium,308,0.10833333333333334,-0.5169419668906402,0.8589743589743589,0.6149732620320856,0.11388634288036188,1.0
FL,combined,0.0,strong,301,0.0075,-0.042765793381577405,0.12962962962962962,0.0,0.1989637542203148,0.17255986702920467
FL,combined,0.0,strong,302,0.00625,-0.013455478929606525,0.044444444444444446,0.0,0.19925793768865527,0.16738404703176626
FL,combined,0.0,strong,303,0.008055555555555555,-0.031109357147902722,0.15517241379310345,0.01818181818181818,0.20146890240345092,0.17682513860009968
FL,combined,0.0,strong,304,0.008472222222222223,-0.052319708147534914,0.13114754098360656,0.0,0.19799444042865097,0.18148866018213325
FL,combined,0.0,strong,305,0.008333333333333333,-0.025989489959346305,0.16666666666666666,0.017857142857142856,0.19976875495051538,0.18356602424652124
FL,combined,0.0,strong,306,0.007083333333333333,0.0190923368707751,0.11764705882352941,0.0,0.20169897102519854,0.17925971677773755
FL,combined,0.0,strong,307,0.005416666666666667,0.0021663087895585262,0.05128205128205128,0.0,0.19976989027503655,0.17019606308847918
FL,combined,0.0,strong,308,0.007638888888888889,-0.06876750868629651,0.12727272727272726,0.0,0.2000646674362108,0.168036304655909
FL,combined,0.5,strong,301,0.019444444444444445,-0.12244138694843067,0.35,0.0,0.1555387251120751,0.17829180462603386
FL,combined,0.5,strong,302,0.015416666666666667,-0.06893265815097936,0.3153153153153153,0.07339449541284404,0.15710634881301247,0.17108598339433756
FL,combined,0.5,strong,303,0.017916666666666668,-0.0800620340170732,0.40310077519379844,0.03389830508474576,0.156744570108133,0.18917109388061396
FL,combined,0.5,strong,304,0.01375,-0.09102676611832998,0.26262626262626265,0.0,0.15582498904981223,0.19644238816894632
FL,combined,0.5,strong,305,0.021111111111111112,-0.13495783193266572,0.40131578947368424,0.007042253521126761,0.15538743948802913,0.20575927751960882
FL,combined,0.5,strong,306,0.017361111111111112,-0.09629775560521664,0.328,0.02608695652173913,0.15623914679889506,0.1936217712486653
FL,combined,0.5,strong,307,0.019166666666666665,-0.09945579601910078,0.34057971014492755,0.007936507936507936,0.15698815688701234,0.19108732131450096
FL,combined,0.5,strong,308,0.019166666666666665,-0.08518863558399793,0.4057971014492754,0.025210084033613446,0.16030979475145163,0.19077375973698324
FL,combined,1.0,strong,301,0.03805555555555556,-0.22215472372231282,0.5401459854014599,0.10676156583629894,0.12249676228550872,0.28402052572010356
FL,combined,1.0,strong,302,0.03305555555555555,-0.16917154929070127,0.5336134453781513,0.10317460317460317,0.12450895268254226,0.26039410737249824
FL,combined,1.0,strong,303,0.03888888888888889,-0.20370035476849607,0.625,0.11805555555555555,0.1279485326063637,0.2781986307537838
FL,combined,1.0,strong,304,0.03722222222222222,-0.20289500963872364,0.5746268656716418,0.06390977443609022,0.1233202050455545,0.29388211819831084
FL,combined,1.0,strong,305,0.035555555555555556,-0.1705923104968748,0.57421875,0.10588235294117647,0.13238638680049428,0.2474667285257511
FL,combined,1.0,strong,306,0.03652777777777778,-0.1716917071869691,0.5665399239543726,0.11524163568773234,0.12656344797987595,0.283116054783184
FL,combined,1.0,strong,307,0.04402777777777778,-0.24017774592138688,0.6529968454258676,0.1437308868501529,0.12433140876592082,0.3290620874069765
FL,combined,1.0,strong,308,0.04138888888888889,-0.21774341148646642,0.5939597315436241,0.08503401360544217,0.1263985592674534,0.29729648278946497
FL,combined,1.5,strong,301,0.06708333333333333,-0.3312333896341608,0.7474120082815735,0.22608695652173913,0.11959120791574912,0.5666883854633802
FL,combined,1.5,strong,302,0.06319444444444444,-0.2964892748033975,0.7296703296703296,0.2688927943760984,0.11422993564388906,0.539810147289628
FL,combined,1.5,strong,303,0.06708333333333333,-0.3238171350348045,0.782608695652174,0.24915254237288137,0.11594909760562126,0.5566892467014735
FL,combined,1.5,strong,304,0.06472222222222222,-0.31445217637293493,0.7446351931330472,0.21518987341772153,0.11268575272917054,0.5721894656391868
FL,combined,1.5,strong,305,0.0661111111111111,-0.3051512835528889,0.7373949579831933,0.23716814159292035,0.1315393713960629,0.49746432742774155
FL,combined,1.5,strong,306,0.06666666666666667,-0.30610256334775787,0.76875,0.21863799283154123,0.12526740522206933,0.5740459088324296
FL,combined,1.5,strong,307,0.06708333333333333,-0.32567501346015837,0.7267080745341615,0.19855595667870035,0.11386464180482887,0.5868102167613386
FL,combined,1.5,strong,308,0.06583333333333333,-0.3188572173345823,0.7447257383966245,0.22678571428571428,0.11639326684149626,0.5382667374585681
FL,combined,2.0,strong,301,0.08777777777777777,-0.42922181149943806,0.8322784810126582,0.3329596412556054,0.1106188614770458,0.866049964390422
FL,combined,2.0,strong,302,0.08347222222222223,-0.39335259415386037,0.8435940099833611,0.37988826815642457,0.11100215970685107,0.848135647635828
FL,combined,2.0,strong,303,0.08888888888888889,-0.42098123062677717,0.8453125,0.3307174887892377,0.11221485778966879,0.8933821637844153
FL,combined,2.0,strong,304,0.0875,-0.43233168249777487,0.8698412698412699,0.3310657596371882,0.11427117236342689,0.8907617687240243
FL,combined,2.0,strong,305,0.09027777777777778,-0.4387297860387792,0.8630769230769231,0.3333333333333333,0.1231596753702786,0.887971669166244
FL,combined,2.0,strong,306,0.08680555555555555,-0.4102165770708497,0.848,0.3278879813302217,0.1184352102439999,0.8682975819858401
FL,combined,2.0,strong,307,0.08902777777777778,-0.4242342726270292,0.8502340093603744,0.3248554913294798,0.11393013611793756,0.866395866893519
FL,combined,2.0,strong,308,0.08833333333333333,-0.41591050560503995,0.8443396226415094,0.3535242290748899,0.11430684830682912,0.8612402886956854
FL,combined,2.5,strong,301,0.09666666666666666,-0.4736536522085915,0.860632183908046,0.4413793103448276,0.11544631835779111,0.9700914426938524
FL,combined,2.5,strong,302,0.09194444444444444,-0.4382555897592525,0.8655589123867069,0.49427168576104746,0.1084468225284382,0.9572102309057233
FL,combined,2.5,strong,303,0.09597222222222222,-0.4632737423067919,0.8610709117221418,0.45164075993091535,0.1139408514680052,0.9569441418327449
FL,combined,2.5,strong,304,0.0961111111111111,-0.46291540507990614,0.8684971098265896,0.4233511586452763,0.11359747683165684,0.9767692307692308
FL,combined,2.5,strong,305,0.0961111111111111,-0.46746854658156906,0.8526011560693642,0.46422628951747086,0.1204002467597075,0.9541271123449072
FL,combined,2.5,strong,306,0.09430555555555556,-0.4417128841701722,0.8689248895434463,0.46134020618556704,0.12139202574155904,0.9538870851370852
FL,combined,2.5,strong,307,0.09513888888888888,-0.45532383846971947,0.8583941605839416,0.459552495697074,0.11682311190404043,0.9414049739136847
FL,combined,2.5,strong,308,0.09694444444444444,-0.4598759747514513,0.8839541547277937,0.4429065743944637,0.11333665470021405,0.9541505586656692
FL,combined,3.0,strong,301,0.10194444444444445,-0.48594595497210563,0.8487738419618529,0.5244072524407253,0.11204977884686612,0.9701419082125604
FL,combined,3.0,strong,302,0.09625,-0.44839395891489464,0.8513708513708513,0.5790500975927131,0.10887067485778462,0.99
FL,combined,3.0,strong,303,0.10013888888888889,-0.4773961256286551,0.871012482662968,0.5406698564593302,0.11920372508101489,0.9866666666666667
FL,combined,3.0,strong,304,0.10055555555555555,-0.4840051575046302,0.8798342541436464,0.5213068181818182,0.11464321362341028,0.9966666666666667
FL,combined,3.0,strong,305,0.10319444444444445,-0.4831511436570597,0.8707940780619112,0.5350877192982456,0.12170871943084428,0.9966666666666667
FL,combined,3.0,strong,306,0.09916666666666667,-0.46493935042054585,0.8711484593837535,0.539593552908199,0.11789832394858059,0.9833531746031747
FL,combined,3.0,strong,307,0.09902777777777778,-0.4778375383261936,0.8485273492286115,0.54375,0.11553364825992407,0.980069506063295
FL,combined,3.0,strong,308,0.1,-0.4780805531575663,0.8777777777777778,0.5328671328671328,0.11324490957827887,0.9801272706236261
FL,combined,3.5,strong,301,0.10305555555555555,-0.4997649869355892,0.839622641509434,0.5851763299462044,0.11546656794655047,0.9933333333333333
FL,combined,3.5,strong,302,0.09875,-0.46173763830211967,0.8635724331926864,0.6348160351455244,0.10968547564680504,0.99
FL,combined,3.5,strong,303,0.1025,-0.47759503378936885,0.8604336043360433,0.5756639901173564,0.11716459282607661,0.9966666666666667
FL,combined,3.5,strong,304,0.10152777777777777,-0.4985876402551801,0.8645690834473324,0.5885196374622357,0.11399944252152072,0.9933333333333333
FL,combined,3.5,strong,305,0.10208333333333333,-0.4782736597920495,0.8408163265306122,0.6066705002875216,0.11993038091873344,0.9866925064599483
FL,combined,3.5,strong,306,0.10069444444444445,-0.46937681932399056,0.863448275862069,0.5984533016061868,0.11820038284888888,0.986686507936508
FL,combined,3.5,strong,307,0.10111111111111111,-0.4891852046857625,0.8475274725274725,0.5932407966203983,0.11669632394622897,0.9933333333333333
FL,combined,3.5,strong,308,0.10277777777777777,-0.4961334753138955,0.8581081081081081,0.5755127408328155,0.11235375762325779,0.9866869918699187
FL,combined,4.0,strong,301,0.10569444444444444,-0.5025639549764909,0.8291721419185283,0.6050279329608939,0.11775680976050378,1.0
FL,combined,4.0,strong,302,0.09972222222222223,-0.4621055919286046,0.850974930362117,0.6655172413793103,0.11086849416980238,0.9933333333333333
FL,combined,4.0,strong,303,0.10347222222222222,-0.4866595049625843,0.8456375838926175,0.6214169821525148,0.12024611980894222,0.9966666666666667
FL,combined,4.0,strong,304,0.10333333333333333,-0.4913973196567442,0.8709677419354839,0.6190476190476191,0.1168119404639042,0.9966666666666667
FL,combined,4.0,strong,305,0.10347222222222222,-0.49401218669520536,0.8617449664429531,0.6166116611661167,0.11551928733880283,1.0
FL,combined,4.0,strong,306,0.10402777777777777,-0.4734212094003058,0.8571428571428571,0.6400625978090767,0.11524992846023642,0.9933333333333333
FL,combined,4.0,strong,307,0.10388888888888889,-0.48357146764456693,0.856951871657754,0.6225382932166302,0.11546267698313885,0.9966666666666667
FL,combined,4.0,strong,308,0.10458333333333333,-0.48992831646620577,0.848605577689243,0.6253354804079442,0.11470334200694882,0.9834108527131783
FL,combined,5.0,strong,301,0.1075,-0.5107880710641944,0.8410852713178295,0.6262312078797304,0.11742621987543424,1.0
FL,combined,5.0,strong,302,0.10152777777777777,-0.4764780453593755,0.8755129958960328,0.6909173068233168,0.11288525717797572,1.0
FL,combined,5.0,strong,303,0.10597222222222222,-0.5010386151855973,0.8492791612057667,0.626246719160105,0.11973512614284139,1.0
FL,combined,5.0,strong,304,0.10472222222222222,-0.5025625369797614,0.8567639257294429,0.6415384615384615,0.11560846835711903,1.0
FL,combined,5.0,strong,305,0.10708333333333334,-0.514559887806478,0.8508430609597925,0.6198611852642819,0.11576881393657407,1.0
FL,combined,5.0,strong,306,0.10527777777777778,-0.48971093488031725,0.8733509234828496,0.649402390438247,0.11629684251635902,0.9966666666666667
FL,combined,5.0,strong,307,0.10583333333333333,-0.4907371743231467,0.8517060367454068,0.6397547266223812,0.11408338635718472,1.0
FL,combined,5.0,strong,308,0.10722222222222222,-0.49916472092740005,0.8497409326424871,0.636734693877551,0.11456117667808101,0.9966666666666667
FL,combined,6.0,strong,301,0.10916666666666666,-0.5140762995768897,0.8333333333333334,0.611170784103115,0.11665421260000279,1.0
FL,combined,6.0,strong,302,0.10375,-0.48991131815691763,0.8473895582329317,0.6674595623215985,0.11483829047236276,1.0
FL,combined,6.0,strong,303,0.1076388888888889,-0.5068789727651903,0.8619354838709677,0.6122448979591837,0.11834902915239563,1.0
FL,combined,6.0,strong,304,0.10597222222222222,-0.5099385318244857,0.854521625163827,0.6221985058697972,0.11622162987069724,1.0
FL,combined,6.0,strong,305,0.10875,-0.5164111427728694,0.8454661558109834,0.6084854994629431,0.11471346634617406,1.0
FL,combined,6.0,strong,306,0.10625,-0.4996083490106218,0.8627450980392157,0.6283924843423799,0.11658942309225613,1.0
FL,combined,6.0,strong,307,0.10791666666666666,-0.49643828156755077,0.833976833976834,0.6183368869936035,0.11338768846594077,1.0
FL,combined,6.0,strong,308,0.10805555555555556,-0.5153447027118047,0.8483290488431876,0.6149703823371029,0.11252111686560888,1.0
FL,combined,0.0,weak,301,0.0075,-0.045448982917595526,0.16666666666666666,0.0,0.19820280875910545,0.1628372620464315
FL,combined,0.0,weak,302,0.003611111111111111,-0.024039968982355744,0.07692307692307693,0.0,0.20113603819446213,0.16054924327014666
FL,combined,0.0,weak,303,0.006527777777777778,0.002027252618085755,0.0851063829787234,0.023255813953488372,0.19891549537523992,0.1662823886908301
FL,combined,0.0,weak,304,0.004722222222222222,0.0035885802005404255,0.058823529411764705,0.0,0.19863007586673068,0.17111290560971046
FL,combined,0.0,weak,305,0.007083333333333333,0.01697114525314943,0.17647058823529413,0.0,0.19926638903431737,0.16136062936159098
FL,combined,0.0,weak,306,0.006111111111111111,0.0238449058543457,0.1590909090909091,0.0,0.1992007428966216,0.15827858891729116
FL,combined,0.0,weak,307,0.006388888888888889,-0.0392340683490125,0.15217391304347827,0.0,0.19779340168871695,0.15791759016932624
FL,combined,0.0,weak,308,0.00625,-0.01534508796531641,0.06666666666666667,0.0,0.19928940943253162,0.15925649390515798
FL,combined,0.5,weak,301,0.013888888888888888,-0.06037150611971634,0.16,0.010638297872340425,0.15398715879152625,0.16655608064386332
FL,combined,0.5,weak,302,0.010972222222222222,-0.04851294391274663,0.21518987341772153,0.039473684210526314,0.1558533108351636,0.15409311397109235
FL,combined,0.5,weak,303,0.015416666666666667,-0.05862528638646141,0.24324324324324326,0.0,0.15650513133438193,0.16619752398498702
FL,combined,0.5,weak,304,0.014166666666666666,-0.06378918436197538,0.3137254901960784,0.0,0.15673209493855317,0.17783102882559035
FL,combined,0.5,weak,305,0.01861111111111111,-0.09306330467275338,0.4253731343283582,0.0,0.15622442225124153,0.181007469931958
FL,combined,0.5,weak,306,0.014027777777777778,-0.05272570875930758,0.24752475247524752,0.0,0.15690709946207235,0.17940143155300256
FL,combined,0.5,weak,307,0.013055555555555556,-0.05983607459367888,0.2553191489361702,0.0,0.1557613723959689,0.1702513788959782
FL,combined,0.5,weak,308,0.014861111111111111,-0.09644116763107952,0.35514018691588783,0.010526315789473684,0.1564759233993856,0.16721942987448649
FL,combined,1.0,weak,301,0.026111111111111113,-0.13529071103726156,0.4734042553191489,0.03468208092485549,0.12370979100894584,0.2100042507931644
FL,combined,1.0,weak,302,0.02666666666666667,-0.10555454773620199,0.4166666666666667,0.06217616580310881,0.12120355193924366,0.21125436349149676
FL,combined,1.0,weak,303,0.03,-0.15213090912306615,0.4861111111111111,0.038461538461538464,0.12977668019315705,0.22106353770959677
FL,combined,1.0,weak,304,0.02388888888888889,-0.10607030326234515,0.37790697674418605,0.018518518518518517,0.12339701432674473,0.21373476048051193
FL,combined,1.0,weak,305,0.030416666666666668,-0.14852333213325983,0.4931506849315068,0.08056872037914692,0.13310753173593529,0.22119419250682465
FL,combined,1.0,weak,306,0.030555555555555555,-0.1311539531359953,0.5363636363636364,0.03902439024390244,0.12842860892268917,0.22408582161663732
FL,combined,1.0,weak,307,0.030694444444444444,-0.13657398892430037,0.4298642533936652,0.047619047619047616,0.12818703199439926,0.22137596146885063
FL,combined,1.0,weak,308,0.030694444444444444,-0.14485509295637777,0.502262443438914,0.03980099502487562,0.120579881158751,0.2293438665421651
FL,combined,1.5,weak,301,0.050694444444444445,-0.2507142332005098,0.6164383561643836,0.0777479892761394,0.11473957397086221,0.3809835952492602
FL,combined,1.5,weak,302,0.052083333333333336,-0.2320132527423406,0.7066666666666667,0.15555555555555556,0.11506703161958261,0.3891415761207861
FL,combined,1.5,weak,303,0.05541666666666667,-0.2593273573608627,0.6967418546365914,0.11407766990291263,0.11458261132900686,0.42608446145779655
FL,combined,1.5,weak,304,0.05416666666666667,-0.26010361753792743,0.6666666666666666,0.12807881773399016,0.11805368444679255,0.4129953540997698
FL,combined,1.5,weak,305,0.05291666666666667,-0.2537669281165898,0.6666666666666666,0.14356435643564355,0.12512970549421043,0.3821874999782445
FL,combined,1.5,weak,306,0.04902777777777778,-0.22923883615474153,0.6402266288951841,0.12668463611859837,0.11746925666722746,0.36845113205316155
FL,combined,1.5,weak,307,0.04875,-0.24240606530407124,0.6353276353276354,0.09523809523809523,0.12081712633789986,0.36636379277323705
FL,combined,1.5,weak,308,0.051111111111111114,-0.21923611310815125,0.657608695652174,0.14910025706940874,0.12126910391195972,0.3606839347532967
FL,combined,2.0,weak,301,0.07583333333333334,-0.36706703819165315,0.7747252747252747,0.2118380062305296,0.11672185134617091,0.66617776059086
FL,combined,2.0,weak,302,0.06833333333333333,-0.30308639173645907,0.774390243902439,0.30368098159509205,0.11056973545923425,0.5907278771761798
FL,combined,2.0,weak,303,0.07458333333333333,-0.34594395370946085,0.8063314711359404,0.2109500805152979,0.11424697725435445,0.6206190313994953
FL,combined,2.0,weak,304,0.0751388888888889,-0.3510978208621507,0.7707948243992606,0.20287539936102236,0.11781390348382752,0.6416558646516336
FL,combined,2.0,weak,305,0.07458333333333333,-0.3639033310595555,0.8044692737430168,0.2260596546310832,0.12685914716648033,0.6124198931564735
FL,combined,2.0,weak,306,0.07388888888888889,-0.3450297644653918,0.7913533834586466,0.2222222222222222,0.11799030239556019,0.6436817051546575
FL,combined,2.0,weak,307,0.07458333333333333,-0.3415699807881276,0.8026070763500931,0.2370486656200942,0.11146270153199472,0.6263085154399471
FL,combined,2.0,weak,308,0.07319444444444445,-0.34649481537489946,0.7741935483870968,0.23501577287066247,0.11201062728191312,0.6045544371350942
FL,combined,2.5,weak,301,0.09083333333333334,-0.4230416588003203,0.8165137614678899,0.3336968375136314,0.11474913247504508,0.8300531677482083
FL,combined,2.5,weak,302,0.08388888888888889,-0.39702066744668474,0.8228476821192053,0.38706140350877194,0.11171719048988317,0.8171986125925976
FL,combined,2.5,weak,303,0.09097222222222222,-0.4269443297830946,0.8396946564885496,0.32781456953642385,0.1162760427353164,0.8712601410950208
FL,combined,2.5,weak,304,0.08833333333333333,-0.41525730333485056,0.85062893081761,0.3205574912891986,0.11692143519511831,0.8509353048272139
FL,combined,2.5,weak,305,0.09208333333333334,-0.4224052607765398,0.8461538461538461,0.3241758241758242,0.1181987537188725,0.8322655442545289
FL,combined,2.5,weak,306,0.08555555555555555,-0.413651181535185,0.862012987012987,0.3333333333333333,0.12152403680698232,0.7954431972202303
FL,combined,2.5,weak,307,0.08680555555555555,-0.4153849221332636,0.8288,0.3352402745995423,0.11483180161795468,0.8341391577893624
FL,combined,2.5,weak,308,0.08861111111111111,-0.4067600537312559,0.8087774294670846,0.3333333333333333,0.11224415731298615,0.7943080662576117
FL,combined,3.0,weak,301,0.09791666666666667,-0.466405379281687,0.8567375886524823,0.4336206896551724,0.1166236880859014,0.9313464424600619
FL,combined,3.0,weak,302,0.09458333333333334,-0.42835114196032975,0.8678414096916299,0.5148968678380443,0.11253130536537269,0.9285307171737515
FL,combined,3.0,weak,303,0.09694444444444444,-0.4477587868199164,0.83810888252149,0.457286432160804,0.11250256930994906,0.9440741432475238
FL,combined,3.0,weak,304,0.09625,-0.464220478195088,0.8614718614718615,0.4486626402070751,0.11676927325365766,0.9347263356641156
FL,combined,3.0,weak,305,0.0973611111111111,-0.46461480527058846,0.8487874465049928,0.4650582362728785,0.1194758797958343,0.9219240108092559
FL,combined,3.0,weak,306,0.09694444444444444,-0.4553396637537723,0.8510028653295129,0.46185737976782754,0.11339415292315486,0.9345683628087985
FL,combined,3.0,weak,307,0.09625,-0.46331716843277077,0.86002886002886,0.45952782462057334,0.11195466708964787,0.9414824910651302
FL,combined,3.0,weak,308,0.09555555555555556,-0.4520125466160223,0.8386627906976745,0.46867167919799496,0.11101386054642011,0.9181829841908213
FL,combined,3.5,weak,301,0.10361111111111111,-0.4807461455366964,0.853887399463807,0.5208044382801664,0.11587167874129678,0.9735262790291601
FL,combined,3.5,weak,302,0.09583333333333334,-0.44499207099677096,0.855072463768116,0.5869980879541109,0.10710826434704833,0.9700991299386676
FL,combined,3.5,weak,303,0.10208333333333333,-0.4791032648926988,0.8721088435374149,0.5247386759581881,0.11809667694747095,0.9800542005420053
FL,combined,3.5,weak,304,0.1,-0.4845000182295231,0.8833333333333333,0.5350631136044881,0.1194279985487532,0.9636177492649025
FL,combined,3.5,weak,305,0.10166666666666667,-0.4779158816029209,0.8292349726775956,0.5493991989319092,0.11922300670381336,0.9637834292761899
FL,combined,3.5,weak,306,0.09888888888888889,-0.46062238604735944,0.8581460674157303,0.5562289562289562,0.11816832995808751,0.9475182455706265
FL,combined,3.5,weak,307,0.10055555555555555,-0.47166359933688895,0.861878453038674,0.5371785962473941,0.11200073077701894,0.9735913750441852
FL,combined,3.5,weak,308,0.10055555555555555,-0.4774994941848214,0.8259668508287292,0.52586817859674,0.11390977406391646,0.9443227034251492
FL,combined,4.0,weak,301,0.10347222222222222,-0.4958633281060157,0.836241610738255,0.5782766990291263,0.1178950506657978,0.9734909508106423
FL,combined,4.0,weak,302,0.09861111111111111,-0.4594689590478039,0.852112676056338,0.6427415002698327,0.11161371739332863,0.9833333333333333
FL,combined,4.0,weak,303,0.10361111111111111,-0.4876105154165008,0.8605898123324397,0.5883748517200474,0.11549945525267091,0.9833333333333333
FL,combined,4.0,weak,304,0.10138888888888889,-0.4929334453851646,0.8712328767123287,0.5900846432889963,0.11360214264139094,0.970242738845631
FL,combined,4.0,weak,305,0.10319444444444445,-0.48640531144599675,0.8398384925975774,0.5884823035392921,0.11822777915165385,0.983429755649203
FL,combined,4.0,weak,306,0.10180555555555555,-0.47194784124070216,0.8526603001364257,0.6030534351145038,0.1166576479929247,0.9735481171319104
FL,combined,4.0,weak,307,0.10319444444444445,-0.4915121858995977,0.873485868102288,0.5906921241050119,0.11539358428204799,0.9933574879227054
FL,combined,4.0,weak,308,0.10472222222222222,-0.49680255808186696,0.8607427055702918,0.5843768634466309,0.11868683738473285,0.9866666666666667
FL,combined,5.0,weak,301,0.1076388888888889,-0.5144101273893634,0.84,0.6168969181721573,0.11517951135535348,0.9966666666666667
FL,combined,5.0,weak,302,0.10236111111111111,-0.47583322170802167,0.8534599728629579,0.6726755218216319,0.10946597830961625,0.9966666666666665
FL,combined,5.0,weak,303,0.10597222222222222,-0.49461832571619835,0.8636959370904325,0.6211477151965994,0.12196905827640044,1.0
FL,combined,5.0,weak,304,0.10472222222222222,-0.499504978245156,0.8660477453580901,0.631496062992126,0.11594626670155345,1.0
FL,combined,5.0,weak,305,0.10694444444444444,-0.513820892289841,0.8480519480519481,0.6121673003802282,0.11602825118343484,0.9966666666666667
FL,combined,5.0,weak,306,0.10416666666666667,-0.48449290982647486,0.852,0.6403915507470376,0.11372170064023805,0.9933333333333333
FL,combined,5.0,weak,307,0.10597222222222222,-0.4966592325607374,0.8335517693315858,0.6307531380753139,0.1134161456349921,0.9966666666666667
FL,combined,5.0,weak,308,0.10666666666666667,-0.4949133491855115,0.8255208333333334,0.62226957911561,0.1122242981510808,0.99
FL,combined,6.0,weak,301,0.10875,-0.518285098837693,0.8352490421455939,0.611140867702196,0.11535973409327595,1.0
FL,combined,6.0,weak,302,0.10472222222222222,-0.48497292624624816,0.8448275862068966,0.6680810938236681,0.11105581664851107,1.0
FL,combined,6.0,weak,303,0.10694444444444444,-0.5072213170384726,0.8506493506493507,0.6107784431137725,0.12388691427885619,1.0
FL,combined,6.0,weak,304,0.10597222222222222,-0.5080210145768946,0.8558322411533421,0.6275536930330016,0.11557806615742268,1.0
FL,combined,6.0,weak,305,0.10847222222222222,-0.510143576643112,0.8373879641485276,0.6071817192600653,0.1158417830197749,1.0
FL,combined,6.0,weak,306,0.1063888888888889,-0.49583463150177287,0.8511749347258486,0.6267087276550999,0.11399380883580158,0.9966666666666667
FL,combined,6.0,weak,307,0.1075,-0.5015924007287208,0.8307493540051679,0.61596548004315,0.11399178667499406,1.0
FL,combined,6.0,weak,308,0.1075,-0.5130473174167977,0.8501291989664083,0.6117455138662317,0.11072233927905752,1.0
IL,combined,0.0,medium,301,0.004166666666666667,0.018099373722812232,0.06666666666666667,0.2,0.2035834918478814,0.16327113297060447
IL,combined,0.0,medium,302,0.0033333333333333335,0.03540794761525112,0.0,0.08,0.2005448277046691,0.16143620266731995
IL,combined,0.0,medium,303,0.004583333333333333,0.04317528397900209,0.030303030303030304,0.06060606060606061,0.2019635791847949,0.1577774984391701
IL,combined,0.0,medium,304,0.0033333333333333335,0.05590226912587467,0.0,0.12,0.20002738452414412,0.17350765623480555
IL,combined,0.0,medium,305,0.005,0.008280010818793097,0.08333333333333333,0.10526315789473684,0.19878422658057138,0.1675580714575018
IL,combined,0.0,medium,306,0.0043055555555555555,0.09056187530354501,0.16129032258064516,0.037037037037037035,0.20234090017256842,0.16891806969256065
IL,combined,0.0,medium,307,0.0043055555555555555,0.06683699675469165,0.22580645161290322,0.1,0.19760169282731518,0.17346805658225728
IL,combined,0.0,medium,308,0.005,0.05547706542146545,0.05555555555555555,0.13157894736842105,0.20854656756928047,0.17058635124145163
IL,combined,0.5,medium,301,0.01,0.0323901504688444,0.2638888888888889,0.10294117647058823,0.16055806558895386,0.16072196789978027
IL,combined,0.5,medium,302,0.01,-0.006061042275276231,0.19444444444444445,0.13513513513513514,0.1544234390950366,0.15291130924948984
IL,combined,0.5,medium,303,0.009027777777777777,0.017821963297047577,0.18461538461538463,0.16883116883116883,0.16556037957734163,0.1586839227972853
IL,combined,0.5,medium,304,0.008472222222222223,0.04167671578371926,0.21311475409836064,0.06666666666666667,0.16532147855805654,0.1649176028099589
IL,combined,0.5,medium,305,0.01,0.010181316081716801,0.2361111111111111,0.17721518987341772,0.16038763153150143,0.16577605055081845
IL,combined,0.5,medium,306,0.008472222222222223,0.07302046650894489,0.19672131147540983,0.15625,0.16265515496223992,0.16920607023886566
IL,combined,0.5,medium,307,0.009027777777777777,0.03566553095021721,0.2153846153846154,0.0967741935483871,0.15663885585414122,0.16046315092080396
IL,combined,0.5,medium,308,0.010138888888888888,-0.007649634574302907,0.136986301369863,0.04411764705882353,0.16085044287145,0.15541089793653626
IL,combined,1.0,medium,301,0.015,-0.03337150488231668,0.2777777777777778,0.25984251968503935,0.13868531286277455,0.1632127055703931
IL,combined,1.0,medium,302,0.01986111111111111,-0.08449953724391962,0.42657342657342656,0.20958083832335328,0.11923687216571392,0.1739015269452808
IL,combined,1.0,medium,303,0.014861111111111111,-0.003114675095334012,0.3644859813084112,0.2962962962962963,0.13439769896122652,0.1579376948153307
IL,combined,1.0,medium,304,0.015694444444444445,-0.01965643131500422,0.36283185840707965,0.21374045801526717,0.12464525545205409,0.173206809033036
IL,combined,1.0,medium,305,0.015694444444444445,-0.04108932024545463,0.3185840707964602,0.2391304347826087,0.13368951193199605,0.1628900586108289
IL,combined,1.0,medium,306,0.014305555555555556,0.004564016137382821,0.2621359223300971,0.25,0.13194196814893344,0.1718508839217036
IL,combined,1.0,medium,307,0.016944444444444446,-0.036027843655358646,0.3442622950819672,0.1956521739130435,0.11940397760088856,0.17075378955269097
IL,combined,1.0,medium,308,0.015416666666666667,-0.01717152362565272,0.2702702702702703,0.2647058823529412,0.12748244871548045,0.17032540691060968
IL,combined,1.5,medium,301,0.02625,-0.10008720700907614,0.47619047619047616,0.41414141414141414,0.13158187516654135,0.19456325945514608
IL,combined,1.5,medium,302,0.027777777777777776,-0.10820602218670886,0.495,0.38943894389438943,0.11243362134095138,0.20136445376445208
IL,combined,1.5,medium,303,0.025833333333333333,-0.08863665473084736,0.4946236559139785,0.4318936877076412,0.13158269589526758,0.19005043504458358
IL,combined,1.5,medium,304,0.025277777777777777,-0.06680976272014112,0.45054945054945056,0.3694029850746269,0.11415906888449241,0.19064704057787002
IL,combined,1.5,medium,305,0.029166666666666667,-0.08477880660395903,0.5666666666666667,0.39672131147540984,0.1263918243759656,0.19540818299754373
IL,combined,1.5,medium,306,0.0225,-0.04364802204948979,0.41975308641975306,0.449438202247191,0.12465763687795983,0.1788911627934008
IL,combined,1.5,medium,307,0.030833333333333334,-0.1156970709793982,0.6351351351351351,0.3447098976109215,0.11484549802038224,0.2017003340935492
IL,combined,1.5,medium,308,0.025694444444444443,-0.05409562994359981,0.3945945945945946,0.40145985401459855,0.12033784300636714,0.18904455693803168
IL,combined,2.0,medium,301,0.04069444444444444,-0.17177815065184393,0.590443686006826,0.5256637168141592,0.12603532067123777,0.2814770556065565
IL,combined,2.0,medium,302,0.04819444444444444,-0.20325924257289474,0.6772334293948127,0.4885245901639344,0.1113312805231393,0.3309997989977371
IL,combined,2.0,medium,303,0.03916666666666667,-0.14229659808924147,0.6063829787234043,0.5302752293577981,0.12598012393717262,0.25623598314361223
IL,combined,2.0,medium,304,0.041944444444444444,-0.15130910559585245,0.6821192052980133,0.5396551724137931,0.1126286130316534,0.2716487861374176
IL,combined,2.0,medium,305,0.04416666666666667,-0.17015953606234255,0.6761006289308176,0.5052083333333334,0.12311875061712584,0.2914986423101193
IL,combined,2.0,medium,306,0.03166666666666667,-0.0897157963183576,0.47368421052631576,0.5954198473282443,0.1158878507251875,0.2094727030495464
IL,combined,2.0,medium,307,0.042916666666666665,-0.16846002440763388,0.6699029126213593,0.523972602739726,0.10930678917178886,0.2887403524610351
IL,combined,2.0,medium,308,0.03736111111111111,-0.12617547758964232,0.5427509293680297,0.5394495412844037,0.1205305684736631,0.23858023417960478
IL,combined,2.5,medium,301,0.06347222222222222,-0.268273897018683,0.7636761487964989,0.5942744323790721,0.12921166672825038,0.47483342378538396
IL,combined,2.5,medium,302,0.06291666666666666,-0.27139625634330194,0.7262693156732892,0.5992438563327032,0.10495196140965346,0.4981229818085842
IL,combined,2.5,medium,303,0.05444444444444444,-0.2042684235213384,0.6989795918367347,0.6392276422764228,0.11970029516868441,0.38115104237551395
IL,combined,2.5,medium,304,0.05722222222222222,-0.21291623711867966,0.7038834951456311,0.6302032913843175,0.12142217460868061,0.4275612278702663
IL,combined,2.5,medium,305,0.059305555555555556,-0.2288201474892886,0.7423887587822015,0.608955223880597,0.12273298468176391,0.43439073705417397
IL,combined,2.5,medium,306,0.0525,-0.1886122156238992,0.6640211640211641,0.6523955147808359,0.1278587696260659,0.3507330560641738
IL,combined,2.5,medium,307,0.058611111111111114,-0.23923534615954956,0.7322274881516587,0.6110552763819096,0.1080952643971687,0.4141998160632874
IL,combined,2.5,medium,308,0.05430555555555556,-0.21187158382881952,0.6854219948849105,0.6417604912998977,0.12191299770978692,0.3734256053355321
IL,combined,3.0,medium,301,0.08208333333333333,-0.34612084492697276,0.8003384094754653,0.6432786885245901,0.12717609382540054,0.7475061847640814
IL,combined,3.0,medium,302,0.08597222222222223,-0.35833476816975585,0.8012924071082391,0.6340673575129534,0.10851924079392634,0.8382321378560229
IL,combined,3.0,medium,303,0.07555555555555556,-0.29114323265642544,0.7922794117647058,0.6974327628361858,0.11894022976842582,0.624830019166591
IL,combined,3.0,medium,304,0.07527777777777778,-0.2794518065307061,0.7749077490774908,0.6905210295040803,0.12208441918359549,0.5961690505349141
IL,combined,3.0,medium,305,0.08458333333333333,-0.34098714096527827,0.8292282430213465,0.6479140328697851,0.12345479246284019,0.7819302050693563
IL,combined,3.0,medium,306,0.07180555555555555,-0.27630481161584247,0.804642166344294,0.7070263488080301,0.11846530528969301,0.5792540442372877
IL,combined,3.0,medium,307,0.07972222222222222,-0.33206378757045374,0.8031358885017421,0.6520314547837484,0.11352069574500644,0.7075598673160676
IL,combined,3.0,medium,308,0.07833333333333334,-0.3123429203488645,0.8262411347517731,0.6758664955070603,0.12401466287479657,0.6638297640464471
IL,combined,3.5,medium,301,0.09569444444444444,-0.3929082985449333,0.8447024673439768,0.6776149570490146,0.1261421939845571,0.9377391467794759
IL,combined,3.5,medium,302,0.09458333333333334,-0.40979709518860563,0.8502202643171806,0.6742886178861789,0.11005315617594491,0.9767991541943369
IL,combined,3.5,medium,303,0.09333333333333334,-0.39392471791945416,0.8675595238095238,0.7028324531925108,0.12039332472726844,0.9471779429835887
IL,combined,3.5,medium,304,0.09513888888888888,-0.3857213828444305,0.8598540145985402,0.6960500963391136,0.11837032162655403,0.9473950106870018
IL,combined,3.5,medium,305,0.09527777777777778,-0.39030706328954096,0.8556851311953353,0.6835,0.11471325576299703,0.9540404460061022
IL,combined,3.5,medium,306,0.09277777777777778,-0.35848917427646027,0.8083832335329342,0.7176684881602914,0.11266084079252232,0.8871154973092109
IL,combined,3.5,medium,307,0.09791666666666667,-0.41250726059307674,0.849645390070922,0.6829388560157791,0.1047816487546858,0.9604285086893783
IL,combined,3.5,medium,308,0.09541666666666666,-0.3906411229235859,0.8544395924308588,0.6888780009799118,0.12376613946402977,0.9505294991426511
IL,combined,4.0,medium,301,0.1025,-0.4255045125899334,0.8712737127371274,0.7074422583404619,0.12345317494910842,0.9866923076923076
IL,combined,4.0,medium,302,0.0973611111111111,-0.4298371715192922,0.8530670470756063,0.7094356261022927,0.10741074054143636,0.9734803921568628
IL,combined,4.0,medium,303,0.09847222222222222,-0.4171844512246581,0.8688293370944993,0.7299630086313194,0.12143181549400789,0.9835501355013551
IL,combined,4.0,medium,304,0.10069444444444445,-0.40468981191701253,0.8537931034482759,0.7218570254724733,0.12359906001417287,1.0
IL,combined,4.0,medium,305,0.09944444444444445,-0.41677035010766017,0.8868715083798883,0.7119448037947391,0.11986585221490727,0.9867450980392156
IL,combined,4.0,medium,306,0.09902777777777778,-0.39427058956845934,0.8555399719495091,0.7408131352619234,0.12132224694964931,0.9767665079365079
IL,combined,4.0,medium,307,0.10222222222222223,-0.42457743784358287,0.8682065217391305,0.706318082788671,0.1091644260831343,0.9933333333333333
IL,combined,4.0,medium,308,0.09986111111111111,-0.40283373457897476,0.8609179415855355,0.7331711273317113,0.12113143874263828,0.9735639334632739
IL,combined,5.0,medium,301,0.1063888888888889,-0.45740598364306356,0.8681462140992167,0.7192842942345924,0.12375720539244316,0.9966666666666667
IL,combined,5.0,medium,302,0.10097222222222223,-0.44765458066970826,0.8583218707015131,0.7244283995186522,0.10591234014212553,1.0
IL,combined,5.0,medium,303,0.10555555555555556,-0.4296715359903281,0.8723684210526316,0.7432629278951202,0.12329699757894512,1.0
IL,combined,5.0,medium,304,0.10444444444444445,-0.4414995948054547,0.875,0.7395872420262665,0.12412749499269753,0.9966666666666667
IL,combined,5.0,medium,305,0.10305555555555555,-0.4293145289710092,0.8477088948787062,0.7397671798723244,0.11724151915317509,0.9966666666666667
IL,combined,5.0,medium,306,0.10416666666666667,-0.4179267116609123,0.8813333333333333,0.7631847567199728,0.11943108105442886,0.9933333333333333
IL,combined,5.0,medium,307,0.10527777777777778,-0.4561558682645901,0.8812664907651715,0.7311248073959938,0.10955788130732723,1.0
IL,combined,5.0,medium,308,0.10472222222222222,-0.4294540701059315,0.8408488063660478,0.7487382840663303,0.12098265738180956,0.9933333333333333
IL,combined,6.0,medium,301,0.10986111111111112,-0.46490626287446324,0.8621997471554994,0.7054794520547946,0.12213206145191931,1.0
IL,combined,6.0,medium,302,0.10486111111111111,-0.45701272716591607,0.8543046357615894,0.7142857142857143,0.10599487921717726,1.0
IL,combined,6.0,medium,303,0.10777777777777778,-0.44491824722879936,0.8646907216494846,0.735973597359736,0.11997964562053087,1.0
IL,combined,6.0,medium,304,0.1076388888888889,-0.4554985148694629,0.8529032258064516,0.7219025700038358,0.12280343869643955,1.0
IL,combined,6.0,medium,305,0.10597222222222222,-0.45600872778623386,0.8610747051114024,0.7155413503795446,0.12145523944476926,0.9966666666666667
IL,combined,6.0,medium,306,0.10791666666666666,-0.4505292465773835,0.8906048906048906,0.7450284090909091,0.12822671250808534,1.0
IL,combined,6.0,medium,307,0.10791666666666666,-0.4614064502249721,0.8571428571428571,0.7221362229102167,0.10935476108937986,1.0
IL,combined,6.0,medium,308,0.10777777777777778,-0.44922291143218934,0.875,0.7341725286930766,0.11327006341071354,0.9966666666666667
IL,combined,0.0,strong,301,0.004722222222222222,0.028886859029129325,0.058823529411764705,0.09375,0.20722168538479954,0.17255986702920467
IL,combined,0.0,strong,302,0.005555555555555556,-0.01303241399680547,0.05,0.07894736842105263,0.19710353175668738,0.16738404703176626
IL,combined,0.0,strong,303,0.004027777777777778,0.041483447998854346,0.1724137931034483,0.0,0.2037037727230814,0.17682513860009968
IL,combined,0.0,strong,304,0.003472222222222222,0.07108978014722435,0.08,0.11538461538461539,0.2015164702332317,0.18148866018213325
IL,combined,0.0,strong,305,0.004722222222222222,0.024329456995993762,0.029411764705882353,0.06060606060606061,0.20037765508780003,0.18356602424652124
IL,combined,0.0,strong,306,0.003472222222222222,0.030815139582683518,0.0,0.15384615384615385,0.20462929173035557,0.17925971677773755
IL,combined,0.0,strong,307,0.0059722222222222225,0.0208334768632074,0.13953488372093023,0.05128205128205128,0.19765357868255765,0.17019606308847918
IL,combined,0.0,strong,308,0.0043055555555555555,0.03928481602170963,0.0967741935483871,0.06451612903225806,0.19621696726459062,0.168036304655909
IL,combined,0.5,strong,301,0.010833333333333334,-0.035442051704178676,0.2692307692307692,0.1282051282051282,0.16747673056031687,0.1732841385387476
IL,combined,0.5,strong,302,0.01,0.020104002119692523,0.16666666666666666,0.08450704225352113,0.1559216224884646,0.15591922666097446
IL,combined,0.5,strong,303,0.008055555555555555,0.05768197572284057,0.1896551724137931,0.11290322580645161,0.16870913464864543,0.16385225750999613
IL,combined,0.5,strong,304,0.006388888888888889,0.02279603562264757,0.15217391304347827,0.16,0.16322840713224052,0.17589270698709633
IL,combined,0.5,strong,305,0.010972222222222222,-0.0035404163074643363,0.27848101265822783,0.10975609756097561,0.15962130727072438,0.17030933442547141
IL,combined,0.5,strong,306,0.0075,0.05868062964080408,0.18518518518518517,0.22580645161290322,0.16844323068580044,0.17656155143229454
IL,combined,0.5,strong,307,0.009305555555555555,0.019732963960819774,0.11940298507462686,0.10344827586206896,0.1583465064820709,0.16400076475012337
IL,combined,0.5,strong,308,0.00986111111111111,0.02518628694748429,0.22535211267605634,0.12162162162162163,0.15930891950717,0.17161101836595638
IL,combined,1.0,strong,301,0.015555555555555555,-0.05797168987241173,0.30357142857142855,0.3157894736842105,0.13187195562205511,0.17224854937835046
IL,combined,1.0,strong,302,0.020972222222222222,-0.08852107069913485,0.4105960264900662,0.21142857142857144,0.11941987403448547,0.17566392022445554
IL,combined,1.0,strong,303,0.016805555555555556,-0.02143043631138263,0.33884297520661155,0.3353658536585366,0.13899820363433413,0.1733947258093205
IL,combined,1.0,strong,304,0.01597222222222222,-0.03429581265372919,0.3217391304347826,0.2536231884057971,0.12540375030969855,0.18329574829415662
IL,combined,1.0,strong,305,0.017361111111111112,-0.04744752364688334,0.344,0.267515923566879,0.1325143623741105,0.17029198837995427
IL,combined,1.0,strong,306,0.01611111111111111,-0.010589444399177226,0.4051724137931034,0.27941176470588236,0.13163328930808102,0.16889342084114825
IL,combined,1.0,strong,307,0.01888888888888889,-0.04103298496646943,0.4264705882352941,0.28994082840236685,0.1262073230267611,0.17606579174604056
IL,combined,1.0,strong,308,0.017638888888888888,-0.047281310377800985,0.3543307086614173,0.26875,0.1300342687501402,0.17593373665644718
IL,combined,1.5,strong,301,0.029583333333333333,-0.10334836344899986,0.49765258215962443,0.4540229885057471,0.1350378627758624,0.2110531424118605
IL,combined,1.5,strong,302,0.030416666666666668,-0.13290176593226558,0.5159817351598174,0.3783783783783784,0.1129008565031009,0.21053135119412858
IL,combined,1.5,strong,303,0.02652777777777778,-0.08674830412249253,0.38219895287958117,0.4740061162079511,0.13293342874604794,0.19072301349922133
IL,combined,1.5,strong,304,0.02625,-0.09650107708307831,0.48148148148148145,0.4789156626506024,0.11420820099165548,0.19519412759744165
IL,combined,1.5,strong,305,0.028333333333333332,-0.08710956394718647,0.5,0.45535714285714285,0.1311499236712633,0.19826224447819732
IL,combined,1.5,strong,306,0.02263888888888889,-0.052048104061395095,0.4171779141104294,0.4861111111111111,0.1211235350506278,0.17900928041428774
IL,combined,1.5,strong,307,0.03,-0.10792847739553195,0.5740740740740741,0.4230769230769231,0.11336622449936766,0.20096343112460416
IL,combined,1.5,strong,308,0.025416666666666667,-0.10788119640176111,0.4644808743169399,0.45980707395498394,0.11600057655070965,0.20380854764899103
IL,combined,2.0,strong,301,0.043194444444444445,-0.18199573529537316,0.6591639871382636,0.5688350983358548,0.11893026530494517,0.3022403848913815
IL,combined,2.0,strong,302,0.04861111111111111,-0.21688000475047245,0.6542857142857142,0.5657534246575342,0.11184230498164471,0.35363338002622013
IL,combined,2.0,strong,303,0.03958333333333333,-0.15192714539194918,0.5789473684210527,0.6049004594180705,0.12766709818552444,0.2683901295625354
IL,combined,2.0,strong,304,0.03902777777777778,-0.1314727216985145,0.6334519572953736,0.5877616747181964,0.11845898152379696,0.25064419934913945
IL,combined,2.0,strong,305,0.04513888888888889,-0.16509670929591083,0.6953846153846154,0.577485380116959,0.12750666374305614,0.29458446455350623
IL,combined,2.0,strong,306,0.03361111111111111,-0.11935185372651444,0.6074380165289256,0.6157804459691252,0.11848119053883154,0.24227711843413802
IL,combined,2.0,strong,307,0.042222222222222223,-0.15340898046467402,0.6907894736842105,0.5795981452859351,0.11504742393880107,0.2693929773459659
IL,combined,2.0,strong,308,0.03930555555555556,-0.14527631189604245,0.6431095406360424,0.5721476510067114,0.12814298203276162,0.24810703609399662
IL,combined,2.5,strong,301,0.06402777777777778,-0.2632005306586773,0.7592190889370932,0.6493399339933993,0.12488532305346829,0.4869129010424564
IL,combined,2.5,strong,302,0.06791666666666667,-0.29262323400881357,0.7668711656441718,0.6323051948051948,0.11130878572015353,0.5596500756328974
IL,combined,2.5,strong,303,0.05555555555555555,-0.21512926553878978,0.7175,0.6903765690376569,0.12075396685301397,0.397560645902908
IL,combined,2.5,strong,304,0.06430555555555556,-0.260353501311875,0.7775377969762419,0.6461148648648649,0.12504407092763814,0.47528808416926427
IL,combined,2.5,strong,305,0.06430555555555556,-0.24389856394934098,0.7386609071274298,0.6547522339561332,0.12688590174825917,0.49286369313603806
IL,combined,2.5,strong,306,0.05138888888888889,-0.18514028313332292,0.6891891891891891,0.7009847806624888,0.11888889827001604,0.35689159477973786
IL,combined,2.5,strong,307,0.059305555555555556,-0.2358556769751682,0.7447306791569087,0.6618025751072961,0.11025411664379496,0.4099698618484189
IL,combined,2.5,strong,308,0.05555555555555555,-0.2177078164644139,0.725,0.6792287467134093,0.12761639398866784,0.3813377644466404
IL,combined,3.0,strong,301,0.08291666666666667,-0.34109873374343935,0.8090452261306532,0.6714116251482799,0.12655301690982565,0.7723986994973461
IL,combined,3.0,strong,302,0.08875,-0.3998040986596413,0.837245696400626,0.6707520891364902,0.11074658510653297,0.9290178760245965
IL,combined,3.0,strong,303,0.08013888888888888,-0.3387122790368856,0.8162911611785095,0.7083104017611448,0.12139216932623505,0.7298118719994728
IL,combined,3.0,strong,304,0.08,-0.31263315881350384,0.7986111111111112,0.703037120359955,0.12650183897727377,0.702770620437773
IL,combined,3.0,strong,305,0.08847222222222222,-0.3754537733155204,0.8524332810047096,0.6670500287521565,0.12402497891025606,0.8626121824592553
IL,combined,3.0,strong,306,0.0751388888888889,-0.2975497842020316,0.7929759704251387,0.7202247191011236,0.1162456136199043,0.6596115534502651
IL,combined,3.0,strong,307,0.08388888888888889,-0.34477790775475775,0.8079470198675497,0.6816885339418141,0.109127130925653,0.7668359747248235
IL,combined,3.0,strong,308,0.07902777777777778,-0.3145326168378162,0.836555360281195,0.7054131054131054,0.12091019359868055,0.6544062167456342
IL,combined,3.5,strong,301,0.09805555555555556,-0.4063851007594486,0.8611898016997167,0.6924163918982572,0.12345145215039897,0.9668881586953876
IL,combined,3.5,strong,302,0.09375,-0.4236245299758093,0.88,0.6921587608906099,0.10654580072266255,0.986759259259259
IL,combined,3.5,strong,303,0.09625,-0.3888550261841735,0.8556998556998557,0.7257019438444925,0.12469438832559687,0.9800608761292523
IL,combined,3.5,strong,304,0.0961111111111111,-0.3840118019564528,0.8684971098265896,0.7158687943262412,0.1233491851977662,0.9638150048875856
IL,combined,3.5,strong,305,0.0961111111111111,-0.40652303739352497,0.8598265895953757,0.7088607594936709,0.12259167273242516,0.99
IL,combined,3.5,strong,306,0.095,-0.3761407417327405,0.8596491228070176,0.731862537123462,0.11483548161884792,0.9411408829028526
IL,combined,3.5,strong,307,0.09777777777777778,-0.40069102998975414,0.8451704545454546,0.6976958525345622,0.10399342286840561,0.9769202702171951
IL,combined,3.5,strong,308,0.09819444444444445,-0.40427311508595987,0.8500707213578501,0.7089852481001341,0.12212971354716386,0.98337899543379
IL,combined,4.0,strong,301,0.10277777777777777,-0.4355055911736304,0.8689189189189189,0.7191103789126854,0.12830657336154794,1.0
IL,combined,4.0,strong,302,0.09833333333333333,-0.42653432054171236,0.8629943502824858,0.7225457570715474,0.10955280582998073,0.99
IL,combined,4.0,strong,303,0.09861111111111111,-0.4089088980370679,0.8859154929577465,0.7364152473641524,0.12532233553780084,0.9900653594771242
IL,combined,4.0,strong,304,0.09958333333333333,-0.4115279597638979,0.8800557880055788,0.732637494981935,0.1202340008945233,0.9933333333333333
IL,combined,4.0,strong,305,0.09944444444444445,-0.4121152394273749,0.8645251396648045,0.7255871446229913,0.12035796773152295,0.9966666666666667
IL,combined,4.0,strong,306,0.09805555555555556,-0.39929794216224795,0.8923512747875354,0.7526395173453997,0.11817458179883446,0.99
IL,combined,4.0,strong,307,0.10152777777777777,-0.42583347878987843,0.8714090287277702,0.7233597994149603,0.10721169078751379,0.9834007779659953
IL,combined,4.0,strong,308,0.10041666666666667,-0.4135412872721707,0.8852005532503457,0.7446483180428135,0.11715758880881212,0.986691542288557
IL,combined,5.0,strong,301,0.10597222222222222,-0.4565578056140744,0.8676277850589778,0.7243940578577013,0.12246022526226187,0.9966666666666667
IL,combined,5.0,strong,302,0.10138888888888889,-0.45022083550696296,0.836986301369863,0.7265500794912559,0.10672548723900858,0.9966666666666665
IL,combined,5.0,strong,303,0.10527777777777778,-0.42288328305833683,0.8601583113456465,0.7500893814801574,0.12592535489996395,1.0
IL,combined,5.0,strong,304,0.10527777777777778,-0.4382666619072989,0.8812664907651715,0.7452898550724638,0.12225190675125243,1.0
IL,combined,5.0,strong,305,0.10430555555555555,-0.434711867684907,0.8655126498002663,0.7385767790262172,0.11735041052443757,0.9933333333333333
IL,combined,5.0,strong,306,0.10569444444444444,-0.42567112302955773,0.8843626806833115,0.7621786197564276,0.11827989767051907,1.0
IL,combined,5.0,strong,307,0.10527777777777778,-0.45694769462763396,0.8654353562005277,0.7306953515174799,0.11548676489917414,1.0
IL,combined,5.0,strong,308,0.10611111111111111,-0.42400533149506675,0.8612565445026178,0.75,0.12008751313458295,1.0
IL,combined,6.0,strong,301,0.10847222222222222,-0.4605338670663163,0.8501920614596671,0.7105994442238984,0.12369873462280717,1.0
IL,combined,6.0,strong,302,0.10430555555555555,-0.45394843936445334,0.844207723035952,0.7154997976527722,0.1061892815751402,1.0
IL,combined,6.0,strong,303,0.10791666666666666,-0.44697293505366165,0.8635778635778636,0.7322160148975791,0.11966562344529486,1.0
IL,combined,6.0,strong,304,0.1075,-0.45461633918631794,0.8643410852713178,0.7226923076923077,0.11736233848793283,1.0
IL,combined,6.0,strong,305,0.1063888888888889,-0.4547869928347583,0.8720626631853786,0.716323296354992,0.11918998573880207,1.0
IL,combined,6.0,strong,306,0.10708333333333334,-0.43217749862705257,0.8832684824902723,0.7451050195799217,0.12429176125152074,1.0
IL,combined,6.0,strong,307,0.10958333333333334,-0.4556201867333378,0.8732572877059569,0.7185328185328186,0.11061077011374792,1.0
IL,combined,6.0,strong,308,0.10722222222222222,-0.45708624100739853,0.8575129533678757,0.7254677357770142,0.11660773483378832,1.0
IL,combined,0.0,weak,301,0.00375,-0.006579542199315657,0.0,0.13793103448275862,0.20583100669842355,0.1628372620464315
IL,combined,0.0,weak,302,0.003611111111111111,0.023851062852867456,0.07692307692307693,0.0,0.19948458939985472,0.16054924327014666
IL,combined,0.0,weak,303,0.004166666666666667,0.07367345600680947,0.1,0.07407407407407407,0.19807262127684977,0.1662823886908301
IL,combined,0.0,weak,304,0.003472222222222222,0.09637806221368526,0.08,0.15384615384615385,0.20044255764284888,0.17111290560971046
IL,combined,0.0,weak,305,0.0031944444444444446,0.06811668826888755,0.08695652173913043,0.08333333333333333,0.20017394186130533,0.16136062936159098
IL,combined,0.0,weak,306,0.0033333333333333335,0.1565513676505258,0.0,0.125,0.2136318613315772,0.15827858891729116
IL,combined,0.0,weak,307,0.004166666666666667,0.040399945602199866,0.1,0.03571428571428571,0.19810316628592298,0.15791759016932624
IL,combined,0.0,weak,308,0.005416666666666667,0.04498171738276353,0.1282051282051282,0.029411764705882353,0.20727314587103193,0.15925649390515798
IL,combined,0.5,weak,301,0.009583333333333333,0.02449376600126022,0.2028985507246377,0.12162162162162163,0.16132672284483074,0.15986389126446204
IL,combined,0.5,weak,302,0.009027777777777777,0.03351493908470941,0.2153846153846154,0.07692307692307693,0.15542711625096586,0.16034490337203186
IL,combined,0.5,weak,303,0.0077777777777777776,0.0503162412863596,0.10714285714285714,0.12280701754385964,0.16991112187971388,0.15614572178680958
IL,combined,0.5,weak,304,0.007638888888888889,0.045127510950549635,0.21818181818181817,0.04,0.16304229200556464,0.16184649791784295
IL,combined,0.5,weak,305,0.0077777777777777776,0.0203093670092836,0.21428571428571427,0.10526315789473684,0.1604292452042696,0.15333694257340078
IL,combined,0.5,weak,306,0.007083333333333333,0.0595842541505084,0.13725490196078433,0.12727272727272726,0.16769334747741582,0.15492617453224966
IL,combined,0.5,weak,307,0.01125,0.011887928460841935,0.2716049382716049,0.0136986301369863,0.1535418171895764,0.15683147345861695
IL,combined,0.5,weak,308,0.008472222222222223,0.06424382558549785,0.16393442622950818,0.05172413793103448,0.1641839672268355,0.16158543599978265
IL,combined,1.0,weak,301,0.017361111111111112,-0.002685068950804662,0.368,0.19852941176470587,0.13663043440024714,0.1583121173205457
IL,combined,1.0,weak,302,0.018055555555555554,-0.03477541696672252,0.38461538461538464,0.16312056737588654,0.12035274137199849,0.16226577514559526
IL,combined,1.0,weak,303,0.01597222222222222,-0.04895963179413832,0.34782608695652173,0.22962962962962963,0.1317407969386645,0.16587334045824784
IL,combined,1.0,weak,304,0.01597222222222222,-0.02143135267498016,0.25217391304347825,0.21374045801526717,0.12844886733510208,0.16637640219238864
IL,combined,1.0,weak,305,0.015277777777777777,-0.011666445740204302,0.36363636363636365,0.27007299270072993,0.12607011117306607,0.16259907304494278
IL,combined,1.0,weak,306,0.015416666666666667,-0.021648217604056125,0.2972972972972973,0.26666666666666666,0.14030819301385547,0.16762631255282823
IL,combined,1.0,weak,307,0.016527777777777777,-0.05255718186921163,0.31932773109243695,0.20437956204379562,0.12289572873770166,0.15848076737684372
IL,combined,1.0,weak,308,0.015694444444444445,0.0022234201239388625,0.25663716814159293,0.17073170731707318,0.13865217092782745,0.16012811573176508
IL,combined,1.5,weak,301,0.025972222222222223,-0.06218996074341489,0.4117647058823529,0.38181818181818183,0.1314409571063788,0.1866201114996058
IL,combined,1.5,weak,302,0.028055555555555556,-0.10403989419095036,0.4603960396039604,0.3188405797101449,0.11020062630840409,0.20312000683524112
IL,combined,1.5,weak,303,0.026805555555555555,-0.0796802620564571,0.42487046632124353,0.37943262411347517,0.13993877249371536,0.19763602787257795
IL,combined,1.5,weak,304,0.02486111111111111,-0.05299212677275625,0.43575418994413406,0.350597609561753,0.11946188604231417,0.18880440909310767
IL,combined,1.5,weak,305,0.02638888888888889,-0.06224245965318773,0.3473684210526316,0.34962406015037595,0.12847066655333506,0.19387655491463585
IL,combined,1.5,weak,306,0.023055555555555555,-0.04811599816291435,0.4457831325301205,0.37398373983739835,0.13467642196932383,0.1829420894114159
IL,combined,1.5,weak,307,0.025833333333333333,-0.06041550698039677,0.4032258064516129,0.3117408906882591,0.11830682275896642,0.1903963876210652
IL,combined,1.5,weak,308,0.02625,-0.06255738515065244,0.4497354497354497,0.32231404958677684,0.11834574697334532,0.18151589851713212
IL,combined,2.0,weak,301,0.04111111111111111,-0.15873087758548213,0.5945945945945946,0.46484375,0.12463132590778103,0.266742136461824
IL,combined,2.0,weak,302,0.042777777777777776,-0.1519690763486986,0.5811688311688312,0.4442231075697211,0.1167304944229688,0.2854023982078426
IL,combined,2.0,weak,303,0.03611111111111111,-0.11077551852945064,0.5576923076923077,0.511340206185567,0.12070251139196965,0.22868721750388982
IL,combined,2.0,weak,304,0.03986111111111111,-0.1370226493236931,0.6445993031358885,0.48296593186372744,0.12536091949758027,0.2586657778748318
IL,combined,2.0,weak,305,0.04097222222222222,-0.13675872181838253,0.6033898305084746,0.4681274900398406,0.12609516959035158,0.26751396832363905
IL,combined,2.0,weak,306,0.034027777777777775,-0.08989305545585455,0.5346938775510204,0.54375,0.1239825971983168,0.21772529232214385
IL,combined,2.0,weak,307,0.03916666666666667,-0.1427028569528912,0.5531914893617021,0.45588235294117646,0.11711780138900214,0.2590335253722424
IL,combined,2.0,weak,308,0.03680555555555556,-0.11896773921151083,0.5584905660377358,0.5122448979591837,0.1219355165590154,0.21570755228256094
IL,combined,2.5,weak,301,0.05736111111111111,-0.22072347922951488,0.7312348668280871,0.5668571428571428,0.12389142311173544,0.39237918037961894
IL,combined,2.5,weak,302,0.06,-0.25166076997436815,0.75,0.543757292882147,0.10601298348644368,0.4678278466706891
IL,combined,2.5,weak,303,0.05402777777777778,-0.218225148499978,0.6658097686375322,0.5859284890426759,0.12342216772041636,0.4158912124298829
IL,combined,2.5,weak,304,0.05694444444444444,-0.20721527748030724,0.7048780487804878,0.5615474794841735,0.12828698194438762,0.4134175648767698
IL,combined,2.5,weak,305,0.05652777777777778,-0.2052934977376847,0.6732186732186732,0.5662790697674419,0.12270410900548628,0.396348610590273
IL,combined,2.5,weak,306,0.04847222222222222,-0.14924595515737982,0.6361031518624641,0.6242568370986921,0.11838784616458371,0.306700648138432
IL,combined,2.5,weak,307,0.06027777777777778,-0.2417884121328302,0.7465437788018433,0.5511363636363636,0.10757955571635532,0.4440842253606204
IL,combined,2.5,weak,308,0.05333333333333334,-0.19059853618083164,0.6927083333333334,0.5939675174013921,0.12728916831134174,0.35037692828894007
IL,combined,3.0,weak,301,0.07736111111111112,-0.30885296258717343,0.7881508078994613,0.6325648414985591,0.12589464571868644,0.6289407586001616
IL,combined,3.0,weak,302,0.07972222222222222,-0.3454961572599563,0.8066202090592335,0.6073260073260073,0.10909928023417144,0.7522037194866237
IL,combined,3.0,weak,303,0.07180555555555555,-0.28110345369288264,0.7872340425531915,0.66991643454039,0.11835867469236648,0.5951442897352541
IL,combined,3.0,weak,304,0.07694444444444444,-0.29422591132320186,0.8014440433212996,0.6270310192023634,0.12488135243413269,0.653137670811777
IL,combined,3.0,weak,305,0.08125,-0.33482733829613875,0.8290598290598291,0.6007326007326007,0.12226660040823645,0.7381724491480268
IL,combined,3.0,weak,306,0.06236111111111111,-0.2135763562729929,0.7149220489977728,0.707977207977208,0.11745349041923892,0.43314106714302963
IL,combined,3.0,weak,307,0.0798611111111111,-0.3361192256665899,0.8295652173913044,0.6107828655834564,0.11220240738023264,0.6972353083589504
IL,combined,3.0,weak,308,0.07361111111111111,-0.2937900486651211,0.7886792452830189,0.6576704545454546,0.12163917682626213,0.5571720851063002
IL,combined,3.5,weak,301,0.09347222222222222,-0.4023893799052729,0.8647845468053492,0.6385681293302541,0.1269796522960436,0.9026350102981507
IL,combined,3.5,weak,302,0.09041666666666667,-0.40930796761436955,0.8417818740399385,0.6432748538011696,0.1075027331106564,0.9216348268159268
IL,combined,3.5,weak,303,0.09041666666666667,-0.3664291772774357,0.8248847926267281,0.6749729144095341,0.11879755333722415,0.8961954604309615
IL,combined,3.5,weak,304,0.09222222222222222,-0.3613163629544036,0.8253012048192772,0.6732409381663113,0.12341059282397053,0.9029384909931104
IL,combined,3.5,weak,305,0.09097222222222222,-0.36991379578469125,0.8198473282442749,0.6764236295902075,0.12192898186813272,0.8907631761408724
IL,combined,3.5,weak,306,0.08861111111111111,-0.3569946890346652,0.8683385579937304,0.6953846153846154,0.11856652888040305,0.8320879116913825
IL,combined,3.5,weak,307,0.09361111111111112,-0.3803144262832838,0.8397626112759644,0.6655844155844156,0.10659000716779753,0.8998006179045416
IL,combined,3.5,weak,308,0.09152777777777778,-0.36196777258330715,0.8452200303490136,0.6833245660178853,0.11872554720837375,0.8468344946953156
IL,combined,4.0,weak,301,0.09916666666666667,-0.4121469469269738,0.8501400560224089,0.7009892086330936,0.12738068028619096,0.9603873687833417
IL,combined,4.0,weak,302,0.0975,-0.4251252887775183,0.8490028490028491,0.6860687022900763,0.10934013541640068,0.9669168375814229
IL,combined,4.0,weak,303,0.09777777777777778,-0.39859684961217384,0.8565340909090909,0.7202406532015471,0.12429038712142854,0.9603537125175122
IL,combined,4.0,weak,304,0.09833333333333333,-0.4069171471810497,0.8714689265536724,0.709706144256456,0.11974724651558466,0.9734358974358974
IL,combined,4.0,weak,305,0.09916666666666667,-0.40370921652030056,0.8739495798319328,0.6990424076607387,0.11920701971266019,0.9669451951051057
IL,combined,4.0,weak,306,0.0973611111111111,-0.4047573721517969,0.8559201141226819,0.7177033492822966,0.12323236306269975,0.9602912176560122
IL,combined,4.0,weak,307,0.10083333333333333,-0.4278029266374024,0.8829201101928374,0.7024977698483497,0.10967446794561503,0.980088959585248
IL,combined,4.0,weak,308,0.09986111111111111,-0.3965303033531956,0.866481223922114,0.7226185480486781,0.12065440374485004,0.9636372318542463
IL,combined,5.0,weak,301,0.10611111111111111,-0.4489021505638122,0.8586387434554974,0.7223740726278798,0.1264711771862813,0.9966666666666667
IL,combined,5.0,weak,302,0.10166666666666667,-0.4402631332217362,0.8538251366120219,0.7201797385620915,0.10551458742489396,0.9933333333333333
IL,combined,5.0,weak,303,0.10347222222222222,-0.43452657625321445,0.8832214765100671,0.7367223065250379,0.12097215911294575,0.9933333333333333
IL,combined,5.0,weak,304,0.105,-0.437814537772481,0.8783068783068783,0.7330798479087453,0.12436303787404925,1.0
IL,combined,5.0,weak,305,0.10388888888888889,-0.43454083923596243,0.8542780748663101,0.7294440093970243,0.11882455323859914,0.9966666666666667
IL,combined,5.0,weak,306,0.10388888888888889,-0.41954102829405915,0.893048128342246,0.7576495132127955,0.11996685692692687,0.9900198412698413
IL,combined,5.0,weak,307,0.105,-0.4522924597831755,0.8783068783068783,0.7254516889238021,0.10872727835898616,0.9933739837398373
IL,combined,5.0,weak,308,0.1063888888888889,-0.430357389301319,0.881201044386423,0.746862674793833,0.11611177539604128,0.9933333333333333
IL,combined,6.0,weak,301,0.10888888888888888,-0.4629586214866921,0.8533163265306123,0.706661316211878,0.12257870976201096,0.9933333333333333
IL,combined,6.0,weak,302,0.10486111111111111,-0.4640315305648951,0.8635761589403973,0.7095980311730927,0.10629557672758438,1.0
IL,combined,6.0,weak,303,0.10708333333333334,-0.4493700898128719,0.8599221789883269,0.7324101796407185,0.11974664213252227,1.0
IL,combined,6.0,weak,304,0.10847222222222222,-0.44677367526524775,0.8770806658130602,0.7240061162079511,0.11908145913717265,0.9966666666666667
IL,combined,6.0,weak,305,0.10694444444444444,-0.45388574519863767,0.8493506493506493,0.7137161084529505,0.12241738299837301,0.9966666666666667
IL,combined,6.0,weak,306,0.10666666666666667,-0.4472247091327512,0.8776041666666666,0.7441609773625584,0.1275422735710521,1.0
IL,combined,6.0,weak,307,0.10902777777777778,-0.45407635703220517,0.8662420382165605,0.716248037676609,0.11099239654405285,1.0
IL,combined,6.0,weak,308,0.10777777777777778,-0.44995268818134176,0.865979381443299,0.7277208949563898,0.11568200047694822,0.9966666666666667
MA,combined,0.0,medium,301,0.0044444444444444444,0.1375773277788071,0.0625,0.03571428571428571,0.1944702079782725,0.16327113297060447
MA,combined,0.0,medium,302,0.0038888888888888888,0.09069575878886989,0.0,0.07142857142857142,0.2016386901879189,0.16143620266731995
MA,combined,0.0,medium,303,0.0038888888888888888,0.06974479496759801,0.0,0.16129032258064516,0.20574507192154254,0.1577774984391701
MA,combined,0.0,medium,304,0.004027777777777778,0.07474806518080836,0.034482758620689655,0.13333333333333333,0.20182602221152002,0.17350765623480555
MA,combined,0.0,medium,305,0.0044444444444444444,0.053281683392470566,0.15625,0.0,0.20467167765554864,0.1675580714575018
MA,combined,0.0,medium,306,0.0038888888888888888,0.10467143948180992,0.14285714285714285,0.08,0.19756004225676885,0.16891806969256065
MA,combined,0.0,medium,307,0.0044444444444444444,0.10046477347183039,0.125,0.19444444444444445,0.20833146206709427,0.17346805658225728
MA,combined,0.0,medium,308,0.004166666666666667,0.09954320560294463,0.13333333333333333,0.12903225806451613,0.2025907203935143,0.17058635124145163
MA,combined,0.5,medium,301,0.007916666666666667,0.03204221050163204,0.15789473684210525,0.06779661016949153,0.15347056501829026,0.15589922694357844
MA,combined,0.5,medium,302,0.006666666666666667,0.06707992021455148,0.14583333333333334,0.21052631578947367,0.15975008651766442,0.15439922058526132
MA,combined,0.5,medium,303,0.005277777777777778,0.08560330048140151,0.05263157894736842,0.2765957446808511,0.15431037576610143,0.1533301107328414
MA,combined,0.5,medium,304,0.0077777777777777776,0.06827945566807848,0.16071428571428573,0.16666666666666666,0.16209430225519705,0.16406465029390868
MA,combined,0.5,medium,305,0.007083333333333333,0.06058911890581294,0.11764705882352941,0.25396825396825395,0.17455777511718537,0.1598428046872603
MA,combined,0.5,medium,306,0.00625,0.047544011542118486,0.24444444444444444,0.2222222222222222,0.15641833908749592,0.1751496905236711
MA,combined,0.5,medium,307,0.0075,0.07077824386706671,0.14814814814814814,0.27692307692307694,0.17247755628415704,0.1629530705499254
MA,combined,0.5,medium,308,0.007083333333333333,0.047655011400772045,0.17647058823529413,0.16981132075471697,0.15521806667062468,0.16333572845828256
MA,combined,1.0,medium,301,0.013333333333333334,0.003559692562329199,0.22916666666666666,0.3064516129032258,0.12229369558499488,0.1601865609523476
MA,combined,1.0,medium,302,0.0125,0.00014927967059704918,0.28888888888888886,0.25663716814159293,0.11842104359578048,0.14836285731578353
MA,combined,1.0,medium,303,0.010972222222222222,0.04969653157493675,0.27848101265822783,0.41228070175438597,0.12291234157078516,0.15670974206560517
MA,combined,1.0,medium,304,0.011805555555555555,0.030522367855436647,0.1411764705882353,0.31896551724137934,0.11665846295245297,0.15724396478090621
MA,combined,1.0,medium,305,0.011666666666666667,0.0031758976620423953,0.19047619047619047,0.39669421487603307,0.14438363448628372,0.16264763368937546
MA,combined,1.0,medium,306,0.010694444444444444,0.05204024163263028,0.14285714285714285,0.29523809523809524,0.13210948039858453,0.16878362632831345
MA,combined,1.0,medium,307,0.01,0.06973197369400629,0.18055555555555555,0.4166666666666667,0.149708059528048,0.15817415417954928
MA,combined,1.0,medium,308,0.014861111111111111,0.02148684302239523,0.38317757009345793,0.25196850393700787,0.14194034866002975,0.15922002636645816
MA,combined,1.5,medium,301,0.021111111111111112,-0.02531224159043724,0.4473684210526316,0.46987951807228917,0.10590949098718873,0.17191206080888213
MA,combined,1.5,medium,302,0.019583333333333335,-0.020727463412197753,0.375886524822695,0.5019762845849802,0.1280055075807505,0.15943981010737737
MA,combined,1.5,medium,303,0.015555555555555555,0.02843386561781059,0.30357142857142855,0.5458515283842795,0.12332394254317597,0.16045193652786963
MA,combined,1.5,medium,304,0.01986111111111111,-0.01727590791760872,0.4125874125874126,0.4678111587982833,0.12023260638404858,0.16745200923576614
MA,combined,1.5,medium,305,0.018333333333333333,0.0001437408449596897,0.29545454545454547,0.49377593360995853,0.13255893148852874,0.15507141149419065
MA,combined,1.5,medium,306,0.020972222222222222,-0.04911688789114729,0.40397350993377484,0.425,0.12247827893015124,0.17491865408608193
MA,combined,1.5,medium,307,0.01638888888888889,0.02133731554208332,0.3983050847457627,0.4742268041237113,0.12019004613532726,0.15396899710249104
MA,combined,1.5,medium,308,0.019305555555555555,0.0054348381266626136,0.4244604316546763,0.4666666666666667,0.12465136345163107,0.1650953367109872
MA,combined,2.0,medium,301,0.03027777777777778,-0.06755003133574054,0.5596330275229358,0.5815450643776824,0.10954557643817962,0.18859557157741932
MA,combined,2.0,medium,302,0.028055555555555556,-0.078080809716802,0.5247524752475248,0.5973741794310722,0.11830078933186639,0.20221910790319492
MA,combined,2.0,medium,303,0.02236111111111111,-0.023490583037754052,0.4782608695652174,0.6697247706422018,0.11533265051933278,0.17305210068422036
MA,combined,2.0,medium,304,0.028333333333333332,-0.03584536949759378,0.5343137254901961,0.6260330578512396,0.11776061412607848,0.16933094730612303
MA,combined,2.0,medium,305,0.02763888888888889,-0.04703278882163418,0.46733668341708545,0.6181434599156118,0.13213988428034715,0.17832178420726694
MA,combined,2.0,medium,306,0.029583333333333333,-0.05390934602579993,0.4835680751173709,0.5691964285714286,0.11600387611495071,0.19422881561269947
MA,combined,2.0,medium,307,0.020833333333333332,-0.020213909866008108,0.49333333333333335,0.6859903381642513,0.12005312186967976,0.16218504601470038
MA,combined,2.0,medium,308,0.028888888888888888,-0.053667869180264845,0.5192307692307693,0.5913978494623656,0.12566914912048507,0.18919473640311954
MA,combined,2.5,medium,301,0.04402777777777778,-0.12899076007022722,0.6876971608832808,0.6555423122765197,0.11244632785195263,0.27654044345469014
MA,combined,2.5,medium,302,0.04388888888888889,-0.1605633359641432,0.6424050632911392,0.6739130434782609,0.11745497099617613,0.2916230357303288
MA,combined,2.5,medium,303,0.03208333333333333,-0.06658177708749569,0.5541125541125541,0.7508854781582054,0.12694795490594385,0.19806313646471657
MA,combined,2.5,medium,304,0.0425,-0.10445446426446615,0.6470588235294118,0.6924803591470258,0.11091240482515348,0.23956785153264065
MA,combined,2.5,medium,305,0.041666666666666664,-0.12172967542662032,0.6166666666666667,0.6839012925969448,0.1294707121798708,0.25816333498135424
MA,combined,2.5,medium,306,0.04638888888888889,-0.15270114586118505,0.6796407185628742,0.6441281138790036,0.12391740624790631,0.29950587539259393
MA,combined,2.5,medium,307,0.03138888888888889,-0.05070959099478615,0.5398230088495575,0.7600472813238771,0.10696519189973352,0.19652099995221517
MA,combined,2.5,medium,308,0.04097222222222222,-0.11372906771280951,0.6440677966101694,0.6866902237926973,0.1267397257082539,0.24306071591178305
MA,combined,3.0,medium,301,0.06263888888888888,-0.21468730953218434,0.7228381374722838,0.7166324435318275,0.10215641821932857,0.446354964153773
MA,combined,3.0,medium,302,0.06444444444444444,-0.24338070955320182,0.7564655172413793,0.7196013289036545,0.1225989995014981,0.5073974348514401
MA,combined,3.0,medium,303,0.04569444444444445,-0.1164171238876413,0.6656534954407295,0.7961432506887053,0.1023073598445099,0.2882865400902858
MA,combined,3.0,medium,304,0.058055555555555555,-0.16918289424511979,0.722488038277512,0.7498336660013307,0.12324312409035465,0.38522471413881304
MA,combined,3.0,medium,305,0.055,-0.17396294409860255,0.696969696969697,0.7601572739187418,0.12862908182546626,0.3444568113202439
MA,combined,3.0,medium,306,0.060833333333333336,-0.20340398387542072,0.730593607305936,0.7236842105263158,0.11975566000009778,0.42131164889901856
MA,combined,3.0,medium,307,0.04666666666666667,-0.12492100794647575,0.6666666666666666,0.7957794417971409,0.11637562317600307,0.2738030258545674
MA,combined,3.0,medium,308,0.065,-0.23252244324746982,0.7435897435897436,0.7091660923501034,0.12101259208749271,0.46209953814776733
MA,combined,3.5,medium,301,0.08694444444444445,-0.3234212207466463,0.8258785942492013,0.7209077740222115,0.10389617493739645,0.7797801055853644
MA,combined,3.5,medium,302,0.08083333333333333,-0.32104099342499554,0.8213058419243986,0.7629695885509838,0.12269548384605868,0.7478887438854457
MA,combined,3.5,medium,303,0.06180555555555556,-0.18428242136914677,0.750561797752809,0.8176470588235294,0.11228431387696786,0.43026496520578195
MA,combined,3.5,medium,304,0.07458333333333333,-0.25787225424560645,0.7951582867783985,0.7717340771734077,0.11797996689527414,0.5743716523917785
MA,combined,3.5,medium,305,0.0775,-0.2788868736737705,0.8136200716845878,0.7669858641130871,0.1286805749854483,0.6359594349357794
MA,combined,3.5,medium,306,0.08222222222222222,-0.29029153548578635,0.831081081081081,0.7536231884057971,0.12171251146481475,0.698432243619168
MA,combined,3.5,medium,307,0.06263888888888888,-0.18799638424583917,0.7583148558758315,0.8126421100500227,0.11079568271944912,0.43798511901368264
MA,combined,3.5,medium,308,0.08597222222222223,-0.322334052353333,0.8174474959612278,0.7187345526445873,0.11561646131002844,0.7753351621392831
MA,combined,4.0,medium,301,0.09847222222222222,-0.368874347173963,0.8603667136812412,0.7560422960725075,0.10104030367253476,0.9475020459065298
MA,combined,4.0,medium,302,0.09430555555555556,-0.38459366225747516,0.8586156111929307,0.7686042206590151,0.11866370462462866,0.9701598275349391
MA,combined,4.0,medium,303,0.08,-0.2938115222514202,0.828125,0.8217553371738394,0.11154126140731661,0.7098227937394824
MA,combined,4.0,medium,304,0.09375,-0.3484704042657151,0.8592592592592593,0.7742639040348964,0.11668552549169188,0.8716831883147622
MA,combined,4.0,medium,305,0.09847222222222222,-0.36312923999352237,0.8716502115655853,0.764919941775837,0.1281101335689553,0.9508528900300401
MA,combined,4.0,medium,306,0.09625,-0.36948797215284634,0.8643578643578643,0.7640074211502783,0.1224791639466203,0.9734126984126982
MA,combined,4.0,medium,307,0.07763888888888888,-0.249810994767991,0.774597495527728,0.826400825025782,0.10173595287349872,0.6051109188434912
MA,combined,4.0,medium,308,0.09805555555555556,-0.39379443913917195,0.8937677053824362,0.7475803329461866,0.11685696805774537,0.966962257475479
MA,combined,5.0,medium,301,0.10555555555555556,-0.41240352775169264,0.8644736842105263,0.7613559322033898,0.10491663228118851,0.9933333333333333
MA,combined,5.0,medium,302,0.10180555555555555,-0.4063024547210203,0.8772169167803547,0.7806221646143876,0.11471862174909786,0.9966666666666667
MA,combined,5.0,medium,303,0.09972222222222223,-0.37247302712745056,0.8495821727019499,0.8166620228475898,0.1133641465588424,1.0
MA,combined,5.0,medium,304,0.10486111111111111,-0.3955735725499511,0.9019867549668874,0.784019975031211,0.12206645953363365,0.9900919540229886
MA,combined,5.0,medium,305,0.10347222222222222,-0.4003219972304143,0.8885906040268456,0.7890553347600122,0.12668462792408977,0.9966666666666667
MA,combined,5.0,medium,306,0.10347222222222222,-0.4045787234783089,0.8993288590604027,0.7782761935277155,0.11490281084943121,1.0
MA,combined,5.0,medium,307,0.10291666666666667,-0.38167971599545153,0.8866396761133604,0.8108561835478455,0.10864451380549832,0.9966666666666667
MA,combined,5.0,medium,308,0.10444444444444445,-0.4185074133399428,0.8816489361702128,0.7680292455965437,0.11014255722594853,1.0
MA,combined,6.0,medium,301,0.10847222222222222,-0.42914240997649117,0.8693982074263764,0.7598935816428334,0.11013314259449042,0.9966666666666667
MA,combined,6.0,medium,302,0.10430555555555555,-0.4204183129316852,0.8628495339547271,0.7788736875596564,0.10613368478865139,1.0
MA,combined,6.0,medium,303,0.10277777777777777,-0.39450191558225056,0.8891891891891892,0.8108407079646017,0.10526033348201767,1.0
MA,combined,6.0,medium,304,0.10694444444444444,-0.4129558556105982,0.8636363636363636,0.7777434312210201,0.11689620915318251,1.0
MA,combined,6.0,medium,305,0.10611111111111111,-0.4158905256674094,0.8678010471204188,0.7756066813740939,0.1254878170991489,1.0
MA,combined,6.0,medium,306,0.10666666666666667,-0.4055339912413481,0.8815104166666666,0.7788789098792196,0.11895263336593952,1.0
MA,combined,6.0,medium,307,0.10666666666666667,-0.40702939732805504,0.8984375,0.8026538678712591,0.108549573574086,1.0
MA,combined,6.0,medium,308,0.10888888888888888,-0.4173038538734991,0.860969387755102,0.7692804130364633,0.11136224163367296,1.0
MA,combined,0.0,strong,301,0.0043055555555555555,0.06160862681893013,0.0967741935483871,0.034482758620689655,0.20038413305926786,0.17255986702920467
MA,combined,0.0,strong,302,0.00375,0.09455056916468738,0.07407407407407407,0.08,0.2056577405749721,0.16738404703176626
MA,combined,0.0,strong,303,0.002638888888888889,0.08494863686067962,0.0,0.15,0.20035553106789664,0.17682513860009968
MA,combined,0.0,strong,304,0.003472222222222222,0.11982162429598059,0.0,0.045454545454545456,0.19942958076937958,0.18148866018213325
MA,combined,0.0,strong,305,0.0031944444444444446,0.10115799952800769,0.0,0.11538461538461539,0.20100488283191284,0.18356602424652124
MA,combined,0.0,strong,306,0.0038888888888888888,0.02510560460662454,0.03571428571428571,0.038461538461538464,0.2014642014821355,0.17925971677773755
MA,combined,0.0,strong,307,0.0030555555555555557,0.09713527538935006,0.045454545454545456,0.36,0.20808158811843694,0.17019606308847918
MA,combined,0.0,strong,308,0.003472222222222222,0.10815564926006078,0.04,0.08333333333333333,0.2017370319453653,0.168036304655909
MA,combined,0.5,strong,301,0.006111111111111111,0.05795812766643415,0.09090909090909091,0.1836734693877551,0.15600132453661839,0.16183617899145594
MA,combined,0.5,strong,302,0.007361111111111111,0.03106757679826147,0.18867924528301888,0.2222222222222222,0.15903722260195355,0.1548706034648688
MA,combined,0.5,strong,303,0.0059722222222222225,0.07755312804988343,0.13953488372093023,0.20408163265306123,0.15433007175002356,0.16236984956903844
MA,combined,0.5,strong,304,0.0075,0.034171426924256024,0.2777777777777778,0.2,0.1574834906088098,0.17637417147157375
MA,combined,0.5,strong,305,0.006805555555555555,0.054346010651256466,0.08163265306122448,0.2413793103448276,0.16833715415278164,0.166885410930931
MA,combined,0.5,strong,306,0.008055555555555555,0.029276175280780446,0.20689655172413793,0.2153846153846154,0.15924192121755534,0.17146834301116157
MA,combined,0.5,strong,307,0.005833333333333334,0.07356647850663868,0.023809523809523808,0.3333333333333333,0.15839739793067284,0.170335265458844
MA,combined,0.5,strong,308,0.008333333333333333,0.05520513726764127,0.15,0.11864406779661017,0.1591030340818961,0.17309628757682363
MA,combined,1.0,strong,301,0.013055555555555556,0.016549656343247336,0.2553191489361702,0.34814814814814815,0.1206665743958949,0.1683877850427337
MA,combined,1.0,strong,302,0.011944444444444445,0.005076482052453563,0.3372093023255814,0.373015873015873,0.13274692436506275,0.15751765393170128
MA,combined,1.0,strong,303,0.010555555555555556,0.014087869897418562,0.23684210526315788,0.4144144144144144,0.12434991092710442,0.15864517165786393
MA,combined,1.0,strong,304,0.012083333333333333,0.013093721589410506,0.22988505747126436,0.36,0.1299112132774364,0.16305958730801962
MA,combined,1.0,strong,305,0.010972222222222222,0.03906186809010353,0.22784810126582278,0.4444444444444444,0.1410508333704782,0.15834396869296682
MA,combined,1.0,strong,306,0.012638888888888889,0.017347865540877163,0.21978021978021978,0.373134328358209,0.13893846104853766,0.16318228497949328
MA,combined,1.0,strong,307,0.011944444444444445,0.06934939747824202,0.23255813953488372,0.3391304347826087,0.12535052947136185,0.15206829108171524
MA,combined,1.0,strong,308,0.012916666666666667,0.03025669324850656,0.23655913978494625,0.24107142857142858,0.13042236673176133,0.159363685851402
MA,combined,1.5,strong,301,0.021527777777777778,-0.025349642416349388,0.38064516129032255,0.43673469387755104,0.10443879210231095,0.17130530789235537
MA,combined,1.5,strong,302,0.02,-0.04557819357596423,0.3819444444444444,0.5058365758754864,0.11711132301945942,0.17022683755998574
MA,combined,1.5,strong,303,0.017361111111111112,-0.006241523164883834,0.448,0.5537190082644629,0.09386201434080516,0.16536485833806733
MA,combined,1.5,strong,304,0.021388888888888888,-0.02558728842433307,0.42857142857142855,0.5310344827586206,0.11217086065557591,0.1685650047690554
MA,combined,1.5,strong,305,0.018194444444444444,-0.0046387488616181595,0.35877862595419846,0.4978902953586498,0.1312837702820617,0.16556362688226925
MA,combined,1.5,strong,306,0.020972222222222222,-0.036185270716729015,0.37748344370860926,0.48134328358208955,0.12193750797736423,0.18240275569400446
MA,combined,1.5,strong,307,0.016666666666666666,0.0011695633150115637,0.35,0.5527426160337553,0.1233647190173628,0.15221997884064237
MA,combined,1.5,strong,308,0.020694444444444446,-0.04393060919466957,0.5369127516778524,0.4942084942084942,0.1375228321347976,0.1765965769729631
MA,combined,2.0,strong,301,0.03138888888888889,-0.08154285390527087,0.48672566371681414,0.6041666666666666,0.10606272022348424,0.19994747090803525
MA,combined,2.0,strong,302,0.028194444444444446,-0.07936979620846663,0.5024630541871922,0.6489563567362429,0.12500691316400026,0.18684179316820548
MA,combined,2.0,strong,303,0.021666666666666667,-0.0060004044478953605,0.4423076923076923,0.7060041407867494,0.11041328262800397,0.16621305518229668
MA,combined,2.0,strong,304,0.02875,-0.06896529183744843,0.5169082125603864,0.6199186991869918,0.11753413529880592,0.1809937650475849
MA,combined,2.0,strong,305,0.025833333333333333,-0.04054462012725745,0.4946236559139785,0.6826923076923077,0.13385675366269204,0.1727112899417799
MA,combined,2.0,strong,306,0.03152777777777778,-0.08251019258069753,0.4845814977973568,0.6007905138339921,0.12786513166457875,0.20885329704609645
MA,combined,2.0,strong,307,0.024444444444444446,-0.045225512064626085,0.4943181818181818,0.680161943319838,0.12089076492350855,0.17129871166708693
MA,combined,2.0,strong,308,0.030694444444444444,-0.0684843218394208,0.5248868778280543,0.5847107438016529,0.13097095316564342,0.19411460578649878
MA,combined,2.5,strong,301,0.044583333333333336,-0.13960070741934325,0.6884735202492211,0.7095477386934673,0.11526668044313106,0.27169952818019244
MA,combined,2.5,strong,302,0.04847222222222222,-0.17003683551619111,0.6762177650429799,0.6988416988416989,0.12234566035138722,0.32613362925534245
MA,combined,2.5,strong,303,0.03013888888888889,-0.05536252942605872,0.5161290322580645,0.7722095671981777,0.10414262704377626,0.19462359533359963
MA,combined,2.5,strong,304,0.043472222222222225,-0.1124355152575733,0.645367412140575,0.7134207870837538,0.10701402000371013,0.2636090800760281
MA,combined,2.5,strong,305,0.03777777777777778,-0.10397390839630155,0.6323529411764706,0.7549800796812749,0.13050496436463835,0.2389407766906971
MA,combined,2.5,strong,306,0.04861111111111111,-0.16877255226077775,0.6685714285714286,0.6711340206185566,0.10987177931589825,0.31935634630011284
MA,combined,2.5,strong,307,0.032916666666666664,-0.06895553248300969,0.5654008438818565,0.7670940170940171,0.11366871084959629,0.19997606234988158
MA,combined,2.5,strong,308,0.04125,-0.09528792174842793,0.622895622895623,0.7052980132450332,0.13460960200927238,0.24782196212311244
MA,combined,3.0,strong,301,0.06458333333333334,-0.2278190049350419,0.7397849462365591,0.7391826923076923,0.10857476766412044,0.45715135858372413
MA,combined,3.0,strong,302,0.06263888888888888,-0.2491679320505939,0.7427937915742794,0.7564102564102564,0.11790725786871559,0.49213600794985013
MA,combined,3.0,strong,303,0.04888888888888889,-0.14298830883388078,0.7073863636363636,0.8035824583075973,0.1062701694946288,0.29719834215170077
MA,combined,3.0,strong,304,0.051805555555555556,-0.12958404007720623,0.7131367292225201,0.7878404053198227,0.11174505248663154,0.3053924756665296
MA,combined,3.0,strong,305,0.058472222222222224,-0.20039270507128054,0.7197149643705463,0.7683444511825349,0.1286768359174652,0.413617862241801
MA,combined,3.0,strong,306,0.06319444444444444,-0.22588307984462294,0.7582417582417582,0.7554766133806986,0.12337995936528064,0.44417394710778896
MA,combined,3.0,strong,307,0.04791666666666667,-0.12373663078591808,0.6405797101449275,0.8089480048367593,0.10659493619723918,0.28992805570892466
MA,combined,3.0,strong,308,0.06708333333333333,-0.23978551796684017,0.7639751552795031,0.7230864965774736,0.12273946212538377,0.49753058588352816
MA,combined,3.5,strong,301,0.08527777777777777,-0.3116134652041379,0.8257328990228013,0.7574066122799484,0.09897033959322034,0.7326635924054699
MA,combined,3.5,strong,302,0.08097222222222222,-0.32383663583047156,0.7993138936535163,0.769327731092437,0.12035452380587454,0.7882341884812266
MA,combined,3.5,strong,303,0.06291666666666666,-0.19658084376369794,0.7682119205298014,0.823961937716263,0.110789357102224,0.4286095461995901
MA,combined,3.5,strong,304,0.07652777777777778,-0.25480049420417883,0.8021778584392014,0.7889447236180904,0.11781102089372497,0.5716747591831006
MA,combined,3.5,strong,305,0.08305555555555555,-0.29612444622058226,0.7993311036789298,0.7645778938207136,0.1267683519630769,0.7140600805000485
MA,combined,3.5,strong,306,0.08375,-0.30170246443954174,0.8043117744610282,0.7625590382138256,0.12824572786008326,0.7380006068692292
MA,combined,3.5,strong,307,0.06236111111111111,-0.18950281233149752,0.7483296213808464,0.8212094653812445,0.10933650401400878,0.4195688706124173
MA,combined,3.5,strong,308,0.0875,-0.3419294408827285,0.8571428571428571,0.7371737173717372,0.11969339429452548,0.8148840510475136
MA,combined,4.0,strong,301,0.09930555555555555,-0.3694906107463047,0.8699300699300699,0.7617328519855595,0.10682380301250904,0.9867515700385434
MA,combined,4.0,strong,302,0.09597222222222222,-0.38251957236601825,0.8654124457308249,0.7763757448300035,0.11371009323921454,0.9900194931773878
MA,combined,4.0,strong,303,0.08680555555555555,-0.3243622001106024,0.8464,0.8087837837837838,0.10878545982560857,0.8473532623928658
MA,combined,4.0,strong,304,0.09652777777777778,-0.3554477011075256,0.8805755395683453,0.7810996563573883,0.11555404056112485,0.9440783606275003
MA,combined,4.0,strong,305,0.09763888888888889,-0.36698093886511446,0.8534850640113798,0.7776247848537006,0.13206292246373388,0.9702941451904628
MA,combined,4.0,strong,306,0.09652777777777778,-0.3722899306279858,0.8589928057553957,0.7712137486573577,0.12140860471336029,0.9736143290043291
MA,combined,4.0,strong,307,0.08305555555555555,-0.2871287772762529,0.8444816053511706,0.8217660475724992,0.11011107102527806,0.7148142175901607
MA,combined,4.0,strong,308,0.1,-0.3826508334146248,0.8527777777777777,0.7574311926605505,0.11660918998434035,0.9933333333333333
MA,combined,5.0,strong,301,0.10513888888888889,-0.40556468849112426,0.8824306472919419,0.7677165354330708,0.10734636918927658,1.0
MA,combined,5.0,strong,302,0.10055555555555555,-0.40266064265077306,0.8770718232044199,0.7904732254047323,0.11149583146307518,1.0
MA,combined,5.0,strong,303,0.09930555555555555,-0.3726781332400351,0.8671328671328671,0.8166989217583633,0.1067142931425723,1.0
MA,combined,5.0,strong,304,0.10444444444444445,-0.4088115944235936,0.8776595744680851,0.7810355583281348,0.11497016131015851,0.9966666666666667
MA,combined,5.0,strong,305,0.10375,-0.40164293253184946,0.8862115127175368,0.7916666666666666,0.12661175227526303,0.9966666666666667
MA,combined,5.0,strong,306,0.10319444444444445,-0.3988882797204322,0.8802153432032301,0.7775628626692457,0.1196832672198323,1.0
MA,combined,5.0,strong,307,0.1025,-0.376117900989913,0.8468834688346883,0.8126904959822665,0.11514737702710971,0.9966666666666667
MA,combined,5.0,strong,308,0.10402777777777777,-0.42025804174979675,0.8691588785046729,0.7751211631663975,0.11867900134890942,0.9966666666666667
MA,combined,6.0,strong,301,0.10958333333333334,-0.4284705523273074,0.8808618504435995,0.7599212856674319,0.1125702828246633,1.0
MA,combined,6.0,strong,302,0.10375,-0.40926069349794614,0.8500669344042838,0.781042654028436,0.10993767409683987,1.0
MA,combined,6.0,strong,303,0.10277777777777777,-0.38830537140090593,0.8621621621621621,0.8139661756683033,0.11144775750821963,1.0
MA,combined,6.0,strong,304,0.10819444444444444,-0.42682684106796087,0.8908857509627728,0.7709585574185385,0.11515049989453559,1.0
MA,combined,6.0,strong,305,0.10861111111111112,-0.41198787339335546,0.8900255754475703,0.7774665421724245,0.12455504406375678,1.0
MA,combined,6.0,strong,306,0.10666666666666667,-0.4188180469310289,0.87890625,0.7714468629961587,0.1264402798557112,1.0
MA,combined,6.0,strong,307,0.10625,-0.4096982872738446,0.8941176470588236,0.7998286693318104,0.11347390041113027,1.0
MA,combined,6.0,strong,308,0.10708333333333334,-0.42015419346847627,0.8625162127107653,0.7626162018592297,0.11641247825204122,1.0
MA,combined,0.0,weak,301,0.0033333333333333335,0.1100418832456303,0.20833333333333334,0.17391304347826086,0.20190502238243194,0.1628372620464315
MA,combined,0.0,weak,302,0.0033333333333333335,0.08561503684552567,0.0,0.12,0.20382862459558151,0.16054924327014666
MA,combined,0.0,weak,303,0.002916666666666667,0.13277982539708133,0.0,0.16666666666666666,0.20328062115730902,0.1662823886908301
MA,combined,0.0,weak,304,0.00375,0.06351568188041468,0.07407407407407407,0.15384615384615385,0.20394242159915535,0.17111290560971046
MA,combined,0.0,weak,305,0.0031944444444444446,0.08772576993849335,0.043478260869565216,0.125,0.19953954051030867,0.16136062936159098
MA,combined,0.0,weak,306,0.0038888888888888888,0.082708814676992,0.14285714285714285,0.10714285714285714,0.20232513693776252,0.15827858891729116
MA,combined,0.0,weak,307,0.002638888888888889,0.08023078730266356,0.10526315789473684,0.39285714285714285,0.203271829500124,0.15791759016932624
MA,combined,0.0,weak,308,0.0038888888888888888,0.060325028769551495,0.14285714285714285,0.038461538461538464,0.20118438631290533,0.15925649390515798
MA,combined,0.5,weak,301,0.006111111111111111,0.104162356313772,0.09090909090909091,0.2545454545454545,0.16213192657060768,0.15239664255113639
MA,combined,0.5,weak,302,0.006527777777777778,0.020896391779785906,0.19148936170212766,0.1568627450980392,0.16123785208124986,0.14426805919015107
MA,combined,0.5,weak,303,0.005694444444444445,0.055422812907107696,0.14634146341463414,0.22448979591836735,0.15789166109932448,0.15309182553417378
MA,combined,0.5,weak,304,0.006666666666666667,0.07145209813408743,0.2916666666666667,0.2,0.16643245599545012,0.15573719599745137
MA,combined,0.5,weak,305,0.0059722222222222225,0.03535012743334408,0.16279069767441862,0.23076923076923078,0.15846171280700516,0.1569483931898672
MA,combined,0.5,weak,306,0.007916666666666667,0.0790775376983993,0.17543859649122806,0.05357142857142857,0.15800567707399285,0.16244501589497137
MA,combined,0.5,weak,307,0.006388888888888889,0.03470980160296739,0.10869565217391304,0.19148936170212766,0.16041398409591412,0.15664412901422448
MA,combined,0.5,weak,308,0.008472222222222223,0.036329700162305016,0.19672131147540983,0.140625,0.15471123406973036,0.15275045711865057
MA,combined,1.0,weak,301,0.01361111111111111,0.02667572481065218,0.32653061224489793,0.3140495867768595,0.1283070995190076,0.14515208696031914
MA,combined,1.0,weak,302,0.012361111111111111,0.01070519086920989,0.3258426966292135,0.3017241379310345,0.13278567007883843,0.15130625269576195
MA,combined,1.0,weak,303,0.010694444444444444,0.0501348014324157,0.2987012987012987,0.3867924528301887,0.1335008082427757,0.15299035079239465
MA,combined,1.0,weak,304,0.010972222222222222,0.04706343248516429,0.189873417721519,0.34545454545454546,0.11954376366018761,0.1507644674662356
MA,combined,1.0,weak,305,0.011805555555555555,0.027043780945647626,0.27058823529411763,0.3445378151260504,0.13229352021006416,0.15299886541554492
MA,combined,1.0,weak,306,0.011527777777777777,0.051658042058465414,0.20481927710843373,0.33636363636363636,0.12814711139922805,0.15774533551532458
MA,combined,1.0,weak,307,0.010416666666666666,0.08721609956023556,0.17333333333333334,0.3783783783783784,0.13710715521637235,0.15211936784373511
MA,combined,1.0,weak,308,0.012777777777777779,0.04314491019590401,0.18478260869565216,0.2719298245614035,0.1298536517543776,0.15444410706314204
MA,combined,1.5,weak,301,0.01875,-0.011071248168384116,0.37777777777777777,0.43457943925233644,0.11218994688840296,0.1628239602544177
MA,combined,1.5,weak,302,0.021111111111111112,-0.02765401332672745,0.34868421052631576,0.45121951219512196,0.11825514521612751,0.16186667820845518
MA,combined,1.5,weak,303,0.016527777777777777,0.02793477768556526,0.3025210084033613,0.5118483412322274,0.10936837498732897,0.15890566333724243
MA,combined,1.5,weak,304,0.019166666666666665,0.0019005696293581977,0.3695652173913043,0.5,0.12612833065240978,0.15436082894762093
MA,combined,1.5,weak,305,0.014166666666666666,0.04050682152029779,0.22549019607843138,0.5633802816901409,0.14659785926685157,0.14942696856253718
MA,combined,1.5,weak,306,0.019166666666666665,-0.013145653513718684,0.35507246376811596,0.4222222222222222,0.12549832599600066,0.16169739324514032
MA,combined,1.5,weak,307,0.01375,0.050298595895115365,0.25252525252525254,0.5133689839572193,0.11918292712926355,0.15402318217536343
MA,combined,1.5,weak,308,0.017916666666666668,-0.00672149749530882,0.40310077519379844,0.4590909090909091,0.12205270534688682,0.15757273242584058
MA,combined,2.0,weak,301,0.025833333333333333,-0.027549284584697985,0.44623655913978494,0.5823389021479713,0.10007421024087798,0.1725602669652688
MA,combined,2.0,weak,302,0.029583333333333333,-0.08785498057404885,0.5446009389671361,0.5454545454545454,0.12349986463956548,0.19056804219115103
MA,combined,2.0,weak,303,0.02125,0.004739095431014667,0.43790849673202614,0.6502590673575129,0.11574889836312123,0.15874395502324593
MA,combined,2.0,weak,304,0.028888888888888888,-0.036037911516227865,0.4519230769230769,0.5513126491646778,0.11974144269279764,0.1851594815294248
MA,combined,2.0,weak,305,0.02625,-0.049809608883609705,0.4444444444444444,0.5977011494252874,0.12294222567099872,0.1765893950501928
MA,combined,2.0,weak,306,0.030972222222222224,-0.04490907964030368,0.5067264573991032,0.53125,0.11753135887315984,0.19365531881980183
MA,combined,2.0,weak,307,0.024166666666666666,-0.01692132223857362,0.4425287356321839,0.6374407582938388,0.11146306341918964,0.16276215848765466
MA,combined,2.0,weak,308,0.028194444444444446,-0.05083504003558778,0.5024630541871922,0.5478468899521531,0.13033991461184757,0.18269757254526756
MA,combined,2.5,weak,301,0.04569444444444445,-0.14923879727115727,0.6322188449848024,0.6407766990291263,0.11261153088245056,0.2788669626170088
MA,combined,2.5,weak,302,0.04041666666666666,-0.12687141502178229,0.5945017182130584,0.6641221374045801,0.11250774490346414,0.26861733781164515
MA,combined,2.5,weak,303,0.03388888888888889,-0.08242338184114156,0.5819672131147541,0.7142857142857143,0.1075388552597224,0.21738356594372088
MA,combined,2.5,weak,304,0.03888888888888889,-0.08918244763614463,0.6285714285714286,0.667989417989418,0.11698179268780019,0.2253049045197937
MA,combined,2.5,weak,305,0.035277777777777776,-0.06526341123434648,0.5708661417322834,0.695364238410596,0.13670186022450528,0.20410131333945072
MA,combined,2.5,weak,306,0.04083333333333333,-0.09626029435163759,0.5340136054421769,0.6320109439124487,0.12389650409789654,0.2512176884625787
MA,combined,2.5,weak,307,0.03347222222222222,-0.07021055749318696,0.5269709543568465,0.7227214377406932,0.11642615947502431,0.19660058946681697
MA,combined,2.5,weak,308,0.043472222222222225,-0.13184372167613745,0.6549520766773163,0.6218034993270525,0.13880892873691505,0.2700897411014887
MA,combined,3.0,weak,301,0.06347222222222222,-0.2084761049007994,0.7527352297592997,0.6682464454976303,0.10911078211558937,0.43999280530089685
MA,combined,3.0,weak,302,0.0575,-0.19672144731851238,0.6811594202898551,0.7206095791001451,0.11819130401673848,0.42610132931639216
MA,combined,3.0,weak,303,0.04402777777777778,-0.09140636728027589,0.6214511041009464,0.7944199706314243,0.10585226695136707,0.26629305557947575
MA,combined,3.0,weak,304,0.05569444444444444,-0.18379875357090378,0.7581047381546134,0.7266666666666667,0.11249208782463403,0.3544362566155967
MA,combined,3.0,weak,305,0.05430555555555556,-0.1525825322867106,0.6854219948849105,0.7423133235724744,0.13197073185115712,0.32671018049651235
MA,combined,3.0,weak,306,0.058472222222222224,-0.1849224898541436,0.7363420427553444,0.7062404870624048,0.12905228732382165,0.4005184893508014
MA,combined,3.0,weak,307,0.04402777777777778,-0.10757232358934994,0.6340694006309149,0.7890451517394522,0.1158103691634787,0.266385810725334
MA,combined,3.0,weak,308,0.06111111111111111,-0.20463319594921597,0.7227272727272728,0.6887009992313605,0.12425745313446067,0.4239460563988759
MA,combined,3.5,weak,301,0.0811111111111111,-0.289782300150506,0.8047945205479452,0.7278318810866222,0.10924429721600644,0.6873816040805117
MA,combined,3.5,weak,302,0.07736111111111112,-0.2815005432041545,0.8025134649910234,0.7447342026078235,0.11513466137070183,0.6395654073809531
MA,combined,3.5,weak,303,0.06097222222222222,-0.1763204095355606,0.7425968109339408,0.8083454633672974,0.1073181931731701,0.4216766994973414
MA,combined,3.5,weak,304,0.07527777777777778,-0.24061307024663947,0.7859778597785978,0.7534039334341907,0.12194538541657417,0.5629972239595902
MA,combined,3.5,weak,305,0.07541666666666667,-0.2549181970457721,0.7937384898710865,0.7543859649122807,0.1353380170585343,0.6105462018639727
MA,combined,3.5,weak,306,0.07958333333333334,-0.2941437953989154,0.7958115183246073,0.7339632023868722,0.127144456971327,0.7092976675072545
MA,combined,3.5,weak,307,0.058888888888888886,-0.16386837152580544,0.7452830188679245,0.8052657724788872,0.11358665481248915,0.37245066300067253
MA,combined,3.5,weak,308,0.08055555555555556,-0.2964385471272738,0.8224137931034483,0.7237597911227154,0.12064353107585364,0.6848751684416737
MA,combined,4.0,weak,301,0.09666666666666666,-0.3667350234720222,0.8577586206896551,0.7419878296146044,0.10748390696098148,0.9152865889329972
MA,combined,4.0,weak,302,0.09361111111111112,-0.37250634775189234,0.8486646884272997,0.7573757763975155,0.11564116259105169,0.9539061323612484
MA,combined,4.0,weak,303,0.08305555555555555,-0.31329905100235167,0.8411371237458194,0.7984581497797357,0.11157070245010504,0.7802855748330564
MA,combined,4.0,weak,304,0.09333333333333334,-0.34924687827728373,0.8616071428571429,0.7580518460329929,0.11345216041643989,0.8819518275411936
MA,combined,4.0,weak,305,0.09166666666666666,-0.34079096270898823,0.8378787878787879,0.7742899850523169,0.1345878089153669,0.8627213860616871
MA,combined,4.0,weak,306,0.09458333333333334,-0.34490061372589953,0.856093979441997,0.7592879256965944,0.12753064192752137,0.8872855589098712
MA,combined,4.0,weak,307,0.08166666666666667,-0.28937110251880555,0.8010204081632653,0.8082191780821918,0.11524931617990708,0.6762276295809679
MA,combined,4.0,weak,308,0.09722222222222222,-0.3773098839697775,0.8614285714285714,0.732776617954071,0.11875500828554324,0.9282515736273104
MA,combined,5.0,weak,301,0.10416666666666667,-0.4180484947528888,0.868,0.7619857191431486,0.10422462111491211,0.9966666666666667
MA,combined,5.0,weak,302,0.1,-0.40439345284544004,0.8638888888888889,0.7839665164198326,0.11178535881243501,0.9966666666666667
MA,combined,5.0,weak,303,0.0973611111111111,-0.3754700093256323,0.8644793152639088,0.8150997150997151,0.1094715854524763,0.980078895463511
MA,combined,5.0,weak,304,0.10541666666666667,-0.39607553480717855,0.8893280632411067,0.7766059443911792,0.11859021743278593,0.9966666666666667
MA,combined,5.0,weak,305,0.10361111111111111,-0.39664101395547363,0.8847184986595175,0.7879069767441861,0.12413784293510581,0.9933333333333333
MA,combined,5.0,weak,306,0.10375,-0.40293970264913276,0.8902275769745649,0.7778132992327366,0.12428342912919553,0.9966666666666667
MA,combined,5.0,weak,307,0.10166666666666667,-0.3824434479921666,0.8838797814207651,0.8067299396031061,0.11523240465350922,0.9933333333333333
MA,combined,5.0,weak,308,0.10472222222222222,-0.4142151911124202,0.8461538461538461,0.761969904240766,0.11498739326049996,0.990049751243781
MA,combined,6.0,weak,301,0.10875,-0.4291927379928289,0.8633461047254151,0.7576859504132232,0.11284311690393313,1.0
MA,combined,6.0,weak,302,0.10333333333333333,-0.42128115671201755,0.8682795698924731,0.7785622593068036,0.10606238521529388,1.0
MA,combined,6.0,weak,303,0.10472222222222222,-0.38933358016575664,0.8793103448275862,0.8079561042524005,0.10674283357406623,1.0
MA,combined,6.0,weak,304,0.10833333333333334,-0.4263453331909698,0.8782051282051282,0.7750077905889685,0.12191853763998184,0.9966666666666665
MA,combined,6.0,weak,305,0.10625,-0.4103997324766182,0.869281045751634,0.7800369685767098,0.1319545978927193,0.9933333333333333
MA,combined,6.0,weak,306,0.10666666666666667,-0.414482209014513,0.8645833333333334,0.7693303138142996,0.12726398105677603,0.9966666666666667
MA,combined,6.0,weak,307,0.10652777777777778,-0.4050661290112891,0.8956975228161669,0.8003403289846852,0.11131724746417748,1.0
MA,combined,6.0,weak,308,0.10680555555555556,-0.4328471491926018,0.8803641092327699,0.7639257294429708,0.11394343182707022,1.0
NC,combined,0.0,medium,301,0.0038888888888888888,0.0729376373441745,0.0,0.0,0.20122594321022613,0.16327113297060447
NC,combined,0.0,medium,302,0.005555555555555556,0.06711116918258635,0.075,0.02631578947368421,0.20247811261001855,0.16143620266731995
NC,combined,0.0,medium,303,0.004583333333333333,0.018737015525676,0.2727272727272727,0.0,0.19723619787466096,0.1577774984391701
NC,combined,0.0,medium,304,0.0038888888888888888,0.048663775787766435,0.07142857142857142,0.06666666666666667,0.20323610825260227,0.17350765623480555
NC,combined,0.0,medium,305,0.0038888888888888888,0.09709997845176721,0.07142857142857142,0.038461538461538464,0.20330167865917126,0.1675580714575018
NC,combined,0.0,medium,306,0.0044444444444444444,0.06998376925534898,0.09375,0.0,0.20087097865594053,0.16891806969256065
NC,combined,0.0,medium,307,0.004166666666666667,0.06250655406643685,0.2,0.0,0.200862411008864,0.17346805658225728
NC,combined,0.0,medium,308,0.004166666666666667,0.027330219700484184,0.03333333333333333,0.0,0.19749746957590966,0.17058635124145163
NC,combined,0.5,medium,301,0.009166666666666667,0.04797668866006195,0.22727272727272727,0.0,0.15693247902506274,0.15367831983502545
NC,combined,0.5,medium,302,0.009583333333333333,-0.005419904559346565,0.13043478260869565,0.046875,0.15797311312210904,0.15471635655436627
NC,combined,0.5,medium,303,0.008888888888888889,0.01083633072122272,0.203125,0.05172413793103448,0.1557177976716171,0.16093642004332656
NC,combined,0.5,medium,304,0.00986111111111111,0.01337670075002761,0.22535211267605634,0.03076923076923077,0.15531499631608256,0.16208143768774103
NC,combined,0.5,medium,305,0.009722222222222222,0.0018297062391303925,0.2571428571428571,0.08571428571428572,0.1561337758642962,0.16088503312448774
NC,combined,0.5,medium,306,0.0075,0.060742858857554434,0.16666666666666666,0.0196078431372549,0.15656607531254188,0.16263002474301008
NC,combined,0.5,medium,307,0.009305555555555555,0.0412271891384203,0.11940298507462686,0.08955223880597014,0.15582394299802815,0.154822253784801
NC,combined,0.5,medium,308,0.008472222222222223,0.0391415019022263,0.14754098360655737,0.06779661016949153,0.15751626557775963,0.16611587091083288
NC,combined,1.0,medium,301,0.017361111111111112,0.006090328538889069,0.368,0.1865671641791045,0.12471853402318063,0.15729402457923
NC,combined,1.0,medium,302,0.02,-0.04900890003003549,0.3611111111111111,0.16025641025641027,0.12751999060215682,0.1680629278503499
NC,combined,1.0,medium,303,0.01875,-0.03507055744492638,0.31851851851851853,0.10714285714285714,0.11648235536144397,0.1673171946056131
NC,combined,1.0,medium,304,0.018472222222222223,-0.021631705641423173,0.37593984962406013,0.12142857142857143,0.12452640305734951,0.17346118584769907
NC,combined,1.0,medium,305,0.0175,-0.007769140365807043,0.3888888888888889,0.16417910447761194,0.1331823634059424,0.161544919309889
NC,combined,1.0,medium,306,0.019583333333333335,-0.039525451085690874,0.425531914893617,0.1,0.1288106090832742,0.18101372792927625
NC,combined,1.0,medium,307,0.01875,-0.0009997944891199514,0.37777777777777777,0.22435897435897437,0.12253694800285735,0.15573678673772012
NC,combined,1.0,medium,308,0.018472222222222223,-0.04536485993196564,0.37593984962406013,0.11764705882352941,0.13013983481604133,0.1776204088341634
NC,combined,1.5,medium,301,0.029444444444444443,-0.07905121311552246,0.5188679245283019,0.34275618374558303,0.12190072725165231,0.18665075436304268
NC,combined,1.5,medium,302,0.03111111111111111,-0.10359166854326403,0.5892857142857143,0.3046594982078853,0.11728894326647038,0.21038839256274564
NC,combined,1.5,medium,303,0.03180555555555555,-0.08648452901462209,0.49344978165938863,0.24363636363636362,0.10583788417136979,0.1913485026533187
NC,combined,1.5,medium,304,0.029166666666666667,-0.07931860999203892,0.48095238095238096,0.31095406360424027,0.11481784030063476,0.19997828539255363
NC,combined,1.5,medium,305,0.028333333333333332,-0.07013089676522187,0.4852941176470588,0.33088235294117646,0.12071629730740169,0.20786762241169937
NC,combined,1.5,medium,306,0.035277777777777776,-0.12327281230840022,0.5354330708661418,0.2135593220338983,0.11524295456323526,0.2403166534546096
NC,combined,1.5,medium,307,0.03111111111111111,-0.09902999509742706,0.5625,0.3049645390070922,0.1098096226585552,0.19647241486534653
NC,combined,1.5,medium,308,0.029722222222222223,-0.0919178468523978,0.5747663551401869,0.28825622775800713,0.12211391325906766,0.19154119853398918
NC,combined,2.0,medium,301,0.043611111111111114,-0.134162312188562,0.5955414012738853,0.44874274661508706,0.10591372155211771,0.2752260834102789
NC,combined,2.0,medium,302,0.04777777777777778,-0.19423023240281123,0.686046511627907,0.44582593250444047,0.116884710855589,0.3338501659830453
NC,combined,2.0,medium,303,0.04972222222222222,-0.1707261818799347,0.6620111731843575,0.4003690036900369,0.10808306443279829,0.3291945414559266
NC,combined,2.0,medium,304,0.04875,-0.16644292203803848,0.6495726495726496,0.43617021276595747,0.12030263544488008,0.31092045544654956
NC,combined,2.0,medium,305,0.04236111111111111,-0.14240019917611632,0.6557377049180327,0.48417132216014896,0.1269555854780797,0.2849765344622015
NC,combined,2.0,medium,306,0.05333333333333334,-0.21046265799192365,0.7317708333333334,0.3817204301075269,0.12253362890724417,0.375091005879595
NC,combined,2.0,medium,307,0.04513888888888889,-0.1486737803455866,0.68,0.46139705882352944,0.10667920088572397,0.2839661728139476
NC,combined,2.0,medium,308,0.04486111111111111,-0.14626051917918437,0.6965944272445821,0.4596622889305816,0.11590292062617259,0.2762895623588983
NC,combined,2.5,medium,301,0.06041666666666667,-0.21431941200993979,0.735632183908046,0.5830687830687831,0.10401999661366379,0.4082684597529227
NC,combined,2.5,medium,302,0.06722222222222222,-0.2786553015442164,0.7975206611570248,0.560515873015873,0.1134037883460598,0.5855315688942057
NC,combined,2.5,medium,303,0.06583333333333333,-0.24916003841925252,0.7805907172995781,0.5941619585687382,0.11020643261399714,0.4780324176049925
NC,combined,2.5,medium,304,0.06416666666666666,-0.22268487205100723,0.7359307359307359,0.5617740232312566,0.11650806493564607,0.46759708005390166
NC,combined,2.5,medium,305,0.06569444444444444,-0.24304374303206236,0.7526427061310782,0.5417106652587117,0.1186997717253279,0.5028923769682954
NC,combined,2.5,medium,306,0.07166666666666667,-0.28781435898274305,0.7868217054263565,0.5148717948717949,0.124904032853744,0.5878664724891055
NC,combined,2.5,medium,307,0.06791666666666667,-0.24730265018918918,0.8098159509202454,0.5478887744593203,0.11383185426444382,0.4958270912701816
NC,combined,2.5,medium,308,0.06138888888888889,-0.23557650473489472,0.7601809954751131,0.5637949836423118,0.10571096165296834,0.4473152116715416
NC,combined,3.0,medium,301,0.08444444444444445,-0.31592352376302285,0.850328947368421,0.6227056424201224,0.10458727046416033,0.7262940390064327
NC,combined,3.0,medium,302,0.08472222222222223,-0.3448751262734772,0.8573770491803279,0.6247491638795987,0.11415672910879966,0.8388032700949855
NC,combined,3.0,medium,303,0.08986111111111111,-0.35227585711397746,0.839258114374034,0.6042638241172552,0.1098447710975209,0.8263100590953779
NC,combined,3.0,medium,304,0.08888888888888889,-0.34343801527392975,0.8328125,0.6201954397394137,0.11544081489010923,0.8091877157354064
NC,combined,3.0,medium,305,0.08486111111111111,-0.32789236423917434,0.8363338788870703,0.6146408839779005,0.1166302942003178,0.7749533647733169
NC,combined,3.0,medium,306,0.09055555555555556,-0.3735332714447355,0.8466257668711656,0.5853994490358126,0.12444329287204305,0.8837201820223826
NC,combined,3.0,medium,307,0.08472222222222223,-0.3199326724935891,0.8491803278688524,0.6262626262626263,0.1068467894336994,0.7314986311439146
NC,combined,3.0,medium,308,0.08611111111111111,-0.3451642474670274,0.8387096774193549,0.6147038801906058,0.10900738375481601,0.74361944031849
NC,combined,3.5,medium,301,0.09902777777777778,-0.39051535562946665,0.8373071528751753,0.6580578512396694,0.11011320255048411,0.9510464636035105
NC,combined,3.5,medium,302,0.09388888888888888,-0.4011767368763892,0.856508875739645,0.6719077568134172,0.11111082321468259,0.9507806323120905
NC,combined,3.5,medium,303,0.09875,-0.39339095016370546,0.8579465541490858,0.6659919028340081,0.10817919947997219,0.9509003098948398
NC,combined,3.5,medium,304,0.0975,-0.388876222982471,0.8475783475783476,0.6614826334888543,0.11383050755039714,0.9571018130306228
NC,combined,3.5,medium,305,0.0948611111111111,-0.38901166497902023,0.8653001464128843,0.677732379979571,0.11890415270038769,0.9351088757883341
NC,combined,3.5,medium,306,0.09861111111111111,-0.4107181186992029,0.8690140845070422,0.63561190738699,0.11915900551167596,0.9735747837985768
NC,combined,3.5,medium,307,0.09708333333333333,-0.3955089107801473,0.8812589413447782,0.6603970741901777,0.11746066872395185,0.9538751280925194
NC,combined,3.5,medium,308,0.09722222222222222,-0.38356293177382594,0.8685714285714285,0.6740442655935613,0.1065871096992087,0.9475380099992082
NC,combined,4.0,medium,301,0.10513888888888889,-0.4152767596477156,0.8943196829590488,0.7001718213058419,0.10268848027884524,0.9833958653405568
NC,combined,4.0,medium,302,0.09791666666666667,-0.40196383920242235,0.8609929078014185,0.7256711409395973,0.11293670696940133,0.986764705882353
NC,combined,4.0,medium,303,0.10347222222222222,-0.42592551865987127,0.8966442953020134,0.6937669376693767,0.11014582717420991,0.9833530571992111
NC,combined,4.0,medium,304,0.10263888888888889,-0.40538843986606227,0.8741542625169147,0.7092228864218617,0.11688288070307636,0.9866666666666667
NC,combined,4.0,medium,305,0.09861111111111111,-0.3940445479133191,0.8591549295774648,0.7208404802744426,0.12039395616414056,0.9800650554795561
NC,combined,4.0,medium,306,0.1025,-0.43126650914710585,0.8672086720867209,0.6807116104868914,0.11822983349210597,1.0
NC,combined,4.0,medium,307,0.10291666666666667,-0.4225141786167636,0.8771929824561403,0.7047038327526133,0.11840051007600745,0.9867149758454107
NC,combined,4.0,medium,308,0.10277777777777777,-0.4120562229319331,0.8675675675675676,0.7027379400260756,0.11179461832840355,0.9866869918699187
NC,combined,5.0,medium,301,0.10805555555555556,-0.441651169809223,0.8637532133676092,0.7258921791951405,0.10685110737012564,0.990051282051282
NC,combined,5.0,medium,302,0.10222222222222223,-0.4345046203743175,0.8627717391304348,0.738914373088685,0.11544569339781557,0.9933333333333333
NC,combined,5.0,medium,303,0.105,-0.44137353665038626,0.8703703703703703,0.7273781902552204,0.11245443671499789,1.0
NC,combined,5.0,medium,304,0.10583333333333333,-0.43687578993031884,0.8740157480314961,0.737625604763677,0.11626344237071871,1.0
NC,combined,5.0,medium,305,0.10527777777777778,-0.4258014381282456,0.8733509234828496,0.7422566371681416,0.11502835480809846,0.9966666666666667
NC,combined,5.0,medium,306,0.10680555555555556,-0.43533659830306193,0.8543563068920677,0.7190923317683882,0.11669429455813131,0.9966666666666667
NC,combined,5.0,medium,307,0.10736111111111112,-0.43415593894918425,0.8822768434670116,0.7429704397981255,0.11777592822705474,1.0
NC,combined,5.0,medium,308,0.10680555555555556,-0.43677685906149927,0.8699609882964889,0.7416879795396419,0.10566517260486118,1.0
NC,combined,6.0,medium,301,0.11069444444444444,-0.4569144848624902,0.8695106649937264,0.7179585571757483,0.10895606038971857,1.0
NC,combined,6.0,medium,302,0.10291666666666667,-0.44605082564706194,0.8596491228070176,0.7388199924840285,0.11682739237117619,1.0
NC,combined,6.0,medium,303,0.10875,-0.44623155499710143,0.855683269476373,0.7217125382262997,0.11579982960466562,1.0
NC,combined,6.0,medium,304,0.10972222222222222,-0.453480389993189,0.8772151898734177,0.7214176829268293,0.12120280744999475,0.9966666666666667
NC,combined,6.0,medium,305,0.10680555555555556,-0.4298216762779687,0.8907672301690507,0.741876597298284,0.11520000112583906,1.0
NC,combined,6.0,medium,306,0.10722222222222222,-0.44942578380939907,0.8601036269430051,0.7206112852664577,0.11776092548638001,0.9966666666666667
NC,combined,6.0,medium,307,0.10847222222222222,-0.4513259798032289,0.8796414852752881,0.7328893821679615,0.11219063815540387,1.0
NC,combined,6.0,medium,308,0.10861111111111112,-0.4472849465378164,0.8618925831202046,0.7329650092081031,0.11147560381835141,1.0
NC,combined,0.0,strong,301,0.004861111111111111,0.11671693764303334,0.11428571428571428,0.0,0.2052379121996161,0.17255986702920467
NC,combined,0.0,strong,302,0.0033333333333333335,0.06147644821087697,0.125,0.0,0.1958051597148739,0.16738404703176626
NC,combined,0.0,strong,303,0.005416666666666667,0.06664417741281928,0.07692307692307693,0.0,0.19998826978117104,0.17682513860009968
NC,combined,0.0,strong,304,0.0030555555555555557,0.05412760782987542,0.045454545454545456,0.0,0.19862951788355013,0.18148866018213325
NC,combined,0.0,strong,305,0.002638888888888889,0.02428643786329716,0.0,0.0,0.20688382936188707,0.18356602424652124
NC,combined,0.0,strong,306,0.004166666666666667,0.10182993086633048,0.13333333333333333,0.03571428571428571,0.2034026686190098,0.17925971677773755
NC,combined,0.0,strong,307,0.005138888888888889,0.09497683266926178,0.10810810810810811,0.0,0.19885728398580296,0.17019606308847918
NC,combined,0.0,strong,308,0.0043055555555555555,0.0713573575030976,0.06451612903225806,0.037037037037037035,0.20121632827454597,0.168036304655909
NC,combined,0.5,strong,301,0.009166666666666667,0.010265676134363438,0.22727272727272727,0.07575757575757576,0.16222110807018553,0.17331843795416424
NC,combined,0.5,strong,302,0.011527777777777777,-0.016510492016650797,0.27710843373493976,0.037037037037037035,0.15545773796487822,0.16186066927015133
NC,combined,0.5,strong,303,0.009166666666666667,0.0026555084224384427,0.21212121212121213,0.017543859649122806,0.15778855087594487,0.16161252629345776
NC,combined,0.5,strong,304,0.010277777777777778,0.022620350804179574,0.25675675675675674,0.0,0.15549361300809383,0.1650411901065192
NC,combined,0.5,strong,305,0.008888888888888889,0.04968819006603439,0.109375,0.0967741935483871,0.16150069487449142,0.17449980715970892
NC,combined,0.5,strong,306,0.010694444444444444,-0.02436855796879182,0.1038961038961039,0.0,0.16111632560486255,0.16782872488258907
NC,combined,0.5,strong,307,0.01125,0.04707522726426131,0.2222222222222222,0.02666666666666667,0.15357312302886963,0.1629364661738447
NC,combined,0.5,strong,308,0.00875,0.02295103524657234,0.19047619047619047,0.017543859649122806,0.16002923581343428,0.1642900970588078
NC,combined,1.0,strong,301,0.018472222222222223,-0.03013588615300306,0.39097744360902253,0.1736111111111111,0.1252378400671569,0.17022202426738692
NC,combined,1.0,strong,302,0.020555555555555556,-0.034295824892003,0.35135135135135137,0.14012738853503184,0.12469136876882192,0.17452888819592943
NC,combined,1.0,strong,303,0.020555555555555556,-0.04075495615400447,0.33783783783783783,0.1509433962264151,0.11992482844495715,0.17521279655512914
NC,combined,1.0,strong,304,0.01972222222222222,-0.04481645503340201,0.3873239436619718,0.17763157894736842,0.12895374786094108,0.17333273532369578
NC,combined,1.0,strong,305,0.01888888888888889,-0.00033114194547171445,0.40441176470588236,0.11194029850746269,0.1263924667076586,0.1721551258228736
NC,combined,1.0,strong,306,0.01861111111111111,-0.03306131004152479,0.3880597014925373,0.12030075187969924,0.12571241635022076,0.18930270574842512
NC,combined,1.0,strong,307,0.018055555555555554,-0.012835014767126156,0.3769230769230769,0.2356687898089172,0.1240523121007142,0.17198765044645678
NC,combined,1.0,strong,308,0.017777777777777778,-0.035224043157404475,0.3515625,0.176056338028169,0.12364752274544266,0.16732854429419664
NC,combined,1.5,strong,301,0.03180555555555555,-0.1065967250929864,0.5283842794759825,0.36363636363636365,0.11452519160662267,0.2137071990162543
NC,combined,1.5,strong,302,0.034027777777777775,-0.13505519601489013,0.5387755102040817,0.3468208092485549,0.11587468124267253,0.24570175762787272
NC,combined,1.5,strong,303,0.03166666666666667,-0.10006085575767512,0.5043859649122807,0.3449367088607595,0.10394029180569499,0.21338435354135973
NC,combined,1.5,strong,304,0.03,-0.06222422129515948,0.49537037037037035,0.3442622950819672,0.113017684444494,0.20817587952487726
NC,combined,1.5,strong,305,0.029027777777777777,-0.07505773171390234,0.45454545454545453,0.3576158940397351,0.12281048070602639,0.21064149754812253
NC,combined,1.5,strong,306,0.03361111111111111,-0.1089929176465423,0.5454545454545454,0.32628398791540786,0.11580126174390465,0.22464559164296855
NC,combined,1.5,strong,307,0.03319444444444444,-0.10165104976108987,0.5523012552301255,0.3872832369942196,0.11366708741348597,0.22323721983231049
NC,combined,1.5,strong,308,0.029861111111111113,-0.09477726550001259,0.5395348837209303,0.3894080996884735,0.12131249275781901,0.20423943160274954
NC,combined,2.0,strong,301,0.050277777777777775,-0.19011412913478648,0.7486187845303868,0.4810126582278481,0.11351600819345063,0.3248123992869191
NC,combined,2.0,strong,302,0.04972222222222222,-0.1953539471076291,0.6731843575418994,0.4672131147540984,0.11753361842656514,0.3678775819653187
NC,combined,2.0,strong,303,0.04527777777777778,-0.14833064249686592,0.6595092024539877,0.5276073619631901,0.1011011569924673,0.3016122628040236
NC,combined,2.0,strong,304,0.05291666666666667,-0.19549409031022172,0.7060367454068242,0.4440894568690096,0.11164787081735994,0.3521243990751419
NC,combined,2.0,strong,305,0.04902777777777778,-0.1828143821689139,0.6968838526912181,0.48470209339774556,0.1195991577935911,0.3370969073727183
NC,combined,2.0,strong,306,0.05569444444444444,-0.21014757782839943,0.7256857855361596,0.4761215629522431,0.12662680253706296,0.39682745781087175
NC,combined,2.0,strong,307,0.049305555555555554,-0.18211385323394316,0.6929577464788732,0.5061919504643962,0.10625942051231128,0.3119562185643376
NC,combined,2.0,strong,308,0.04875,-0.17395610640582057,0.6609686609686609,0.4936102236421725,0.11325860441107165,0.3157137584709302
NC,combined,2.5,strong,301,0.0625,-0.21417755882505812,0.7311111111111112,0.6098020735155514,0.11650373548557491,0.43361515725395494
NC,combined,2.5,strong,302,0.07416666666666667,-0.31195523090499977,0.8239700374531835,0.578719723183391,0.11612108159667821,0.6752864435846779
NC,combined,2.5,strong,303,0.07180555555555555,-0.27250546534522074,0.7872340425531915,0.6035805626598465,0.0963373929264244,0.579133882900989
NC,combined,2.5,strong,304,0.07222222222222222,-0.26982998205915626,0.7826923076923077,0.5768551236749117,0.11424499137047771,0.5873672122873458
NC,combined,2.5,strong,305,0.06333333333333334,-0.24631192800864513,0.7828947368421053,0.6192660550458715,0.12301455604346045,0.5008853031075373
NC,combined,2.5,strong,306,0.08041666666666666,-0.3291532282024508,0.7858376511226253,0.5332152347209921,0.11817152270002527,0.731846380494759
NC,combined,2.5,strong,307,0.06888888888888889,-0.26083984543468913,0.7943548387096774,0.6,0.10970993412410578,0.538105517424648
NC,combined,2.5,strong,308,0.06875,-0.2687620677264193,0.804040404040404,0.5895795246800731,0.11580317858684436,0.5420208053514224
NC,combined,3.0,strong,301,0.08861111111111111,-0.3296202858062038,0.8322884012539185,0.6485029940119761,0.10488196082420713,0.7928627908319755
NC,combined,3.0,strong,302,0.08805555555555555,-0.3744254895972621,0.8470031545741324,0.6484045755568935,0.11457028277550861,0.9092897899585058
NC,combined,3.0,strong,303,0.09236111111111112,-0.36545596243902445,0.8586466165413534,0.6316736652669466,0.10979229942024525,0.9035509485772415
NC,combined,3.0,strong,304,0.09208333333333334,-0.3583470637467424,0.8506787330316742,0.6384752829064919,0.11476858473546919,0.9002723102896368
NC,combined,3.0,strong,305,0.08486111111111111,-0.3298442753888237,0.8330605564648118,0.6612709832134293,0.12381730817609017,0.7998417135815199
NC,combined,3.0,strong,306,0.09513888888888888,-0.37955070883187403,0.8540145985401459,0.6157605375687233,0.11458657806686913,0.9314891515630088
NC,combined,3.0,strong,307,0.09097222222222222,-0.35366426708928067,0.8381679389312977,0.6448152562574494,0.10668184299597121,0.8414842324602967
NC,combined,3.0,strong,308,0.08791666666666667,-0.3278756751705816,0.8309636650868878,0.6599763872491146,0.11240686164544167,0.7783305999194221
NC,combined,3.5,strong,301,0.09944444444444445,-0.3993257304134495,0.8603351955307262,0.6841103710751665,0.10889675982608298,0.9867561521252797
NC,combined,3.5,strong,302,0.09583333333333334,-0.40820914242142753,0.8826086956521739,0.6861493123772102,0.10927380253869072,0.9800779727095517
NC,combined,3.5,strong,303,0.09958333333333333,-0.41828842382872433,0.8828451882845189,0.6920943134535368,0.11031113576520886,0.9866666666666667
NC,combined,3.5,strong,304,0.09958333333333333,-0.40376903052834895,0.8702928870292888,0.6792270531400966,0.121649270389864,0.9867156862745098
NC,combined,3.5,strong,305,0.09694444444444444,-0.39081104193217087,0.8510028653295129,0.6871046228710462,0.12105511596842661,0.9866890380313199
NC,combined,3.5,strong,306,0.10097222222222223,-0.4183636436217944,0.8651994497936726,0.6661691542288557,0.12071892497411406,0.986686507936508
NC,combined,3.5,strong,307,0.10027777777777777,-0.410105599341771,0.8739612188365651,0.6639469658337583,0.10554539148414639,0.9867632850241546
NC,combined,3.5,strong,308,0.10138888888888889,-0.39022249323338787,0.8698630136986302,0.6849056603773584,0.11385569144466211,0.9671479401406134
NC,combined,4.0,strong,301,0.10430555555555555,-0.4220662273882857,0.8708388814913449,0.705383637134379,0.10919039348090649,0.99
NC,combined,4.0,strong,302,0.0975,-0.40171677708346887,0.8660968660968661,0.7249055018899622,0.11170999213942172,0.9867156862745098
NC,combined,4.0,strong,303,0.10277777777777777,-0.4181381132139747,0.8648648648648649,0.7132075471698113,0.11384865481067602,0.9966666666666667
NC,combined,4.0,strong,304,0.10375,-0.42032697057124796,0.8902275769745649,0.7201462225832657,0.1135713368061127,0.9867441860465116
NC,combined,4.0,strong,305,0.10097222222222223,-0.3886158540194517,0.8762035763411279,0.7329591018444266,0.11936921604009741,0.99
NC,combined,4.0,strong,306,0.10152777777777777,-0.4245470357635989,0.8645690834473324,0.7000441111601235,0.12130874207628543,0.9966666666666667
NC,combined,4.0,strong,307,0.10305555555555555,-0.42611827655888546,0.8733153638814016,0.7136287625418061,0.11683856005577607,1.0
NC,combined,4.0,strong,308,0.10388888888888889,-0.41614687909702014,0.8582887700534759,0.7147009966777409,0.10780338459390752,0.9933333333333333
NC,combined,5.0,strong,301,0.10847222222222222,-0.4353182583794518,0.8578745198463509,0.7249056603773585,0.1076153971409246,1.0
NC,combined,5.0,strong,302,0.1025,-0.42290927479301593,0.8509485094850948,0.7429325292122126,0.11575978158737747,1.0
NC,combined,5.0,strong,303,0.10666666666666667,-0.4256950088841105,0.8463541666666666,0.7373848987108655,0.11742300508909802,1.0
NC,combined,5.0,strong,304,0.10722222222222222,-0.444141657616526,0.8626943005181347,0.7331093691675998,0.11764100487238523,1.0
NC,combined,5.0,strong,305,0.10486111111111111,-0.4142972991231515,0.8688741721854305,0.7530163236337828,0.11598126231896044,0.9966666666666667
NC,combined,5.0,strong,306,0.10569444444444444,-0.44296758749127807,0.8646517739816032,0.7269914926527455,0.12226818362913511,1.0
NC,combined,5.0,strong,307,0.10736111111111112,-0.4221506782151908,0.869340232858991,0.7476038338658147,0.11333329568746926,1.0
NC,combined,5.0,strong,308,0.1075,-0.43829677646622844,0.8785529715762274,0.7403776325344953,0.11037243143930335,1.0
NC,combined,6.0,strong,301,0.11027777777777778,-0.4516975925212718,0.8476070528967254,0.7207890743550834,0.1111628337025643,1.0
NC,combined,6.0,strong,302,0.10541666666666667,-0.4362037838889308,0.8629776021080369,0.746031746031746,0.11451365784170602,1.0
NC,combined,6.0,strong,303,0.10916666666666666,-0.4484997478208398,0.861323155216285,0.7257700976709242,0.11219567777453952,1.0
NC,combined,6.0,strong,304,0.11,-0.45161261481841763,0.8661616161616161,0.7186779400461184,0.1187197539473127,1.0
NC,combined,6.0,strong,305,0.10583333333333333,-0.43598421331579973,0.8674540682414699,0.744,0.11296455990545871,1.0
NC,combined,6.0,strong,306,0.10902777777777778,-0.4552080752149158,0.8624203821656051,0.7149070778964017,0.1200619617609509,1.0
NC,combined,6.0,strong,307,0.10944444444444444,-0.4498104672478387,0.8718274111675127,0.7334309776638593,0.11179577130097174,1.0
NC,combined,6.0,strong,308,0.11041666666666666,-0.45100546994227164,0.8603773584905661,0.727238944630249,0.11126008006249087,1.0
NC,combined,0.0,weak,301,0.004583333333333333,0.07836661585219105,0.09090909090909091,0.0,0.2056425051357433,0.1628372620464315
NC,combined,0.0,weak,302,0.004722222222222222,0.029336095882227894,0.058823529411764705,0.0625,0.1974354609216656,0.16054924327014666
NC,combined,0.0,weak,303,0.0022222222222222222,0.03913961852097522,0.0625,0.0,0.1983757342165173,0.1662823886908301
NC,combined,0.0,weak,304,0.004166666666666667,0.05471017476135867,0.0,0.0,0.2026027320187991,0.17111290560971046
NC,combined,0.0,weak,305,0.004861111111111111,0.05232073947275847,0.0,0.09375,0.19764547658362908,0.16136062936159098
NC,combined,0.0,weak,306,0.002916666666666667,0.061019009761005084,0.047619047619047616,0.0,0.19865310232205402,0.15827858891729116
NC,combined,0.0,weak,307,0.004166666666666667,0.059349330451953355,0.06666666666666667,0.0,0.20124899680087863,0.15791759016932624
NC,combined,0.0,weak,308,0.0033333333333333335,0.11264169418904224,0.0,0.0,0.20178821042791628,0.15925649390515798
NC,combined,0.5,weak,301,0.008888888888888889,0.031183310543493905,0.1875,0.01694915254237288,0.16397465479797754,0.15269119414309149
NC,combined,0.5,weak,302,0.007222222222222222,0.05691241859405683,0.11538461538461539,0.02040816326530612,0.15523527016092376,0.14982855832779743
NC,combined,0.5,weak,303,0.0077777777777777776,0.005347276790271265,0.21428571428571427,0.057692307692307696,0.15612249562710845,0.15541373687424262
NC,combined,0.5,weak,304,0.008888888888888889,0.04127229676640058,0.171875,0.016666666666666666,0.15721041390921733,0.1621031151314096
NC,combined,0.5,weak,305,0.00875,0.04477997748078349,0.06349206349206349,0.09090909090909091,0.15810902141812053,0.15848352153365633
NC,combined,0.5,weak,306,0.009166666666666667,0.017969391864039064,0.21212121212121213,0.04918032786885246,0.15789306221011035,0.16536950752764018
NC,combined,0.5,weak,307,0.009444444444444445,0.04810859358159294,0.1323529411764706,0.017241379310344827,0.15985001297306087,0.16105077163154874
NC,combined,0.5,weak,308,0.008472222222222223,0.035406453202710714,0.18032786885245902,0.01818181818181818,0.16223213680807125,0.14745804537516938
NC,combined,1.0,weak,301,0.016944444444444446,0.002192722054882272,0.2786885245901639,0.18181818181818182,0.12081308169193733,0.15426270451574162
NC,combined,1.0,weak,302,0.017777777777777778,-0.01565749131263956,0.3203125,0.13178294573643412,0.1232939252003344,0.16579720414269397
NC,combined,1.0,weak,303,0.018333333333333333,0.014092459083766915,0.36363636363636365,0.17266187050359713,0.1162977221032765,0.15323975066191448
NC,combined,1.0,weak,304,0.015,-0.01060471945502477,0.2777777777777778,0.13559322033898305,0.1238614640877772,0.1667107921594743
NC,combined,1.0,weak,305,0.01625,0.002107040049287745,0.39316239316239315,0.15079365079365079,0.13966986512828825,0.16419788742215932
NC,combined,1.0,weak,306,0.017083333333333332,-0.0072311278088814206,0.2926829268292683,0.0859375,0.12049822240349829,0.16782059089515344
NC,combined,1.0,weak,307,0.014861111111111111,0.027744121652135603,0.32710280373831774,0.19672131147540983,0.12440939504971954,0.15480672651498187
NC,combined,1.0,weak,308,0.017638888888888888,0.002180890358881353,0.3937007874015748,0.14173228346456693,0.1332161159858156,0.15719862003232318
NC,combined,1.5,weak,301,0.027916666666666666,-0.053461775408828585,0.48756218905472637,0.28112449799196787,0.11771325085058164,0.18156095451637408
NC,combined,1.5,weak,302,0.03125,-0.10238903861467138,0.5333333333333333,0.2664233576642336,0.11352622882224823,0.21770161487321305
NC,combined,1.5,weak,303,0.029305555555555557,-0.06213965842555413,0.46919431279620855,0.2661596958174905,0.10436774103793596,0.18721164760789777
NC,combined,1.5,weak,304,0.029305555555555557,-0.05273973828669055,0.44549763033175355,0.277992277992278,0.11102972704628743,0.1926828851067053
NC,combined,1.5,weak,305,0.02875,-0.04415939567330641,0.463768115942029,0.32857142857142857,0.12105223230239269,0.19517376366471953
NC,combined,1.5,weak,306,0.032916666666666664,-0.09440136462959905,0.5063291139240507,0.18045112781954886,0.11089404155251188,0.22634223650048527
NC,combined,1.5,weak,307,0.029027777777777777,-0.06635993357223993,0.46411483253588515,0.2755905511811024,0.10947761171493502,0.18712869346501104
NC,combined,1.5,weak,308,0.028055555555555556,-0.060888914580894675,0.4603960396039604,0.24705882352941178,0.11698334176555686,0.19516507145997858
NC,combined,2.0,weak,301,0.044444444444444446,-0.14938479344237693,0.628125,0.39323467230443976,0.10734848370927767,0.2865552350589348
NC,combined,2.0,weak,302,0.044305555555555556,-0.17295017439804025,0.5893416927899686,0.38461538461538464,0.1120973761218439,0.31942952105601513
NC,combined,2.0,weak,303,0.043194444444444445,-0.1383711554416439,0.6205787781350482,0.39278131634819535,0.10570036022537505,0.2733653434049502
NC,combined,2.0,weak,304,0.04680555555555556,-0.12826510512822858,0.6884272997032641,0.39183673469387753,0.11401002058612626,0.27929175174159454
NC,combined,2.0,weak,305,0.042916666666666665,-0.14160173888560307,0.6828478964401294,0.4088050314465409,0.11977539728928234,0.2728506117358495
NC,combined,2.0,weak,306,0.04680555555555556,-0.1549323261839059,0.685459940652819,0.36907216494845363,0.11612857950890064,0.318195569695341
NC,combined,2.0,weak,307,0.043333333333333335,-0.13031458108909819,0.6025641025641025,0.4059196617336152,0.11406405552341942,0.2706693132258956
NC,combined,2.0,weak,308,0.04472222222222222,-0.14908156105364964,0.639751552795031,0.36363636363636365,0.1159589696791903,0.2714365026840136
NC,combined,2.5,weak,301,0.059305555555555556,-0.21308280534841934,0.7587822014051522,0.545664739884393,0.10823921903430833,0.3862657678549155
NC,combined,2.5,weak,302,0.06125,-0.24587217105483258,0.7142857142857143,0.490613266583229,0.11874698769222782,0.49657610122279344
NC,combined,2.5,weak,303,0.06236111111111111,-0.21695350364935048,0.7260579064587973,0.5066666666666667,0.10742432427961655,0.42591614933421745
NC,combined,2.5,weak,304,0.06375,-0.2321817510847973,0.7734204793028322,0.49399038461538464,0.11982216086175397,0.4649622252254151
NC,combined,2.5,weak,305,0.06222222222222222,-0.22066704569932022,0.7700892857142857,0.5180722891566265,0.12020813543025093,0.44343782239222407
NC,combined,2.5,weak,306,0.0675,-0.25941009059540476,0.757201646090535,0.4204993429697766,0.11561691060263592,0.517751591101112
NC,combined,2.5,weak,307,0.06069444444444445,-0.22540352239127376,0.7505720823798627,0.5186074429771909,0.11655946901448051,0.4385976393049905
NC,combined,2.5,weak,308,0.05527777777777778,-0.1886396994833155,0.7085427135678392,0.5246753246753246,0.11124037543154632,0.3806958482161534
NC,combined,3.0,weak,301,0.08166666666666667,-0.31617184203919674,0.8214285714285714,0.5659777424483307,0.10944868954444742,0.7125834278475819
NC,combined,3.0,weak,302,0.08277777777777778,-0.3384921355264345,0.8187919463087249,0.575968992248062,0.11244736841717418,0.7686670684746226
NC,combined,3.0,weak,303,0.0825,-0.3110799287384625,0.7962962962962963,0.5944734876773712,0.10348453934774016,0.7264259177211123
NC,combined,3.0,weak,304,0.08208333333333333,-0.31880264318183316,0.8358714043993232,0.5858895705521472,0.11679037235838637,0.7040495121448768
NC,combined,3.0,weak,305,0.07916666666666666,-0.3156314728812281,0.8052631578947368,0.5859872611464968,0.12144885139631989,0.7223205558876958
NC,combined,3.0,weak,306,0.08541666666666667,-0.34526369424814013,0.8569105691056911,0.5461106655974338,0.11735612063388956,0.7707463361485548
NC,combined,3.0,weak,307,0.07847222222222222,-0.303187421896144,0.8176991150442477,0.609062980030722,0.1036044963183882,0.661848771733794
NC,combined,3.0,weak,308,0.07736111111111112,-0.2938654233678929,0.8204667863554758,0.5961844197138315,0.10370741122495246,0.6183845845659169
NC,combined,3.5,weak,301,0.09722222222222222,-0.3907062378615308,0.8485714285714285,0.6322101656196459,0.10580504477907489,0.9155564944237221
NC,combined,3.5,weak,302,0.09277777777777778,-0.39095341498054365,0.8532934131736527,0.6507394766780432,0.11344171793114809,0.9443147008105406
NC,combined,3.5,weak,303,0.09597222222222222,-0.3837557355253195,0.8654124457308249,0.6374929418407679,0.10863858043721053,0.9216638203364281
NC,combined,3.5,weak,304,0.09652777777777778,-0.3618634671637695,0.8489208633093526,0.6383098591549295,0.11026516092713623,0.8873777634967592
NC,combined,3.5,weak,305,0.09444444444444444,-0.37297975477529116,0.8588235294117647,0.6581103222282906,0.1172138923384124,0.9031896459341195
NC,combined,3.5,weak,306,0.09652777777777778,-0.39307473983708136,0.8762589928057554,0.6291545189504373,0.12075462956529233,0.9002571000646863
NC,combined,3.5,weak,307,0.09597222222222222,-0.38884882184508535,0.8683068017366136,0.6270491803278688,0.1161781211812266,0.9158196349482517
NC,combined,3.5,weak,308,0.09597222222222222,-0.3715944354044404,0.8755426917510853,0.6456692913385826,0.11075892073325448,0.8719071200994656
NC,combined,4.0,weak,301,0.10125,-0.41147002992382736,0.8491083676268861,0.6810102899906455,0.10302871332454423,0.9569438825731379
NC,combined,4.0,weak,302,0.09597222222222222,-0.4100024050140566,0.8769898697539797,0.7010261194029851,0.11467459348175642,0.9702243270189431
NC,combined,4.0,weak,303,0.10166666666666667,-0.40745026744193186,0.8346994535519126,0.682264857276556,0.1130820909704154,0.9866863905325443
NC,combined,4.0,weak,304,0.10097222222222223,-0.3977785401653294,0.8720770288858322,0.6891766882516188,0.1149892525703672,0.9540060671666591
NC,combined,4.0,weak,305,0.09902777777777778,-0.39283290542927085,0.8920056100981767,0.6996336996336996,0.11998357990831948,0.9511013831889344
NC,combined,4.0,weak,306,0.10152777777777777,-0.41346415816507814,0.8632010943912448,0.6766121270452358,0.12036093701679873,0.9768609742747674
NC,combined,4.0,weak,307,0.10333333333333333,-0.41706361092573446,0.8790322580645161,0.6906377204884667,0.11254666828983571,0.9735334040296924
NC,combined,4.0,weak,308,0.10277777777777777,-0.40384582317665857,0.8783783783783784,0.6976328718177758,0.10754800759941402,0.9636873529284465
NC,combined,5.0,weak,301,0.10819444444444444,-0.43979000127689755,0.8690629011553274,0.7169737357898863,0.1077466282170307,0.9933333333333333
NC,combined,5.0,weak,302,0.10083333333333333,-0.4172541168390117,0.849862258953168,0.7379125095932464,0.11613484435141021,0.9933333333333332
NC,combined,5.0,weak,303,0.1063888888888889,-0.43682820053342425,0.8864229765013055,0.7319470699432892,0.11681731799866597,1.0
NC,combined,5.0,weak,304,0.10666666666666667,-0.4390911365378094,0.88671875,0.7264006139677667,0.11817051809866481,0.9933333333333333
NC,combined,5.0,weak,305,0.10458333333333333,-0.42241542527151693,0.8698539176626826,0.7365816520746098,0.11689736660232515,0.9933333333333333
NC,combined,5.0,weak,306,0.10611111111111111,-0.43812611324653034,0.8887434554973822,0.7199367088607594,0.11606520806621125,0.9966666666666667
NC,combined,5.0,weak,307,0.10736111111111112,-0.43891735850280744,0.8758085381630013,0.737369985141159,0.11483146069236161,0.9933333333333333
NC,combined,5.0,weak,308,0.10722222222222222,-0.42889701054540946,0.8756476683937824,0.7352721849366145,0.10888785789985843,0.9966666666666667
NC,combined,6.0,weak,301,0.11027777777777778,-0.4485211170481761,0.8639798488664987,0.7224536160545248,0.11085428131635251,0.9966666666666667
NC,combined,6.0,weak,302,0.10458333333333333,-0.4361319174995978,0.8671978751660027,0.7410979228486647,0.11202919860619,0.9966666666666667
NC,combined,6.0,weak,303,0.10944444444444444,-0.4531146556962013,0.8730964467005076,0.7208858342878961,0.11473883562948166,1.0
NC,combined,6.0,weak,304,0.11055555555555556,-0.4554150377280707,0.8655778894472361,0.7202584568605093,0.11588655509646308,1.0
NC,combined,6.0,weak,305,0.10694444444444444,-0.43008192124366745,0.8727272727272727,0.739875957679679,0.11841650594475783,1.0
NC,combined,6.0,weak,306,0.10847222222222222,-0.45286662687798346,0.8655569782330346,0.7107803700724055,0.1169791239702911,1.0
NC,combined,6.0,weak,307,0.10958333333333334,-0.4515036124706019,0.8884664131812421,0.7304860088365243,0.11097288484487511,1.0
NC,combined,6.0,weak,308,0.10916666666666666,-0.44541048367375213,0.8638676844783715,0.7343119266055046,0.11165402688343777,1.0
NY,combined,0.0,medium,301,0.0043055555555555555,0.047739213632263855,0.0,0.0,0.19999993258940166,0.16327113297060447
NY,combined,0.0,medium,302,0.005416666666666667,-0.061700831368350945,0.05128205128205128,0.0,0.20074728279737883,0.16143620266731995
NY,combined,0.0,medium,303,0.004722222222222222,0.07475163754132504,0.058823529411764705,0.03225806451612903,0.20025512539636556,0.1577774984391701
NY,combined,0.0,medium,304,0.005694444444444445,-0.010154994799120371,0.12195121951219512,0.0,0.20079546398033754,0.17350765623480555
NY,combined,0.0,medium,305,0.005277777777777778,0.013041379772844666,0.18421052631578946,0.0,0.19895234572912227,0.1675580714575018
NY,combined,0.0,medium,306,0.003611111111111111,-0.040793865787348,0.07692307692307693,0.0,0.19927838230859798,0.16891806969256065
NY,combined,0.0,medium,307,0.005694444444444445,0.024113759162086173,0.12195121951219512,0.0,0.201595813279939,0.17346805658225728
NY,combined,0.0,medium,308,0.004583333333333333,-0.004233854551719762,0.18181818181818182,0.034482758620689655,0.1983648412988791,0.17058635124145163
NY,combined,0.5,medium,301,0.01125,-0.057591926759693234,0.18518518518518517,0.013157894736842105,0.15621366108311277,0.1581431468773866
NY,combined,0.5,medium,302,0.010277777777777778,-0.0669341428120117,0.2702702702702703,0.041666666666666664,0.15562729523946492,0.16082777214957056
NY,combined,0.5,medium,303,0.010416666666666666,-0.024811804904316035,0.2,0.013888888888888888,0.15661097904183358,0.17295439345237842
NY,combined,0.5,medium,304,0.010416666666666666,-0.058367284646560706,0.22666666666666666,0.014084507042253521,0.15734229796920016,0.1677748083854607
NY,combined,0.5,medium,305,0.012638888888888889,-0.047996598439533904,0.23076923076923078,0.05952380952380952,0.15828805028658863,0.1667072557561371
NY,combined,0.5,medium,306,0.010694444444444444,-0.03689681314174679,0.15584415584415584,0.014285714285714285,0.15541921682868542,0.17403175610079147
NY,combined,0.5,medium,307,0.010138888888888888,-0.05194498554071586,0.1780821917808219,0.029411764705882353,0.15495122825832197,0.1620836803351818
NY,combined,0.5,medium,308,0.012777777777777779,-0.023548702242592322,0.33695652173913043,0.046511627906976744,0.15540403070890874,0.1656740226221716
NY,combined,1.0,medium,301,0.022916666666666665,-0.09199506024024275,0.36363636363636365,0.16184971098265896,0.12047211830277593,0.1912173474349901
NY,combined,1.0,medium,302,0.02652777777777778,-0.14266965230618978,0.5078534031413613,0.13636363636363635,0.11985676198396779,0.20019083939231072
NY,combined,1.0,medium,303,0.021111111111111112,-0.09945109899437159,0.375,0.1038961038961039,0.12777410587404658,0.19418427616496645
NY,combined,1.0,medium,304,0.02638888888888889,-0.1363359617405648,0.3894736842105263,0.06914893617021277,0.12662644209429416,0.225455290364989
NY,combined,1.0,medium,305,0.020833333333333332,-0.09881352628142245,0.37333333333333335,0.1,0.1283717093456215,0.193805416102823
NY,combined,1.0,medium,306,0.02263888888888889,-0.11174789626773242,0.4785276073619632,0.12643678160919541,0.1276687578528498,0.20709948272184878
NY,combined,1.0,medium,307,0.021527777777777778,-0.10610134224232994,0.43870967741935485,0.07006369426751592,0.11843344714350396,0.19493507409290453
NY,combined,1.0,medium,308,0.02263888888888889,-0.09017851380278333,0.4171779141104294,0.10909090909090909,0.11866631177443036,0.18786822659342442
NY,combined,1.5,medium,301,0.03666666666666667,-0.16729984164173492,0.5871212121212122,0.27761194029850744,0.11650784528670537,0.2650686557147756
NY,combined,1.5,medium,302,0.041944444444444444,-0.2313151443830287,0.5662251655629139,0.2699228791773779,0.10401260454138835,0.31213893087532446
NY,combined,1.5,medium,303,0.03930555555555556,-0.18193737390646253,0.5653710247349824,0.22255192878338279,0.1260452988276379,0.30603087109789984
NY,combined,1.5,medium,304,0.04555555555555556,-0.22693478299383324,0.6524390243902439,0.1968503937007874,0.11222048321443627,0.3368621461212431
NY,combined,1.5,medium,305,0.03972222222222222,-0.1981072544792639,0.6258741258741258,0.2661064425770308,0.12307606430786189,0.28839447895620396
NY,combined,1.5,medium,306,0.03791666666666667,-0.1885141595770064,0.5567765567765568,0.22085889570552147,0.11090701905333016,0.2790029665914833
NY,combined,1.5,medium,307,0.036944444444444446,-0.18592983743385305,0.5902255639097744,0.22549019607843138,0.10637137060380003,0.26222432909181737
NY,combined,1.5,medium,308,0.04027777777777778,-0.19029195364194992,0.6172413793103448,0.20241691842900303,0.10922735432322166,0.27124556802386346
NY,combined,2.0,medium,301,0.059583333333333335,-0.2666654230306229,0.7622377622377622,0.38057324840764334,0.11576161924245647,0.4668179974169493
NY,combined,2.0,medium,302,0.06152777777777778,-0.3068762710169073,0.6952595936794582,0.3611111111111111,0.10618860556232211,0.5338005735602548
NY,combined,2.0,medium,303,0.06138888888888889,-0.2921356089946306,0.7104072398190046,0.37285491419656785,0.12399673373069486,0.5098067252780716
NY,combined,2.0,medium,304,0.06861111111111111,-0.3297579691765343,0.7591093117408907,0.3157099697885196,0.10634399398066802,0.5616057305605356
NY,combined,2.0,medium,305,0.06152777777777778,-0.28521295772744026,0.7313769751693002,0.3734375,0.12866760350375597,0.47855090450497034
NY,combined,2.0,medium,306,0.06055555555555556,-0.29266529751295234,0.7339449541284404,0.32377740303541314,0.10595743543383435,0.4915569469823339
NY,combined,2.0,medium,307,0.06013888888888889,-0.2844169895567337,0.7482678983833718,0.3642276422764228,0.1054065410146412,0.46838658417728546
NY,combined,2.0,medium,308,0.056666666666666664,-0.2513316464919484,0.7303921568627451,0.3990306946688207,0.10343541618837514,0.3932442083784688
NY,combined,2.5,medium,301,0.07777777777777778,-0.3442492460434115,0.7767857142857143,0.49513618677042803,0.11395272729419585,0.7178142185433279
NY,combined,2.5,medium,302,0.08236111111111111,-0.4135460684433264,0.8195615514333895,0.445,0.10606001259954982,0.8236642979652238
NY,combined,2.5,medium,303,0.08166666666666667,-0.37782188466840605,0.8078231292517006,0.43651626442812175,0.11921021200422714,0.8182364307976379
NY,combined,2.5,medium,304,0.08930555555555555,-0.3957920484990334,0.8398133748055988,0.40060544904137235,0.109790873091914,0.8662733534573612
NY,combined,2.5,medium,305,0.08333333333333333,-0.3804380656624261,0.815,0.466537342386033,0.12621276206950036,0.8178751234136182
NY,combined,2.5,medium,306,0.08402777777777778,-0.36744956115915234,0.8363636363636363,0.42072538860103625,0.10453457604194011,0.7947369427978701
NY,combined,2.5,medium,307,0.08305555555555555,-0.3782287596573554,0.8411371237458194,0.45883534136546184,0.10641523213085669,0.751816259153735
NY,combined,2.5,medium,308,0.08180555555555556,-0.3781102494504464,0.7826825127334465,0.438974358974359,0.11236463787715885,0.7826912006459334
NY,combined,3.0,medium,301,0.09236111111111112,-0.4137775246898249,0.8466165413533835,0.5609584214235377,0.11872521808132525,0.9024169793458636
NY,combined,3.0,medium,302,0.09375,-0.4513383124977574,0.8666666666666667,0.5369276218611522,0.10913726595579366,0.9506761209779785
NY,combined,3.0,medium,303,0.09166666666666666,-0.42224153446777885,0.8469696969696969,0.5601719197707736,0.11928713271029846,0.9475557907895692
NY,combined,3.0,medium,304,0.09513888888888888,-0.45547349243160457,0.8437956204379562,0.4964594807238395,0.10791899417476795,0.9637607791127061
NY,combined,3.0,medium,305,0.09569444444444444,-0.4300518597925458,0.8766328011611031,0.5383491599707816,0.12448110899445586,0.937545544139814
NY,combined,3.0,medium,306,0.09402777777777778,-0.4360722311894577,0.8655834564254062,0.5116822429906542,0.10402040761199105,0.9507133985171917
NY,combined,3.0,medium,307,0.09319444444444444,-0.4286042463218122,0.8554396423248882,0.5549132947976878,0.10754985724886694,0.9226073602036334
NY,combined,3.0,medium,308,0.095,-0.43445033156867097,0.8713450292397661,0.5334805003679176,0.1093950351674431,0.9313616275441567
NY,combined,3.5,medium,301,0.0973611111111111,-0.44387377791128324,0.8502139800285307,0.6383928571428571,0.11066640987733355,0.9409715831332032
NY,combined,3.5,medium,302,0.09638888888888889,-0.4622051302882939,0.8602305475504323,0.6013513513513513,0.10838745673131267,1.0
NY,combined,3.5,medium,303,0.0975,-0.4373039757785845,0.8874643874643875,0.6159763313609468,0.11916447121746669,0.9802047392838292
NY,combined,3.5,medium,304,0.09944444444444445,-0.47219741913551905,0.8840782122905028,0.5684887459807074,0.10629483759487741,0.9802063208109719
NY,combined,3.5,medium,305,0.09805555555555556,-0.4528753981867551,0.8725212464589235,0.6055825242718447,0.12500620665536968,0.9669371000468239
NY,combined,3.5,medium,306,0.09694444444444444,-0.4554116830318496,0.8581661891117478,0.5983960518198643,0.10477916295339369,0.9800266666666666
NY,combined,3.5,medium,307,0.09875,-0.4589744580255069,0.870604781997187,0.6126340882002383,0.11076277865940787,0.9735024154589371
NY,combined,3.5,medium,308,0.10097222222222223,-0.45751895974220985,0.8803301237964236,0.5932407966203983,0.10659574964179501,0.9801023950017353
NY,combined,4.0,medium,301,0.1025,-0.4647004944404596,0.8712737127371274,0.6589653440482169,0.11413784780289489,0.9900223713646532
NY,combined,4.0,medium,302,0.09916666666666667,-0.48020593312787757,0.84593837535014,0.6317249029395452,0.10443376784010085,0.9966666666666667
NY,combined,4.0,medium,303,0.10027777777777777,-0.4695290462751941,0.8601108033240997,0.6411355115158007,0.1188364567445741,0.9933333333333333
NY,combined,4.0,medium,304,0.10166666666666667,-0.48798799681517036,0.8620218579234973,0.6108597285067874,0.1078693250614209,0.9867383512544802
NY,combined,4.0,medium,305,0.10138888888888889,-0.4607575386546467,0.8726027397260274,0.6571719226856562,0.12222790747614815,0.99
NY,combined,4.0,medium,306,0.10055555555555555,-0.4716780042433254,0.8494475138121547,0.6334964654703643,0.09773594132989794,0.9966666666666667
NY,combined,4.0,medium,307,0.10069444444444445,-0.4703399520421569,0.88,0.6490585774058577,0.11096981234264967,0.9800648049958761
NY,combined,4.0,medium,308,0.10291666666666667,-0.47333478387634975,0.8758434547908233,0.6413612565445026,0.11060715288306154,0.99
NY,combined,5.0,medium,301,0.10569444444444444,-0.4787218247020882,0.8567674113009198,0.6750572082379863,0.11548703320745873,0.99
NY,combined,5.0,medium,302,0.10097222222222223,-0.4905014958528902,0.8404401650618982,0.6698888351860802,0.10470019830618334,1.0
NY,combined,5.0,medium,303,0.10333333333333333,-0.47561365013671686,0.8548387096774194,0.6784386617100372,0.12210871012811435,0.9933530571992109
NY,combined,5.0,medium,304,0.10458333333333333,-0.5054241080236916,0.8632138114209827,0.6257309941520468,0.11181017452939813,0.9966666666666667
NY,combined,5.0,medium,305,0.10569444444444444,-0.47399907190237567,0.8699080157687253,0.6835902085222122,0.11796592020903764,0.9900258397932816
NY,combined,5.0,medium,306,0.10361111111111111,-0.47345642329471643,0.8565683646112601,0.6677788369876072,0.10449286129523677,0.9966666666666667
NY,combined,5.0,medium,307,0.105,-0.47960656155738013,0.8690476190476191,0.6763754045307443,0.10956868170741367,1.0
NY,combined,5.0,medium,308,0.10513888888888889,-0.48657865697648933,0.8758256274768824,0.6732117812061711,0.10965502634808472,0.9933333333333333
NY,combined,6.0,medium,301,0.10791666666666666,-0.4887344317346659,0.8571428571428571,0.6677374942634235,0.1137925854392166,1.0
NY,combined,6.0,medium,302,0.10444444444444445,-0.4998292597506417,0.8537234042553191,0.661486158329286,0.10778219795407161,1.0
NY,combined,6.0,medium,303,0.10541666666666667,-0.47673288370942746,0.8484848484848485,0.6737621471540953,0.11879813618922667,1.0
NY,combined,6.0,medium,304,0.10652777777777778,-0.5050644842267873,0.8578878748370273,0.6143931256713212,0.1139284446498896,0.9966666666666667
NY,combined,6.0,medium,305,0.10736111111111112,-0.488817297132439,0.8628719275549805,0.6720405343159834,0.1191955485872096,0.9966666666666667
NY,combined,6.0,medium,306,0.10722222222222222,-0.48914459279381556,0.8406735751295337,0.6563097514340345,0.10933995033496112,0.9966666666666667
NY,combined,6.0,medium,307,0.10708333333333334,-0.48854859810959733,0.8819714656290532,0.6712834718374885,0.10657921027633827,1.0
NY,combined,6.0,medium,308,0.10833333333333334,-0.4988930199139834,0.867948717948718,0.6566523605150214,0.1081061484216137,1.0
NY,combined,0.0,strong,301,0.005416666666666667,0.02029048841611792,0.23076923076923078,0.02702702702702703,0.20113807381528462,0.17255986702920467
NY,combined,0.0,strong,302,0.00625,-0.004089019031577457,0.13333333333333333,0.0,0.19968368507366654,0.16738404703176626
NY,combined,0.0,strong,303,0.0059722222222222225,0.006908013952479779,0.18604651162790697,0.0,0.19820851814197613,0.17682513860009968
NY,combined,0.0,strong,304,0.0038888888888888888,-0.028991337855258415,0.03571428571428571,0.0,0.20083443052191322,0.18148866018213325
NY,combined,0.0,strong,305,0.005277777777777778,-0.0148548453089874,0.15789473684210525,0.029411764705882353,0.20119990897925774,0.18356602424652124
NY,combined,0.0,strong,306,0.006111111111111111,0.02402077500284009,0.06818181818181818,0.0,0.20189445353640414,0.17925971677773755
NY,combined,0.0,strong,307,0.007083333333333333,-0.025539789202120407,0.13725490196078433,0.0,0.20179624565351725,0.17019606308847918
NY,combined,0.0,strong,308,0.007222222222222222,-0.02108210928020268,0.19230769230769232,0.021739130434782608,0.2008660023569903,0.168036304655909
NY,combined,0.5,strong,301,0.010833333333333334,-0.05686784429093407,0.24358974358974358,0.08860759493670886,0.15871816649334297,0.1743520971532088
NY,combined,0.5,strong,302,0.013055555555555556,-0.09283340102109622,0.22340425531914893,0.023255813953488372,0.1576042143606291,0.17573752643885632
NY,combined,0.5,strong,303,0.010694444444444444,-0.03530112985225098,0.2987012987012987,0.05405405405405406,0.15754716111915437,0.17712596108476603
NY,combined,0.5,strong,304,0.011805555555555555,-0.062901994947374,0.23529411764705882,0.05263157894736842,0.1579098880836381,0.1787296376442962
NY,combined,0.5,strong,305,0.012083333333333333,-0.07006400495396321,0.2988505747126437,0.024691358024691357,0.1574943605612901,0.1721624486544478
NY,combined,0.5,strong,306,0.012083333333333333,-0.05938703094086616,0.22988505747126436,0.08139534883720931,0.15714610434703255,0.18267150142608637
NY,combined,0.5,strong,307,0.010694444444444444,-0.08311009932422339,0.15584415584415584,0.014492753623188406,0.15758129485057554,0.1793479868568736
NY,combined,0.5,strong,308,0.011111111111111112,-0.05361840695503496,0.225,0.05063291139240506,0.15611040167450704,0.1654429442802144
NY,combined,1.0,strong,301,0.021805555555555557,-0.09829216999257509,0.36942675159235666,0.12121212121212122,0.12169353382772856,0.19850029701322763
NY,combined,1.0,strong,302,0.02875,-0.15213709500088654,0.4444444444444444,0.15695067264573992,0.12182631508718327,0.22504912684687223
NY,combined,1.0,strong,303,0.02875,-0.12410211339174335,0.48792270531400966,0.1267605633802817,0.1292461910821763,0.22072820245269148
NY,combined,1.0,strong,304,0.027777777777777776,-0.1478022565880399,0.455,0.13942307692307693,0.12288883851437543,0.22356671354879196
NY,combined,1.0,strong,305,0.027777777777777776,-0.13069050698626958,0.49,0.19815668202764977,0.12116554353706054,0.20670385225615406
NY,combined,1.0,strong,306,0.024444444444444446,-0.14312922535289518,0.4090909090909091,0.12290502793296089,0.12659066453880727,0.20733324380611282
NY,combined,1.0,strong,307,0.02638888888888889,-0.11315754649180343,0.4631578947368421,0.09574468085106383,0.11870572571223513,0.21106468449835777
NY,combined,1.0,strong,308,0.029305555555555557,-0.15206163891047053,0.4976303317535545,0.1267605633802817,0.11958356897374368,0.21858467795601844
NY,combined,1.5,strong,301,0.041805555555555554,-0.1930515417157945,0.6179401993355482,0.32673267326732675,0.11547482940868165,0.28978264162659695
NY,combined,1.5,strong,302,0.04638888888888889,-0.24906525705652294,0.625748502994012,0.30493273542600896,0.10589153912046963,0.36387381759255866
NY,combined,1.5,strong,303,0.04388888888888889,-0.22501071258033808,0.620253164556962,0.3294930875576037,0.12751841210758358,0.341826007871418
NY,combined,1.5,strong,304,0.049305555555555554,-0.2530844484171234,0.6619718309859155,0.30128205128205127,0.10883847796970537,0.3780953219999184
NY,combined,1.5,strong,305,0.044444444444444446,-0.221547170991062,0.66875,0.3117505995203837,0.1290738733939103,0.3290719005074806
NY,combined,1.5,strong,306,0.043055555555555555,-0.20778705122428814,0.6225806451612903,0.27918781725888325,0.1076577387286373,0.32938075070837947
NY,combined,1.5,strong,307,0.04111111111111111,-0.2048161846307868,0.5945945945945946,0.3036649214659686,0.10660312071442342,0.28945493013552104
NY,combined,1.5,strong,308,0.04611111111111111,-0.23452707740435863,0.6626506024096386,0.35668789808917195,0.10751708860481068,0.3340594802096588
NY,combined,2.0,strong,301,0.06277777777777778,-0.27130166983524906,0.75,0.4459279038718291,0.1156097977667947,0.4904849030030127
NY,combined,2.0,strong,302,0.06597222222222222,-0.3229851265661647,0.7642105263157895,0.44065656565656564,0.10868715720102401,0.5999004995341403
NY,combined,2.0,strong,303,0.06305555555555556,-0.30511036849248563,0.7577092511013216,0.43502051983584133,0.12582879476245723,0.5631280891996937
NY,combined,2.0,strong,304,0.07166666666666667,-0.3484392061881455,0.7887596899224806,0.41687041564792177,0.10574150327109995,0.6509432014003349
NY,combined,2.0,strong,305,0.0625,-0.28668388291678537,0.7311111111111112,0.43365253077975374,0.12865093387720458,0.5069518391206188
NY,combined,2.0,strong,306,0.06541666666666666,-0.32651954118102006,0.7388535031847133,0.40511440107671604,0.10459594236380709,0.5744420729942834
NY,combined,2.0,strong,307,0.0625,-0.29490687060477033,0.7466666666666667,0.42296918767507,0.1051165767685653,0.4975515741871427
NY,combined,2.0,strong,308,0.06458333333333334,-0.308068334463852,0.7569892473118279,0.43610013175230566,0.10633269715141641,0.5397729866634835
NY,combined,2.5,strong,301,0.08347222222222223,-0.35873564865163815,0.8186356073211315,0.5378151260504201,0.11493656315173528,0.7723751133157434
NY,combined,2.5,strong,302,0.08680555555555555,-0.4386207756084652,0.816,0.5095913261050876,0.10824641371338316,0.9223728452979947
NY,combined,2.5,strong,303,0.08347222222222223,-0.38189403989638454,0.8219633943427621,0.5212489158716392,0.11868885572165477,0.8135483707295911
NY,combined,2.5,strong,304,0.0913888888888889,-0.427832493406318,0.837386018237082,0.4809483488569009,0.10787650514066367,0.899595686310997
NY,combined,2.5,strong,305,0.08694444444444445,-0.39353548967200835,0.8354632587859425,0.5209380234505863,0.12704478136060912,0.8636651283246746
NY,combined,2.5,strong,306,0.08847222222222222,-0.4159975017570399,0.8634222919937206,0.49870801033591733,0.10312137998873418,0.8728507729878512
NY,combined,2.5,strong,307,0.08555555555555555,-0.39750700871128786,0.8214285714285714,0.525,0.10279414387330661,0.8239892884750947
NY,combined,2.5,strong,308,0.08513888888888889,-0.3952735242386017,0.831973898858075,0.5179180887372014,0.1166369692577763,0.8304575088257311
NY,combined,3.0,strong,301,0.09638888888888889,-0.4198315599654722,0.861671469740634,0.6045934202358784,0.11565614941085069,0.9603635418459244
NY,combined,3.0,strong,302,0.09402777777777778,-0.45249666817662004,0.8463810930576071,0.5861618798955613,0.10431234377394417,0.9800194931773878
NY,combined,3.0,strong,303,0.09319444444444444,-0.42993917948678934,0.849478390461997,0.5998707175177763,0.12369238801920428,0.9702300709154957
NY,combined,3.0,strong,304,0.09875,-0.4498529273793145,0.8874824191279888,0.5430974071478627,0.10727746348934679,0.9734798182304196
NY,combined,3.0,strong,305,0.09541666666666666,-0.4366347642764672,0.87627365356623,0.5902061855670103,0.12440626479742929,0.966874006547911
NY,combined,3.0,strong,306,0.0961111111111111,-0.44719345186176385,0.8641618497109826,0.5787738958470666,0.10117590495303451,0.9833531746031747
NY,combined,3.0,strong,307,0.0975,-0.45982889577605585,0.8888888888888888,0.5817245817245817,0.1076796223245023,0.9835797101449274
NY,combined,3.0,strong,308,0.09597222222222222,-0.44721494802534506,0.8827785817655571,0.5795306388526728,0.10844834401204961,0.9737081678956324
NY,combined,3.5,strong,301,0.09972222222222223,-0.45397419155356655,0.8871866295264624,0.6596938775510204,0.11182504240347291,0.9900256410256411
NY,combined,3.5,strong,302,0.09847222222222222,-0.4602926507044635,0.8702397743300423,0.627318718381113,0.10623681740099551,0.9933333333333333
NY,combined,3.5,strong,303,0.09694444444444444,-0.4397234649492638,0.8667621776504298,0.6437224669603524,0.11534926810380476,0.9768539632141885
NY,combined,3.5,strong,304,0.10055555555555555,-0.4860579978928481,0.8701657458563536,0.602125147579693,0.10646628062009272,1.0
NY,combined,3.5,strong,305,0.09819444444444445,-0.4508865898088886,0.8486562942008486,0.6473118279569893,0.12619539292987664,0.9933333333333333
NY,combined,3.5,strong,306,0.09888888888888889,-0.4696984397959791,0.8679775280898876,0.6267725467952354,0.10333578658370746,0.9900198412698413
NY,combined,3.5,strong,307,0.09986111111111111,-0.46613644542914334,0.8831710709318498,0.6337719298245614,0.10752412689390245,0.9966666666666667
NY,combined,3.5,strong,308,0.10222222222222223,-0.4594757104570585,0.875,0.6258278145695364,0.10942014814681285,0.9933830845771143
NY,combined,4.0,strong,301,0.10375,-0.4602301904016295,0.8607764390896921,0.6791666666666667,0.11045838931172776,0.9966666666666667
NY,combined,4.0,strong,302,0.09916666666666667,-0.47496280295306115,0.8641456582633054,0.6586242299794661,0.10710038359327208,0.9933333333333333
NY,combined,4.0,strong,303,0.10083333333333333,-0.4649325844696535,0.8622589531680441,0.6712261846604788,0.11755644058180464,1.0
NY,combined,4.0,strong,304,0.10305555555555555,-0.49127079238792204,0.8517520215633423,0.6354497354497355,0.10929396088159958,0.9933333333333333
NY,combined,4.0,strong,305,0.10180555555555555,-0.45681467853194935,0.8744884038199181,0.6767485822306238,0.12456299802456816,0.9900258397932816
NY,combined,4.0,strong,306,0.10166666666666667,-0.47040427350576325,0.8633879781420765,0.6593075765178124,0.10201864709147414,1.0
NY,combined,4.0,strong,307,0.10222222222222223,-0.4762828538984785,0.8913043478260869,0.6643564356435644,0.11190414424623162,0.9933333333333333
NY,combined,4.0,strong,308,0.10222222222222223,-0.47425228720028145,0.873641304347826,0.6608996539792388,0.10884662472719932,1.0
NY,combined,5.0,strong,301,0.10708333333333334,-0.47470734875210435,0.8521400778210116,0.6826029216467463,0.11426302628681363,1.0
NY,combined,5.0,strong,302,0.10180555555555555,-0.47866684318656544,0.8431105047748977,0.6826568265682657,0.10260702827773299,1.0
NY,combined,5.0,strong,303,0.10375,-0.47221017236634827,0.8554216867469879,0.6884580703336339,0.11625920055556048,0.9966666666666667
NY,combined,5.0,strong,304,0.10472222222222222,-0.5013867170191871,0.8594164456233422,0.6376288659793814,0.1106159737735486,1.0
NY,combined,5.0,strong,305,0.10555555555555556,-0.47687233627369785,0.8605263157894737,0.6804733727810651,0.12004889199416935,1.0
NY,combined,5.0,strong,306,0.10458333333333333,-0.4799992257873782,0.851261620185923,0.6709340919867236,0.10523125707471487,0.9933531746031747
NY,combined,5.0,strong,307,0.10513888888888889,-0.48113721223106953,0.8784676354029062,0.6920369555653322,0.11139260537666,1.0
NY,combined,5.0,strong,308,0.10597222222222222,-0.48363259206413123,0.8702490170380078,0.6764436296975253,0.11103101109407536,1.0
NY,combined,6.0,strong,301,0.10805555555555556,-0.4901152068942368,0.8521850899742931,0.6678983833718245,0.11665813377338485,1.0
NY,combined,6.0,strong,302,0.10361111111111111,-0.4962642153966051,0.8445040214477212,0.6608187134502924,0.10594314055966252,1.0
NY,combined,6.0,strong,303,0.10652777777777778,-0.4787649866920504,0.8552803129074316,0.672668513388735,0.11662363310670464,1.0
NY,combined,6.0,strong,304,0.10666666666666667,-0.5018174141778309,0.8502604166666666,0.6104525862068966,0.11345689352213645,1.0
NY,combined,6.0,strong,305,0.10680555555555556,-0.49404328993820307,0.8621586475942783,0.6732810336871251,0.12129905609798286,1.0
NY,combined,6.0,strong,306,0.10486111111111111,-0.49396223272816603,0.8556291390728477,0.6561437591063624,0.11106327136158156,1.0
NY,combined,6.0,strong,307,0.10722222222222222,-0.4848378001064101,0.8808290155440415,0.6806986117330945,0.11215209552104378,1.0
NY,combined,6.0,strong,308,0.10777777777777778,-0.4924761501509278,0.8724226804123711,0.6574427480916031,0.10742782816344663,1.0
NY,combined,0.0,weak,301,0.0030555555555555557,0.0037493982558092567,0.09090909090909091,0.0,0.20048258156917206,0.1628372620464315
NY,combined,0.0,weak,302,0.004722222222222222,-0.009262536383937415,0.14705882352941177,0.0,0.2012390201731223,0.16054924327014666
NY,combined,0.0,weak,303,0.005277777777777778,0.06366806584881916,0.13157894736842105,0.0,0.1994523367828882,0.1662823886908301
NY,combined,0.0,weak,304,0.0031944444444444446,0.013909768398895067,0.08695652173913043,0.0,0.20018671373146216,0.17111290560971046
NY,combined,0.0,weak,305,0.0043055555555555555,0.00596533035566335,0.03225806451612903,0.0,0.20093546436696422,0.16136062936159098
NY,combined,0.0,weak,306,0.00625,0.03167610588516803,0.17777777777777778,0.045454545454545456,0.19980844435947773,0.15827858891729116
NY,combined,0.0,weak,307,0.005277777777777778,0.0018280980461214738,0.02631578947368421,0.0,0.20043094889268276,0.15791759016932624
NY,combined,0.0,weak,308,0.004583333333333333,-0.019654244386789185,0.030303030303030304,0.03333333333333333,0.19856502014804023,0.15925649390515798
NY,combined,0.5,weak,301,0.007083333333333333,0.021939989806849497,0.09803921568627451,0.06,0.1552921748349209,0.15879157985081885
NY,combined,0.5,weak,302,0.008472222222222223,-0.043225023851052695,0.2459016393442623,0.017543859649122806,0.15577823787239495,0.15758606240075823
NY,combined,0.5,weak,303,0.00986111111111111,-0.03144627180528377,0.22535211267605634,0.04411764705882353,0.1564126972416228,0.16660702808305114
NY,combined,0.5,weak,304,0.009722222222222222,-0.03217128872866497,0.2,0.0,0.1555984544058685,0.16581343569791746
NY,combined,0.5,weak,305,0.01,-0.025816551690895313,0.20833333333333334,0.0,0.1563722229542117,0.1661372572413834
NY,combined,0.5,weak,306,0.00986111111111111,-0.04310374694147285,0.19718309859154928,0.0,0.15665834137151882,0.17171205102154335
NY,combined,0.5,weak,307,0.010694444444444444,-0.014551435538263593,0.16883116883116883,0.014705882352941176,0.15582046084510054,0.15988803123699596
NY,combined,0.5,weak,308,0.010416666666666666,-0.027276257519659335,0.10666666666666667,0.0,0.15848901455772701,0.16243891949017503
NY,combined,1.0,weak,301,0.020416666666666666,-0.0741498956484505,0.3741496598639456,0.07692307692307693,0.12476585574436173,0.18035378017691397
NY,combined,1.0,weak,302,0.023055555555555555,-0.13005951817068911,0.41566265060240964,0.08074534161490683,0.11716188187347189,0.19603720637600386
NY,combined,1.0,weak,303,0.022916666666666665,-0.10000302502095092,0.3939393939393939,0.07407407407407407,0.12963155177814606,0.18891951059185086
NY,combined,1.0,weak,304,0.02263888888888889,-0.10317335199252628,0.3803680981595092,0.06535947712418301,0.12459637536339026,0.20056694951804543
NY,combined,1.0,weak,305,0.021527777777777778,-0.09997814006486826,0.4258064516129032,0.087248322147651,0.12805137787133467,0.189048805180453
NY,combined,1.0,weak,306,0.01986111111111111,-0.07347342039631366,0.3356643356643357,0.08148148148148149,0.12982644061343496,0.18488601926941287
NY,combined,1.0,weak,307,0.017916666666666668,-0.0751914479217422,0.31007751937984496,0.0859375,0.12268644226445159,0.17776024274800123
NY,combined,1.0,weak,308,0.020833333333333332,-0.07393101666591705,0.38666666666666666,0.09803921568627451,0.11769913729754126,0.18667183227873801
NY,combined,1.5,weak,301,0.03333333333333333,-0.12754205968904755,0.49583333333333335,0.2014388489208633,0.11879724653450378,0.24387836774104973
NY,combined,1.5,weak,302,0.03819444444444445,-0.1869908631650945,0.5054545454545455,0.14864864864864866,0.10691648454341002,0.28058232938086
NY,combined,1.5,weak,303,0.03680555555555556,-0.16401050645352294,0.5471698113207547,0.15658362989323843,0.1261774189259852,0.2717561976083298
NY,combined,1.5,weak,304,0.04055555555555555,-0.18087890119620448,0.571917808219178,0.1523809523809524,0.1106239969810026,0.30119343214066563
NY,combined,1.5,weak,305,0.03638888888888889,-0.1372376175194291,0.5572519083969466,0.18983050847457628,0.11930978478033478,0.262186630770565
NY,combined,1.5,weak,306,0.03791666666666667,-0.2036734084391662,0.5604395604395604,0.1267605633802817,0.111861995806405,0.28222506344338105
NY,combined,1.5,weak,307,0.035277777777777776,-0.16483893618316647,0.547244094488189,0.1794871794871795,0.10816508222365795,0.25040668768959695
NY,combined,1.5,weak,308,0.03944444444444444,-0.1811062708545798,0.5845070422535211,0.15384615384615385,0.10587644852608917,0.28304613336418893
NY,combined,2.0,weak,301,0.05597222222222222,-0.25043883845074577,0.707196029776675,0.29672447013487474,0.1131445327851363,0.4258204720883879
NY,combined,2.0,weak,302,0.058055555555555555,-0.2687716107926017,0.7009569377990431,0.28053435114503816,0.1074842887921279,0.4622968026738455
NY,combined,2.0,weak,303,0.05652777777777778,-0.2543907072222931,0.7027027027027027,0.27897838899803534,0.12017321157766742,0.43079209853468664
NY,combined,2.0,weak,304,0.06111111111111111,-0.27701730169319744,0.7,0.27289048473967686,0.10901200017955782,0.4909548309605263
NY,combined,2.0,weak,305,0.05555555555555555,-0.254498789557643,0.7075,0.32,0.126470325817806,0.41948351109279824
NY,combined,2.0,weak,306,0.055,-0.26130878498531596,0.6742424242424242,0.2510460251046025,0.10349640994271515,0.44629838858572685
NY,combined,2.0,weak,307,0.05708333333333333,-0.27270842630279,0.7420924574209246,0.28160919540229884,0.1078052256488995,0.4555572011459927
NY,combined,2.0,weak,308,0.059027777777777776,-0.2658654823069205,0.7105882352941176,0.3196428571428571,0.10867468572575979,0.43903058108909987
NY,combined,2.5,weak,301,0.07041666666666667,-0.3184189980745298,0.7731755424063116,0.418227215980025,0.11812925386265756,0.5901187554479117
NY,combined,2.5,weak,302,0.07888888888888888,-0.4005798278385021,0.8169014084507042,0.3664670658682635,0.10698683769797628,0.779646968078618
NY,combined,2.5,weak,303,0.06972222222222223,-0.33410817201802806,0.7669322709163346,0.42293464858199753,0.12197109909155375,0.6256943205006846
NY,combined,2.5,weak,304,0.08180555555555556,-0.3662117541922691,0.7877758913412564,0.3283582089552239,0.10645080024843545,0.7256995710029792
NY,combined,2.5,weak,305,0.07847222222222222,-0.34910275875653374,0.8,0.4187358916478555,0.12296315055642604,0.7001288191876712
NY,combined,2.5,weak,306,0.07569444444444444,-0.3525499099831181,0.781651376146789,0.3545108005082592,0.10698186390980714,0.6979350487389226
NY,combined,2.5,weak,307,0.07416666666666667,-0.335747502343042,0.799625468164794,0.4439359267734554,0.10779459981660933,0.6391112619427978
NY,combined,2.5,weak,308,0.07680555555555556,-0.34719457126392156,0.8119349005424955,0.38674698795180723,0.11215613471979659,0.656077996451782
NY,combined,3.0,weak,301,0.08972222222222222,-0.4095336799956829,0.8498452012383901,0.4731277533039648,0.11133545671819679,0.8531863822998308
NY,combined,3.0,weak,302,0.08833333333333333,-0.41093898271663304,0.8113207547169812,0.5067001675041876,0.10600416376285383,0.8532388283234045
NY,combined,3.0,weak,303,0.08861111111111111,-0.40249247035402935,0.8401253918495298,0.5241605241605242,0.12593796473045238,0.874676822542727
NY,combined,3.0,weak,304,0.09222222222222222,-0.4469786109187919,0.8524096385542169,0.43148148148148147,0.10954231019175807,0.8869580999042014
NY,combined,3.0,weak,305,0.08763888888888889,-0.39396292565257124,0.8415213946117274,0.5218106995884774,0.12470280067216949,0.8357480071666756
NY,combined,3.0,weak,306,0.09277777777777778,-0.4298680749282032,0.8517964071856288,0.4797979797979798,0.1057689952794973,0.9098422765818657
NY,combined,3.0,weak,307,0.08916666666666667,-0.41427040574377866,0.8193146417445483,0.5140728476821192,0.10341504735997457,0.8606805187664148
NY,combined,3.0,weak,308,0.08861111111111111,-0.4065579035680473,0.8307210031347962,0.5206477732793522,0.10875494241206957,0.8444078436735473
NY,combined,3.5,weak,301,0.09597222222222222,-0.4346295374648971,0.8350217076700435,0.565771812080537,0.1106245292308946,0.9213756877261278
NY,combined,3.5,weak,302,0.09458333333333334,-0.45861052633261906,0.8443465491923642,0.5581881533101045,0.10726483373131285,0.9570223855130752
NY,combined,3.5,weak,303,0.09333333333333334,-0.43922614556251527,0.8616071428571429,0.5767160161507402,0.12235803884464536,0.9278454195641802
NY,combined,3.5,weak,304,0.09902777777777778,-0.4683009630794314,0.8597475455820477,0.519884309472162,0.10744470687780215,0.9475640368522985
NY,combined,3.5,weak,305,0.09541666666666666,-0.43732630705033093,0.8544395924308588,0.5750670241286864,0.12487567489470507,0.9256442534768446
NY,combined,3.5,weak,306,0.0961111111111111,-0.44918483314583496,0.8598265895953757,0.5639651707970529,0.1041199097958427,0.9603155577299413
NY,combined,3.5,weak,307,0.09694444444444444,-0.4467892310557478,0.8524355300859598,0.5778069599474721,0.10890520185124891,0.9380524641676667
NY,combined,3.5,weak,308,0.0973611111111111,-0.4579771041922891,0.884450784593438,0.5697368421052632,0.1078457123994782,0.9378244554312949
NY,combined,4.0,weak,301,0.10305555555555555,-0.4547914068961097,0.8881401617250674,0.6444560124934929,0.11091652346323456,0.9734797008547008
NY,combined,4.0,weak,302,0.09819444444444445,-0.4684833129947678,0.8571428571428571,0.6239316239316239,0.10555127455446732,0.98
NY,combined,4.0,weak,303,0.09944444444444445,-0.447418748786291,0.86731843575419,0.6375068343357025,0.12112867842070689,0.9669367937258494
NY,combined,4.0,weak,304,0.10208333333333333,-0.4780856769265803,0.8530612244897959,0.6022131624927198,0.10891772776345211,0.9800999115826702
NY,combined,4.0,weak,305,0.10055555555555555,-0.45917843793086377,0.8687845303867403,0.6465288818229995,0.12086616986898253,0.9734468924248605
NY,combined,4.0,weak,306,0.09902777777777778,-0.4685908021677172,0.8569424964936886,0.6218820861678005,0.103081319680631,0.9867261904761906
NY,combined,4.0,weak,307,0.10069444444444445,-0.45845680957312757,0.8731034482758621,0.6428571428571429,0.10811680811554963,0.9605834565710344
NY,combined,4.0,weak,308,0.10152777777777777,-0.468918940178208,0.8645690834473324,0.6164692611393119,0.11287341042725979,0.9767645112497636
NY,combined,5.0,weak,301,0.10666666666666667,-0.48087341352355323,0.8489583333333334,0.6696137738483016,0.11452048975782696,1.0
NY,combined,5.0,weak,302,0.10180555555555555,-0.48169748683289343,0.8526603001364257,0.6713185755534168,0.10258803114165686,0.99
NY,combined,5.0,weak,303,0.10416666666666667,-0.4746736066468425,0.8626666666666667,0.6687410244135951,0.1193582200242455,0.9900197238658776
NY,combined,5.0,weak,304,0.10486111111111111,-0.4959341079724278,0.8556291390728477,0.6246677299308878,0.10907033228790547,0.9933563218390805
NY,combined,5.0,weak,305,0.10458333333333333,-0.4774553264470244,0.8685258964143426,0.6763194768799626,0.1182200784850554,0.99
NY,combined,5.0,weak,306,0.10444444444444445,-0.4710801389164314,0.8430851063829787,0.6594594594594595,0.10202056322225513,0.9933333333333333
NY,combined,5.0,weak,307,0.10472222222222222,-0.4739436659993357,0.850132625994695,0.6824601366742596,0.11086255563998465,0.9966666666666667
NY,combined,5.0,weak,308,0.10555555555555556,-0.4812674075422495,0.868421052631579,0.6631528509822712,0.10571746211015866,0.9966666666666667
NY,combined,6.0,weak,301,0.10902777777777778,-0.48507329407379723,0.8547770700636943,0.6724059809696421,0.11329859404495975,1.0
NY,combined,6.0,weak,302,0.10319444444444445,-0.4934874680210844,0.8317631224764468,0.6559565002471577,0.1069862793466444,0.9966666666666667
NY,combined,6.0,weak,303,0.10625,-0.4773408903358861,0.8431372549019608,0.6647727272727273,0.11556323184202853,1.0
NY,combined,6.0,weak,304,0.10652777777777778,-0.5040820871429522,0.8461538461538461,0.6099020674646355,0.11382277733687558,1.0
NY,combined,6.0,weak,305,0.10666666666666667,-0.48691136648146705,0.8541666666666666,0.6717521960240407,0.12309239752448142,0.9966666666666667
NY,combined,6.0,weak,306,0.1063888888888889,-0.48504275521439694,0.8446475195822454,0.6588404408241495,0.10832126916031266,1.0
NY,combined,6.0,weak,307,0.10652777777777778,-0.4781943902461833,0.8748370273794003,0.6774047186932849,0.11003406552171509,1.0
NY,combined,6.0,weak,308,0.10819444444444444,-0.4903258727952475,0.8741976893453145,0.6551226551226551,0.10842310099273589,0.9933333333333333
TX,combined,0.0,medium,301,0.0059722222222222225,-0.1220295886537286,0.16279069767441862,0.0,0.1984560487097252,0.16327113297060447
TX,combined,0.0,medium,302,0.009027777777777777,-0.1015106250583198,0.1076923076923077,0.0,0.20116093091351236,0.16143620266731995
TX,combined,0.0,medium,303,0.0059722222222222225,-0.08507807628587945,0.13953488372093023,0.0,0.20065648901178657,0.1577774984391701
TX,combined,0.0,medium,304,0.00625,-0.14860086395024608,0.2,0.0,0.20065681254896642,0.17350765623480555
TX,combined,0.0,medium,305,0.00625,-0.06594727678353692,0.15555555555555556,0.0,0.1986359101563442,0.1675580714575018
TX,combined,0.0,medium,306,0.006111111111111111,-0.12249742824616226,0.09090909090909091,0.0,0.20013096199705216,0.16891806969256065
TX,combined,0.0,medium,307,0.009027777777777777,-0.12663006631791437,0.2153846153846154,0.016666666666666666,0.19967220109039233,0.17346805658225728
TX,combined,0.0,medium,308,0.006527777777777778,-0.12959424601168787,0.19148936170212766,0.0,0.20096582293428844,0.17058635124145163
TX,combined,0.5,medium,301,0.012222222222222223,-0.13436524742945644,0.19318181818181818,0.012195121951219513,0.1558816942825272,0.18547467575116808
TX,combined,0.5,medium,302,0.016666666666666666,-0.20736290957249465,0.275,0.02654867256637168,0.15498844747354226,0.19313857883429975
TX,combined,0.5,medium,303,0.01625,-0.15045363182172242,0.3333333333333333,0.018518518518518517,0.15640867632482966,0.1955024418518021
TX,combined,0.5,medium,304,0.016666666666666666,-0.16583747470179208,0.3333333333333333,0.02727272727272727,0.15666749144743533,0.1988902527311639
TX,combined,0.5,medium,305,0.01611111111111111,-0.11036215049770493,0.29310344827586204,0.0196078431372549,0.1574622363004284,0.19069727903424696
TX,combined,0.5,medium,306,0.01513888888888889,-0.16874233493297638,0.3119266055045872,0.00980392156862745,0.15351823958161392,0.203627294974098
TX,combined,0.5,medium,307,0.017083333333333332,-0.17733637669942898,0.2682926829268293,0.0,0.15477499930599467,0.20903020163590655
TX,combined,0.5,medium,308,0.017222222222222222,-0.20255338160873795,0.3629032258064516,0.008849557522123894,0.15625107935653598,0.21208861584691888
TX,combined,1.0,medium,301,0.029583333333333333,-0.22752760277116638,0.4788732394366197,0.08256880733944955,0.12537070064876976,0.2762770818604256
TX,combined,1.0,medium,302,0.034722222222222224,-0.2638640418641099,0.52,0.06882591093117409,0.11855064909808605,0.3072567634572954
TX,combined,1.0,medium,303,0.034583333333333334,-0.25544646173865304,0.5381526104417671,0.038461538461538464,0.12994178436208473,0.31049603202606524
TX,combined,1.0,medium,304,0.03180555555555555,-0.2596217373666787,0.40611353711790393,0.06550218340611354,0.1311738962747899,0.30410869943912355
TX,combined,1.0,medium,305,0.03111111111111111,-0.2292290955981402,0.5044642857142857,0.08520179372197309,0.1219653760509477,0.2753153064646149
TX,combined,1.0,medium,306,0.028333333333333332,-0.24077001402613168,0.45098039215686275,0.05102040816326531,0.12275217618905711,0.2765664038275216
TX,combined,1.0,medium,307,0.035277777777777776,-0.2884998669620994,0.5393700787401575,0.05394190871369295,0.12176701887451101,0.3303734141367882
TX,combined,1.0,medium,308,0.03347222222222222,-0.27990699373120004,0.5186721991701245,0.017857142857142856,0.11681869213939412,0.31226453701125273
TX,combined,1.5,medium,301,0.05694444444444444,-0.36959416920559335,0.7097560975609756,0.1900647948164147,0.11716161431701715,0.5424890634310522
TX,combined,1.5,medium,302,0.06069444444444445,-0.3840506861801555,0.6864988558352403,0.14736842105263157,0.11262934876870657,0.6098550047237266
TX,combined,1.5,medium,303,0.058055555555555555,-0.37277799292550773,0.7105263157894737,0.15973741794310722,0.12109063184084544,0.5656489802334477
TX,combined,1.5,medium,304,0.057777777777777775,-0.3704549138503447,0.6995192307692307,0.16703296703296702,0.12210740655405533,0.5325721547075777
TX,combined,1.5,medium,305,0.05319444444444445,-0.33611822593852053,0.6892950391644909,0.21123595505617979,0.11150186692577259,0.48630000318873023
TX,combined,1.5,medium,306,0.056805555555555554,-0.3672744943601416,0.6625916870415648,0.135632183908046,0.10912465124461972,0.5083029015048465
TX,combined,1.5,medium,307,0.05986111111111111,-0.3799673472285521,0.6960556844547564,0.13876651982378854,0.11806076055269593,0.5754963664379198
TX,combined,1.5,medium,308,0.06152777777777778,-0.39684348138572634,0.744920993227991,0.14587737843551796,0.12269137983306694,0.5968029656059693
TX,combined,2.0,medium,301,0.07694444444444444,-0.44194827879833926,0.7743682310469314,0.2607449856733524,0.11350577112122719,0.781414287897022
TX,combined,2.0,medium,302,0.07694444444444444,-0.4728130770194328,0.7906137184115524,0.25952045133991536,0.11148747803649202,0.8506072396992065
TX,combined,2.0,medium,303,0.07763888888888888,-0.472058410063565,0.8103756708407871,0.2532188841201717,0.11847227579547039,0.8418528720273777
TX,combined,2.0,medium,304,0.07972222222222222,-0.45744844962757497,0.8222996515679443,0.2808683853459973,0.11870669055593285,0.814296264544902
TX,combined,2.0,medium,305,0.07888888888888888,-0.45479011649557843,0.7904929577464789,0.2577903682719547,0.11760232066632066,0.8261384125775916
TX,combined,2.0,medium,306,0.07875,-0.4425076937897904,0.8095238095238095,0.25673758865248225,0.10446204121041545,0.8185372661104817
TX,combined,2.0,medium,307,0.08041666666666666,-0.48298691845415653,0.7910189982728842,0.2528409090909091,0.10934730348458566,0.8347788156858533
TX,combined,2.0,medium,308,0.08,-0.49394037063258445,0.828125,0.23589001447178004,0.11946989248596242,0.8597625759173152
TX,combined,2.5,medium,301,0.08652777777777777,-0.49216927077694655,0.8394863563402889,0.3912133891213389,0.10844601366372886,0.9036458979306273
TX,combined,2.5,medium,302,0.08638888888888889,-0.5147755199655667,0.8102893890675241,0.3899895724713243,0.11187991793042268,0.9603452993844975
TX,combined,2.5,medium,303,0.08722222222222223,-0.503179938012173,0.8535031847133758,0.3927083333333333,0.11723513470710224,0.9217422677237281
TX,combined,2.5,medium,304,0.0875,-0.48494552941744173,0.8317460317460318,0.39897435897435896,0.11733013339406674,0.92232982352313
TX,combined,2.5,medium,305,0.08625,-0.4885904273692999,0.8373590982286635,0.4120654396728016,0.11723645545223278,0.9314536830640479
TX,combined,2.5,medium,306,0.08805555555555555,-0.49767433735014827,0.832807570977918,0.3635382955771305,0.10742389994741063,0.928224998319793
TX,combined,2.5,medium,307,0.08847222222222222,-0.530526272798152,0.8602825745682888,0.3640303358613218,0.11132490461708792,0.9605273374193234
TX,combined,2.5,medium,308,0.08597222222222223,-0.5310027281893037,0.8190630048465266,0.3502252252252252,0.11981537820990285,0.9441155096252978
TX,combined,3.0,medium,301,0.09513888888888888,-0.5060255973360142,0.8291970802919708,0.47433774834437087,0.11279493965919128,0.9668127896200186
TX,combined,3.0,medium,302,0.08819444444444445,-0.5396633112348531,0.8094488188976378,0.48502994011976047,0.1144924871433425,0.9668870808122566
TX,combined,3.0,medium,303,0.09055555555555556,-0.519533547208108,0.8374233128834356,0.47304347826086957,0.11403016934349308,0.9702713056058898
TX,combined,3.0,medium,304,0.09319444444444444,-0.5176857410096025,0.827123695976155,0.4794290512174643,0.11564859995914928,0.9669938107869143
TX,combined,3.0,medium,305,0.09222222222222222,-0.5109507572844987,0.8283132530120482,0.4733676975945017,0.11871161506042444,0.973395803163245
TX,combined,3.0,medium,306,0.09222222222222222,-0.5237042265919544,0.8569277108433735,0.4444444444444444,0.1101711173687392,0.9539609240185102
TX,combined,3.0,medium,307,0.09291666666666666,-0.5511107706843001,0.8325859491778774,0.44781445138269405,0.10819042402282365,0.9834028393966283
TX,combined,3.0,medium,308,0.09111111111111111,-0.5431543398038972,0.823170731707317,0.43413729128014844,0.11919825626419388,0.9769241004280921
TX,combined,3.5,medium,301,0.09444444444444444,-0.5254907113302603,0.8117647058823529,0.5593337959750173,0.1113768894916215,0.9734326277749097
TX,combined,3.5,medium,302,0.09069444444444444,-0.5316441343545992,0.8039816232771823,0.5469897209985316,0.11576729865881279,0.9836363636363635
TX,combined,3.5,medium,303,0.09333333333333334,-0.5384760487360096,0.8377976190476191,0.5255639097744361,0.11283865484850476,0.9933333333333333
TX,combined,3.5,medium,304,0.09708333333333333,-0.5324942361425814,0.8469241773962805,0.5432185523541813,0.11040367460004342,0.9900358422939067
TX,combined,3.5,medium,305,0.09416666666666666,-0.5216848904043305,0.8244837758112095,0.5421511627906976,0.1206941969520805,0.9801481481481482
TX,combined,3.5,medium,306,0.09569444444444444,-0.5344682152273068,0.8519593613933236,0.5058094500387297,0.10522558938031362,0.9933333333333333
TX,combined,3.5,medium,307,0.09305555555555556,-0.5615165179745045,0.8373134328358209,0.510989010989011,0.1075295929166869,0.9933333333333333
TX,combined,3.5,medium,308,0.09222222222222222,-0.5475527416037884,0.8313253012048193,0.49919093851132684,0.11915403745210672,0.976727152512489
TX,combined,4.0,medium,301,0.09805555555555556,-0.5397699922972216,0.8314447592067988,0.5607790463398253,0.11130513642707011,0.9966666666666667
TX,combined,4.0,medium,302,0.09208333333333334,-0.5517695903668935,0.799396681749623,0.5750341064120055,0.11012329279925509,0.9933333333333333
TX,combined,4.0,medium,303,0.09513888888888888,-0.5487912827283751,0.8335766423357664,0.5650988411724608,0.11427024874551804,0.99
TX,combined,4.0,medium,304,0.09708333333333333,-0.5416449243797533,0.8497854077253219,0.5872204472843451,0.11728732959914416,0.9833563218390805
TX,combined,4.0,medium,305,0.09625,-0.5367239015144802,0.8571428571428571,0.5878980891719745,0.11263007357955833,0.9966666666666667
TX,combined,4.0,medium,306,0.09652777777777778,-0.5345874723798132,0.8532374100719424,0.5575342465753425,0.10845986860783875,0.9933333333333333
TX,combined,4.0,medium,307,0.09597222222222222,-0.5547821639149104,0.8408104196816208,0.5397973950795948,0.11151205180316247,1.0
TX,combined,4.0,medium,308,0.095,-0.5534136336203568,0.8304093567251462,0.5420289855072464,0.1192001233563328,0.9966666666666667
TX,combined,5.0,medium,301,0.09972222222222223,-0.5421693688762174,0.8356545961002786,0.5885256014805675,0.10921273814564471,0.9933557046979865
TX,combined,5.0,medium,302,0.09416666666666666,-0.5512027849167377,0.8053097345132744,0.5841519318925998,0.11135260004527282,1.0
TX,combined,5.0,medium,303,0.09722222222222222,-0.5528451020446321,0.8285714285714286,0.5847133757961783,0.11514408844399342,1.0
TX,combined,5.0,medium,304,0.09972222222222223,-0.5504606871141967,0.8523676880222841,0.5940353012781497,0.11690342914672643,0.9966666666666667
TX,combined,5.0,medium,305,0.09819444444444445,-0.5397594802595048,0.842998585572843,0.5971882640586798,0.11592667862079149,1.0
TX,combined,5.0,medium,306,0.09944444444444445,-0.5435807455369355,0.8561452513966481,0.579047619047619,0.10950522117546328,0.9966666666666667
TX,combined,5.0,medium,307,0.0975,-0.5717325686076693,0.8447293447293447,0.5440451021846371,0.10888645108439769,1.0
TX,combined,5.0,medium,308,0.09625,-0.5603467584919436,0.8383838383838383,0.5625427204374572,0.1192731451001654,0.9966666666666667
TX,combined,6.0,medium,301,0.10097222222222223,-0.5523531969180536,0.8404401650618982,0.5679330328396651,0.1129971271370956,1.0
TX,combined,6.0,medium,302,0.09527777777777778,-0.5549870438922875,0.7915451895043731,0.5606267029972752,0.11041414821596333,1.0
TX,combined,6.0,medium,303,0.09902777777777778,-0.55466728003683,0.8345021037868162,0.5705996131528046,0.11489941255412504,1.0
TX,combined,6.0,medium,304,0.10097222222222223,-0.5516052835014126,0.8349381017881705,0.5737808739708676,0.11703552043556979,1.0
TX,combined,6.0,medium,305,0.09902777777777778,-0.5481475169171321,0.8330995792426368,0.5807061790668349,0.11667995502635649,1.0
TX,combined,6.0,medium,306,0.10083333333333333,-0.5533317012792472,0.8319559228650137,0.560625814863103,0.10803540900241992,1.0
TX,combined,6.0,medium,307,0.09833333333333333,-0.5722017067236652,0.8234463276836158,0.5178306092124815,0.11124750175309585,1.0
TX,combined,6.0,medium,308,0.09666666666666666,-0.5706986335764013,0.8232758620689655,0.5392296718972895,0.11726419545338891,1.0
TX,combined,0.0,strong,301,0.006388888888888889,-0.1370147288494305,0.043478260869565216,0.0,0.19902479214554444,0.17255986702920467
TX,combined,0.0,strong,302,0.010138888888888888,-0.1268614437708409,0.2054794520547945,0.0,0.19962289763870478,0.16738404703176626
TX,combined,0.0,strong,303,0.008055555555555555,-0.09941364440049441,0.2413793103448276,0.0,0.1997837454676006,0.17682513860009968
TX,combined,0.0,strong,304,0.008055555555555555,-0.11888343934067658,0.15517241379310345,0.01818181818181818,0.19957249401636024,0.18148866018213325
TX,combined,0.0,strong,305,0.007083333333333333,-0.06890340208682093,0.21568627450980393,0.0,0.20115763880586332,0.18356602424652124
TX,combined,0.0,strong,306,0.007361111111111111,-0.12191049903845537,0.1320754716981132,0.0,0.2007627921629038,0.17925971677773755
TX,combined,0.0,strong,307,0.0077777777777777776,-0.1414372797835038,0.23214285714285715,0.0,0.19953956856873215,0.17019606308847918
TX,combined,0.0,strong,308,0.007222222222222222,-0.1544976498153804,0.15384615384615385,0.0,0.19961281745592815,0.168036304655909
TX,combined,0.5,strong,301,0.017916666666666668,-0.21526735376513373,0.37209302325581395,0.03225806451612903,0.15591196984512903,0.208522695518257
TX,combined,0.5,strong,302,0.01888888888888889,-0.22331510627301476,0.27205882352941174,0.023255813953488372,0.15447655836055926,0.20854463551523206
TX,combined,0.5,strong,303,0.01986111111111111,-0.21037800848887028,0.34965034965034963,0.0,0.15621136771445837,0.22759226129147805
TX,combined,0.5,strong,304,0.01861111111111111,-0.17192212948733684,0.3208955223880597,0.016,0.15466234119002803,0.2155802072672383
TX,combined,0.5,strong,305,0.01861111111111111,-0.1572693079110565,0.43283582089552236,0.038461538461538464,0.15415489065267643,0.21580291701800103
TX,combined,0.5,strong,306,0.017916666666666668,-0.18414903140298997,0.4186046511627907,0.008403361344537815,0.15454647781815092,0.21631229911102745
TX,combined,0.5,strong,307,0.02361111111111111,-0.21517344588049475,0.4647058823529412,0.062111801242236024,0.15528705714599006,0.2401415678008423
TX,combined,0.5,strong,308,0.02236111111111111,-0.21558639923468106,0.32919254658385094,0.013422818791946308,0.1549692335416533,0.23976118792108456
TX,combined,1.0,strong,301,0.035833333333333335,-0.2504987441480782,0.5697674418604651,0.12546125461254612,0.1236404453575737,0.308886855001199
TX,combined,1.0,strong,302,0.04013888888888889,-0.3112375118359437,0.5882352941176471,0.1282051282051282,0.11504558295408629,0.3717792765301619
TX,combined,1.0,strong,303,0.03916666666666667,-0.2968716454829001,0.6276595744680851,0.10738255033557047,0.1323293938516745,0.38551326218736276
TX,combined,1.0,strong,304,0.03902777777777778,-0.27978870188607086,0.597864768683274,0.10526315789473684,0.13361373128803147,0.3582392140651606
TX,combined,1.0,strong,305,0.0375,-0.2551352084036434,0.5296296296296297,0.13427561837455831,0.11882449143452344,0.3322062235560393
TX,combined,1.0,strong,306,0.042083333333333334,-0.2862284405466038,0.6138613861386139,0.13636363636363635,0.12204346042022689,0.35734671594819917
TX,combined,1.0,strong,307,0.04055555555555555,-0.3157685131378234,0.541095890410959,0.06993006993006994,0.12385020032014966,0.37987800240599673
TX,combined,1.0,strong,308,0.04097222222222222,-0.3302859108821761,0.6338983050847458,0.10333333333333333,0.11951611194148419,0.38539455146567125
TX,combined,1.5,strong,301,0.06430555555555556,-0.4011197027422899,0.7537796976241901,0.22382671480144403,0.11582636104447548,0.6454758404280014
TX,combined,1.5,strong,302,0.06916666666666667,-0.44348245666104386,0.7228915662650602,0.25040650406504067,0.11226358975071025,0.7326338062664929
TX,combined,1.5,strong,303,0.06916666666666667,-0.4304596682501594,0.7791164658634538,0.24207011686143573,0.12641155613742497,0.7186996605665028
TX,combined,1.5,strong,304,0.06277777777777778,-0.36723094157171865,0.7477876106194691,0.2874354561101549,0.118786507119091,0.5870045635241535
TX,combined,1.5,strong,305,0.0648611111111111,-0.38861012214454665,0.7323340471092077,0.28046744574290483,0.11724041710188367,0.653730981535306
TX,combined,1.5,strong,306,0.06416666666666666,-0.40592148608906037,0.7727272727272727,0.23185840707964603,0.11023834420057776,0.6435508069615071
TX,combined,1.5,strong,307,0.06902777777777777,-0.4347190192291477,0.7766599597585513,0.2227891156462585,0.1117806046435409,0.7040149025128818
TX,combined,1.5,strong,308,0.07,-0.4408231021466019,0.7420634920634921,0.2532258064516129,0.12124395468992387,0.7086795569731428
TX,combined,2.0,strong,301,0.08541666666666667,-0.4748814540654256,0.8178861788617886,0.3486766398158803,0.10857971495160984,0.9251173941034966
TX,combined,2.0,strong,302,0.08194444444444444,-0.4907167060195978,0.8338983050847457,0.33652694610778444,0.11381983152823644,0.92499229296082
TX,combined,2.0,strong,303,0.08458333333333333,-0.5002508986702215,0.8390804597701149,0.33293838862559244,0.12461392267672174,0.9280913031412817
TX,combined,2.0,strong,304,0.08416666666666667,-0.46694353630508373,0.8399339933993399,0.3673012318029115,0.11322359992517343,0.8873088860287835
TX,combined,2.0,strong,305,0.08236111111111111,-0.4663152758948563,0.8195615514333895,0.4015233949945593,0.11520801062455503,0.8929612949407009
TX,combined,2.0,strong,306,0.08472222222222223,-0.4791405889577917,0.8278688524590164,0.3293978748524203,0.10620817899690416,0.9190976166382518
TX,combined,2.0,strong,307,0.08486111111111111,-0.4949964647273957,0.8428805237315876,0.34767441860465115,0.10907093633435694,0.9282806905525359
TX,combined,2.0,strong,308,0.08263888888888889,-0.5026905649064304,0.8336134453781513,0.31343283582089554,0.11920841512383505,0.9220283192813471
TX,combined,2.5,strong,301,0.09097222222222222,-0.5009254005495267,0.8687022900763359,0.45184518451845185,0.10496893848277077,0.970185913472887
TX,combined,2.5,strong,302,0.08708333333333333,-0.5359449312615968,0.8277511961722488,0.46167883211678834,0.11637932439731125,0.9833528265107213
TX,combined,2.5,strong,303,0.08916666666666667,-0.5213988802961228,0.8660436137071651,0.4492619926199262,0.11858173190357413,0.9701208727646906
TX,combined,2.5,strong,304,0.09069444444444444,-0.5145364736630069,0.8376722817764165,0.47001763668430335,0.11519467940846907,0.9734851232702074
TX,combined,2.5,strong,305,0.08819444444444445,-0.5083312738681565,0.8440944881889764,0.45886654478976235,0.11806387342311957,0.9669434697139874
TX,combined,2.5,strong,306,0.09041666666666667,-0.5169931240033013,0.8463901689708141,0.43940795559666973,0.10303846726442976,0.9768183605131548
TX,combined,2.5,strong,307,0.0901388888888889,-0.5338059386159895,0.8305084745762712,0.41055718475073316,0.11179227977725971,0.976737651582372
TX,combined,2.5,strong,308,0.08972222222222222,-0.5373779780499928,0.8622291021671826,0.4371482176360225,0.11580693008844743,0.9669998712945941
TX,combined,3.0,strong,301,0.09583333333333334,-0.5228908360138835,0.8507246376811595,0.5277572168763879,0.10973926308481803,0.9866666666666667
TX,combined,3.0,strong,302,0.08930555555555555,-0.5377486100839951,0.8320373250388803,0.531733746130031,0.11125978679364734,0.9866861598440545
TX,combined,3.0,strong,303,0.09305555555555556,-0.5294751828828147,0.8567164179104477,0.526395173453997,0.11464102321547125,0.98674059107455
TX,combined,3.0,strong,304,0.09430555555555556,-0.5263749497138382,0.8556701030927835,0.5288389513108614,0.11450824791399199,0.9738931227059638
TX,combined,3.0,strong,305,0.0913888888888889,-0.5117547738024827,0.8267477203647416,0.5447761194029851,0.12004425314710332,0.9801873638344227
TX,combined,3.0,strong,306,0.09305555555555556,-0.5307364823530476,0.8477611940298507,0.5108864696734059,0.10594415624045589,0.99
TX,combined,3.0,strong,307,0.09236111111111112,-0.5515762527361134,0.8360902255639098,0.4921681780708986,0.10899769767086231,0.9866666666666667
TX,combined,3.0,strong,308,0.0926388888888889,-0.5457207503753045,0.8515742128935532,0.5016129032258064,0.11811803207113947,0.9966666666666667
TX,combined,3.5,strong,301,0.09708333333333333,-0.5324001140520163,0.8354792560801144,0.5813350615683733,0.10889362557105242,0.9834228187919462
TX,combined,3.5,strong,302,0.09125,-0.5442833410040773,0.8051750380517504,0.5610795454545454,0.11201940326943405,0.9966666666666667
TX,combined,3.5,strong,303,0.09472222222222222,-0.5391764354311193,0.8577712609970675,0.5611263736263736,0.11105876380835068,0.9866666666666668
TX,combined,3.5,strong,304,0.09569444444444444,-0.5343696531003823,0.8345428156748912,0.58203125,0.11091320691509338,0.9866923076923076
TX,combined,3.5,strong,305,0.09458333333333334,-0.5204463074556356,0.8311306901615272,0.5857795172863666,0.11666340935669749,0.9867441860465116
TX,combined,3.5,strong,306,0.09527777777777778,-0.535148484669107,0.8396501457725948,0.5604395604395604,0.10704872270410919,0.99
TX,combined,3.5,strong,307,0.0948611111111111,-0.5662770405760569,0.862371888726208,0.5309470544369873,0.10865616264991228,0.9966666666666667
TX,combined,3.5,strong,308,0.09236111111111112,-0.5512857038394825,0.8285714285714286,0.5422848664688428,0.11773671532534058,0.9933333333333333
TX,combined,4.0,strong,301,0.09930555555555555,-0.5431401857787748,0.820979020979021,0.5864236329352609,0.11093045206180391,1.0
TX,combined,4.0,strong,302,0.09333333333333334,-0.5471681906639049,0.8318452380952381,0.5930232558139535,0.10857163240320122,0.9966666666666667
TX,combined,4.0,strong,303,0.09555555555555556,-0.5380277910024124,0.8343023255813954,0.5855855855855856,0.11328878399830562,1.0
TX,combined,4.0,strong,304,0.09680555555555556,-0.5388262509961367,0.8421807747489239,0.5958904109589042,0.11906141360641785,0.9933333333333333
TX,combined,4.0,strong,305,0.09694444444444444,-0.5328454738972275,0.8481375358166189,0.6013555144793592,0.1186399444890573,1.0
TX,combined,4.0,strong,306,0.09708333333333333,-0.5356336768938799,0.8512160228898427,0.5752794214332676,0.10625893800380327,0.99
TX,combined,4.0,strong,307,0.09541666666666666,-0.5590773505885063,0.8413391557496361,0.5657534246575342,0.1102970836021263,1.0
TX,combined,4.0,strong,308,0.09430555555555556,-0.5574062738887899,0.8262150220913107,0.5575842696629213,0.117875840680075,1.0
TX,combined,5.0,strong,301,0.09986111111111111,-0.5496531781077781,0.8261474269819193,0.5878712871287128,0.11409796066777866,1.0
TX,combined,5.0,strong,302,0.09375,-0.5544955656357285,0.8014814814814815,0.5870841487279843,0.11400442700280193,1.0
TX,combined,5.0,strong,303,0.09763888888888889,-0.5448366340106117,0.8278805120910384,0.5971622455274522,0.11510961184464912,1.0
TX,combined,5.0,strong,304,0.10013888888888889,-0.5441016568436822,0.8432732316227461,0.5942028985507246,0.11694614274234172,1.0
TX,combined,5.0,strong,305,0.09888888888888889,-0.5384590729423445,0.8314606741573034,0.6060786650774732,0.11761799498170045,1.0
TX,combined,5.0,strong,306,0.09944444444444445,-0.5425815471998581,0.8463687150837989,0.5861423220973783,0.11112619241079275,1.0
TX,combined,5.0,strong,307,0.09666666666666666,-0.5700569041907437,0.8318965517241379,0.5405982905982906,0.11127570839117844,1.0
TX,combined,5.0,strong,308,0.09597222222222222,-0.5620825674417815,0.849493487698987,0.5667796610169491,0.11920182892971964,1.0
TX,combined,6.0,strong,301,0.10055555555555555,-0.5514706339205769,0.824585635359116,0.5665374677002584,0.11297840558592427,1.0
TX,combined,6.0,strong,302,0.0948611111111111,-0.5527891828779672,0.7862371888726208,0.5626702997275205,0.10992378144737669,0.9966666666666667
TX,combined,6.0,strong,303,0.0975,-0.5469550210531977,0.8376068376068376,0.5674603174603174,0.11563937616869358,1.0
TX,combined,6.0,strong,304,0.09944444444444445,-0.5497329491325348,0.8226256983240223,0.5767766497461929,0.11658104696582401,1.0
TX,combined,6.0,strong,305,0.09944444444444445,-0.5474222371590336,0.8477653631284916,0.5807668133249528,0.11709203164927168,1.0
TX,combined,6.0,strong,306,0.10069444444444445,-0.549444749692616,0.8344827586206897,0.562987012987013,0.10833817462766855,1.0
TX,combined,6.0,strong,307,0.09777777777777778,-0.5787877947339957,0.8352272727272727,0.5192878338278932,0.1112169940579145,1.0
TX,combined,6.0,strong,308,0.09708333333333333,-0.560855817808784,0.8297567954220315,0.5409604519774012,0.12011136717729083,1.0
TX,combined,0.0,weak,301,0.0059722222222222225,-0.037447490349069974,0.11627906976744186,0.0,0.2002429083891207,0.1628372620464315
TX,combined,0.0,weak,302,0.010555555555555556,-0.12941756596684323,0.18421052631578946,0.014705882352941176,0.19999042109952034,0.16054924327014666
TX,combined,0.0,weak,303,0.004861111111111111,-0.03638637702267153,0.14285714285714285,0.0,0.19915943208581824,0.1662823886908301
TX,combined,0.0,weak,304,0.008055555555555555,-0.06309787507775984,0.1724137931034483,0.0,0.1997242658704699,0.17111290560971046
TX,combined,0.0,weak,305,0.006111111111111111,-0.10062676717008698,0.09090909090909091,0.0,0.20160085714498344,0.16136062936159098
TX,combined,0.0,weak,306,0.00625,-0.08844953876609342,0.1111111111111111,0.0,0.2008115536037672,0.15827858891729116
TX,combined,0.0,weak,307,0.004861111111111111,-0.10330057573802534,0.05714285714285714,0.0,0.1989700558020474,0.15791759016932624
TX,combined,0.0,weak,308,0.006388888888888889,-0.1381582132999319,0.17391304347826086,0.0,0.2003545856302532,0.15925649390515798
TX,combined,0.5,weak,301,0.010972222222222222,-0.14371853288025704,0.24050632911392406,0.013513513513513514,0.15515316399694729,0.1776469775700807
TX,combined,0.5,weak,302,0.013194444444444444,-0.17086462904463412,0.24210526315789474,0.011363636363636364,0.1547395724926259,0.18057305308923688
TX,combined,0.5,weak,303,0.01125,-0.12967176763994612,0.20987654320987653,0.0,0.157207983044344,0.17868583298681534
TX,combined,0.5,weak,304,0.014027777777777778,-0.1312983072206515,0.26732673267326734,0.0,0.15648319160750093,0.1863669302213992
TX,combined,0.5,weak,305,0.012638888888888889,-0.08758369958395135,0.16483516483516483,0.011904761904761904,0.15940700137052882,0.18499700491855597
TX,combined,0.5,weak,306,0.014166666666666666,-0.14637935829197163,0.4019607843137255,0.02127659574468085,0.1549772302180347,0.19210856829524606
TX,combined,0.5,weak,307,0.012361111111111111,-0.12749396753462772,0.33707865168539325,0.0,0.1558618507755458,0.19326119270109185
TX,combined,0.5,weak,308,0.012083333333333333,-0.16354060628616554,0.22988505747126436,0.0,0.1562491943420641,0.18751759083965347
TX,combined,1.0,weak,301,0.02722222222222222,-0.21114500146965495,0.4387755102040816,0.01694915254237288,0.12574517278787486,0.2361636032002259
TX,combined,1.0,weak,302,0.025,-0.2355194779507457,0.45,0.03428571428571429,0.11969886602865422,0.23581114278339035
TX,combined,1.0,weak,303,0.026805555555555555,-0.1949156228487974,0.37823834196891193,0.0273224043715847,0.12851060268538406,0.26206674415264114
TX,combined,1.0,weak,304,0.030416666666666668,-0.24374394866311427,0.5342465753424658,0.05188679245283019,0.13030531515172217,0.26961419824286603
TX,combined,1.0,weak,305,0.029027777777777777,-0.18211007938617244,0.41626794258373206,0.06666666666666667,0.12413201166038262,0.2614029520381599
TX,combined,1.0,weak,306,0.028333333333333332,-0.23544234102266764,0.4411764705882353,0.046875,0.11857877102043933,0.2541371118768996
TX,combined,1.0,weak,307,0.026111111111111113,-0.24786607874507888,0.46808510638297873,0.023255813953488372,0.12338362631182652,0.26857097432283983
TX,combined,1.0,weak,308,0.0275,-0.2316942529564931,0.4444444444444444,0.02717391304347826,0.12047641817936859,0.25388467995743286
TX,combined,1.5,weak,301,0.044305555555555556,-0.2980885573187949,0.6238244514106583,0.09480122324159021,0.11170013773184735,0.3827747235296718
TX,combined,1.5,weak,302,0.04875,-0.3505040929872527,0.6011396011396012,0.09315068493150686,0.11425498488675224,0.4543247425943336
TX,combined,1.5,weak,303,0.04819444444444444,-0.32796335149584704,0.6426512968299711,0.0650887573964497,0.1276014830153885,0.43275947662371134
TX,combined,1.5,weak,304,0.05125,-0.3334930945413436,0.6747967479674797,0.14102564102564102,0.11981034889908887,0.44534149982114135
TX,combined,1.5,weak,305,0.04986111111111111,-0.32370282018248425,0.6350974930362117,0.13031914893617022,0.11410337496543976,0.45531034655169206
TX,combined,1.5,weak,306,0.04736111111111111,-0.3016311459876765,0.6217008797653959,0.06865671641791045,0.11005983027415789,0.39615523498881905
TX,combined,1.5,weak,307,0.051111111111111114,-0.33808612009079037,0.6168478260869565,0.0975609756097561,0.11557357351913776,0.46276637605593135
TX,combined,1.5,weak,308,0.052083333333333336,-0.36554185555536695,0.6133333333333333,0.06830601092896176,0.11407876131592898,0.4971902302314328
TX,combined,2.0,weak,301,0.06847222222222223,-0.380947208213878,0.7099391480730223,0.22108843537414966,0.11080364302482264,0.6446406408279125
TX,combined,2.0,weak,302,0.07055555555555555,-0.4449879528427104,0.7401574803149606,0.16100178890876565,0.11062852457498762,0.7125299358124759
TX,combined,2.0,weak,303,0.07125,-0.4324517020330039,0.7758284600389863,0.2,0.11867416751549419,0.692803744586846
TX,combined,2.0,weak,304,0.07208333333333333,-0.4318761580672914,0.7707129094412332,0.19966722129783693,0.11671065723467877,0.7233138564408664
TX,combined,2.0,weak,305,0.07069444444444445,-0.4085618608191163,0.7721021611001965,0.22666666666666666,0.11405380715533832,0.6862378040151401
TX,combined,2.0,weak,306,0.06763888888888889,-0.3995307459261532,0.728952772073922,0.21107266435986158,0.1060889806991872,0.6410816107147099
TX,combined,2.0,weak,307,0.07291666666666667,-0.4561310992905982,0.780952380952381,0.18412162162162163,0.10942554986927665,0.726328405480103
TX,combined,2.0,weak,308,0.07013888888888889,-0.43535426435416336,0.7722772277227723,0.175,0.12063775722522274,0.696933240941358
TX,combined,2.5,weak,301,0.08277777777777778,-0.4551674261379683,0.7986577181208053,0.33653846153846156,0.10857301008967692,0.8354666366090748
TX,combined,2.5,weak,302,0.08,-0.4921132937401447,0.7829861111111112,0.3112244897959184,0.11406214779298716,0.862469417831323
TX,combined,2.5,weak,303,0.08333333333333333,-0.4853895781791341,0.82,0.26988265971316816,0.11741830034089219,0.8837936190357997
TX,combined,2.5,weak,304,0.08611111111111111,-0.4764679670697805,0.8161290322580645,0.3348891481913652,0.11731840410627087,0.8704739608700741
TX,combined,2.5,weak,305,0.08291666666666667,-0.46671308209300283,0.8073701842546064,0.3217391304347826,0.1109330677971493,0.8488732112939271
TX,combined,2.5,weak,306,0.08263888888888889,-0.47420438493861716,0.8252100840336134,0.2857142857142857,0.10457764255258446,0.8385346785566571
TX,combined,2.5,weak,307,0.08388888888888889,-0.4986641378031222,0.804635761589404,0.2820181112548512,0.11029937898389237,0.8684721747306203
TX,combined,2.5,weak,308,0.08041666666666666,-0.49876505745633143,0.8031088082901554,0.2857142857142857,0.12035462478730347,0.8452615185544797
TX,combined,3.0,weak,301,0.09125,-0.5036373601826667,0.821917808219178,0.4288407163053723,0.11109096514282492,0.937572473825173
TX,combined,3.0,weak,302,0.08708333333333333,-0.5233892018771745,0.8261562998405104,0.4280155642023346,0.11100915873588602,0.9380885684987629
TX,combined,3.0,weak,303,0.08763888888888889,-0.5126989131519454,0.8177496038034865,0.3975409836065574,0.11694196970487475,0.912241875953908
TX,combined,3.0,weak,304,0.09166666666666666,-0.5138519736260339,0.8196969696969697,0.4203581526861451,0.11210111437497096,0.9380105789046731
TX,combined,3.0,weak,305,0.08986111111111111,-0.500253151222576,0.8176197836166924,0.43661971830985913,0.11938486555573946,0.9345880592121377
TX,combined,3.0,weak,306,0.08986111111111111,-0.4993760340963657,0.8454404945904173,0.40139442231075695,0.11031997761793928,0.9313227871671708
TX,combined,3.0,weak,307,0.09055555555555556,-0.5388115556255975,0.8205521472392638,0.3641133263378804,0.11105364349651652,0.9605273229186272
TX,combined,3.0,weak,308,0.08666666666666667,-0.5215200484337202,0.8125,0.38848167539267014,0.11797675612717752,0.9194007581883735
TX,combined,3.5,weak,301,0.09555555555555556,-0.5279217935743276,0.8517441860465116,0.5015600624024961,0.11034902274272558,0.9669026725430164
TX,combined,3.5,weak,302,0.09,-0.5364216163522065,0.8194444444444444,0.49835796387520526,0.11115106730244823,0.9735683981194817
TX,combined,3.5,weak,303,0.09180555555555556,-0.5298556771869742,0.8366111951588502,0.4790268456375839,0.11741695403430229,0.9668725303684126
TX,combined,3.5,weak,304,0.095,-0.528614553017671,0.8435672514619883,0.5031496062992126,0.11469240255466202,0.9669639363863954
TX,combined,3.5,weak,305,0.09305555555555556,-0.508623512592684,0.8283582089552238,0.5079491255961844,0.11764188775862187,0.9670392432296782
TX,combined,3.5,weak,306,0.09430555555555556,-0.5235527912399659,0.8468335787923417,0.5015898251192369,0.10505573842184789,0.9668621067821067
TX,combined,3.5,weak,307,0.09402777777777778,-0.5552342725715875,0.8522895125553914,0.4644995722840034,0.1098602232219682,0.99
TX,combined,3.5,weak,308,0.09222222222222222,-0.5421270856287104,0.8509036144578314,0.46005267778753295,0.1205319328424489,0.9506226215812912
TX,combined,4.0,weak,301,0.09763888888888889,-0.5399085758182813,0.8378378378378378,0.5489655172413793,0.11171282954357813,0.9867561521252795
TX,combined,4.0,weak,302,0.09152777777777778,-0.5395505912847758,0.8103186646433991,0.549890750182083,0.11070402121832883,0.9835016835016837
TX,combined,4.0,weak,303,0.0948611111111111,-0.5373291159303104,0.8199121522693997,0.5301470588235294,0.11248917611350029,0.9800788954635107
TX,combined,4.0,weak,304,0.09597222222222222,-0.5396254382806118,0.8335745296671491,0.556636553161918,0.11615478818467967,0.9800919540229885
TX,combined,4.0,weak,305,0.09513888888888888,-0.5276042972262319,0.8233576642335766,0.5515536723163842,0.11722447473799173,0.980235294117647
TX,combined,4.0,weak,306,0.09597222222222222,-0.5311951154213492,0.8437047756874095,0.5433854907539118,0.10715146000907576,0.9867131746031746
TX,combined,4.0,weak,307,0.09652777777777778,-0.5563405829589471,0.8287769784172662,0.5118050266565118,0.10832001350379922,0.9966666666666667
TX,combined,4.0,weak,308,0.09347222222222222,-0.5549457373697262,0.8216939078751857,0.5136399064692128,0.12030845210127095,0.9867441860465116
TX,combined,5.0,weak,301,0.1,-0.5430658921739262,0.8347222222222223,0.5772669220945083,0.1097071921392971,0.9900401606425703
TX,combined,5.0,weak,302,0.09458333333333334,-0.5514493336234427,0.8002936857562408,0.5739130434782609,0.10886321302736901,1.0
TX,combined,5.0,weak,303,0.0973611111111111,-0.5470427959755716,0.833095577746077,0.5710560625814863,0.1157710379926266,1.0
TX,combined,5.0,weak,304,0.09888888888888889,-0.5468584815404502,0.8300561797752809,0.5849529780564263,0.11583252967841257,0.9933333333333333
TX,combined,5.0,weak,305,0.09791666666666667,-0.5429895049994805,0.8382978723404255,0.5932098765432099,0.11885607881747079,0.9966666666666667
TX,combined,5.0,weak,306,0.09847222222222222,-0.5478545178710665,0.8307475317348378,0.5661861074705111,0.1084576281036055,1.0
TX,combined,5.0,weak,307,0.09722222222222222,-0.5770542301478788,0.8442857142857143,0.5364806866952789,0.10859052430664329,1.0
TX,combined,5.0,weak,308,0.09652777777777778,-0.5588540630190145,0.8474820143884892,0.5501754385964912,0.11774764606395112,0.9933536585365855
TX,combined,6.0,weak,301,0.10111111111111111,-0.5483783534259891,0.8337912087912088,0.5675675675675675,0.11136732941962911,1.0
TX,combined,6.0,weak,302,0.09555555555555556,-0.5520797384506966,0.7950581395348837,0.561141304347826,0.11084938974905029,1.0
TX,combined,6.0,weak,303,0.09902777777777778,-0.5478613095236181,0.8274894810659187,0.5674267100977198,0.11368285296373165,0.9966666666666667
TX,combined,6.0,weak,304,0.1,-0.5469378543079676,0.8236111111111111,0.5660621761658031,0.11960820093280126,0.9966666666666667
TX,combined,6.0,weak,305,0.09958333333333333,-0.5422621586614969,0.8326359832635983,0.5786481364497789,0.11892844200527757,1.0
TX,combined,6.0,weak,306,0.10055555555555555,-0.545722510822969,0.8383977900552486,0.5597112860892388,0.11161939592770219,1.0
TX,combined,6.0,weak,307,0.09777777777777778,-0.570713394757346,0.8309659090909091,0.5196733481811433,0.109876177640622,1.0
TX,combined,6.0,weak,308,0.09708333333333333,-0.5626688301723867,0.8297567954220315,0.529796511627907,0.11887355906027501,1.0
WA,combined,0.0,medium,301,0.004722222222222222,0.0842748606532151,0.20588235294117646,0.1891891891891892,0.20492986401722932,0.16327113297060447
WA,combined,0.0,medium,302,0.0031944444444444446,0.15418625224205593,0.043478260869565216,0.05,0.20158012995772542,0.16143620266731995
WA,combined,0.0,medium,303,0.00375,0.07025204969741926,0.0,0.1935483870967742,0.20042818594341102,0.1577774984391701
WA,combined,0.0,medium,304,0.0020833333333333333,0.09792490639839241,0.26666666666666666,0.1875,0.1977420045573469,0.17350765623480555
WA,combined,0.0,medium,305,0.0038888888888888888,0.09124941093513077,0.10714285714285714,0.16129032258064516,0.20499179112117707,0.1675580714575018
WA,combined,0.0,medium,306,0.003611111111111111,0.10462861479945201,0.15384615384615385,0.20689655172413793,0.2003689172151816,0.16891806969256065
WA,combined,0.0,medium,307,0.0043055555555555555,0.08740516490601101,0.03225806451612903,0.037037037037037035,0.2054636170723992,0.17346805658225728
WA,combined,0.0,medium,308,0.002916666666666667,0.1348013457491722,0.047619047619047616,0.13636363636363635,0.20096463976524062,0.17058635124145163
WA,combined,0.5,medium,301,0.007222222222222222,0.04574556321674351,0.21153846153846154,0.25,0.16726495593288718,0.15635868400772018
WA,combined,0.5,medium,302,0.005833333333333334,0.06402268443829325,0.09523809523809523,0.15217391304347827,0.1579295576863873,0.14640877959445045
WA,combined,0.5,medium,303,0.00625,0.04848777006846023,0.06666666666666667,0.19607843137254902,0.1599085553803071,0.1614005833031701
WA,combined,0.5,medium,304,0.0059722222222222225,0.07268219208977822,0.09302325581395349,0.22,0.15682408739110232,0.16249168453607418
WA,combined,0.5,medium,305,0.0075,0.06632538811922607,0.16666666666666666,0.22033898305084745,0.1776235405067456,0.15073701374200585
WA,combined,0.5,medium,306,0.005694444444444445,0.07098607432525601,0.17073170731707318,0.1956521739130435,0.1574529107573954,0.17372453726499296
WA,combined,0.5,medium,307,0.007916666666666667,0.03998326093356928,0.08771929824561403,0.15873015873015872,0.15582358893684997,0.16307483912977214
WA,combined,0.5,medium,308,0.007222222222222222,0.06520597964771527,0.11538461538461539,0.296875,0.160634349892654,0.16284816099707386
WA,combined,1.0,medium,301,0.01138888888888889,0.0392731703357617,0.23170731707317074,0.32710280373831774,0.1294692296807621,0.15188898570862364
WA,combined,1.0,medium,302,0.01361111111111111,0.013131313797818856,0.23469387755102042,0.23893805309734514,0.12407858615060081,0.1471347878464046
WA,combined,1.0,medium,303,0.014722222222222222,-0.02661675586978837,0.3490566037735849,0.2558139534883721,0.12324620711848172,0.15837228746740423
WA,combined,1.0,medium,304,0.010694444444444444,0.035620703429242694,0.18181818181818182,0.3106796116504854,0.12060365718914216,0.1602490186414531
WA,combined,1.0,medium,305,0.01125,0.06591609839582235,0.2962962962962963,0.39344262295081966,0.15179842947247446,0.1592292040741062
WA,combined,1.0,medium,306,0.010138888888888888,0.04937755754239842,0.1643835616438356,0.3963963963963964,0.13168706122499327,0.1619711467960062
WA,combined,1.0,medium,307,0.01611111111111111,-0.019062204574793268,0.5258620689655172,0.24615384615384617,0.13855021569540263,0.16082892008087604
WA,combined,1.0,medium,308,0.014583333333333334,0.020469108521438142,0.4,0.2682926829268293,0.12938659540111866,0.1564401355116872
WA,combined,1.5,medium,301,0.017638888888888888,-0.0033051889301559186,0.41732283464566927,0.5,0.12996887232041043,0.16213231508135195
WA,combined,1.5,medium,302,0.017361111111111112,-0.0036342924916302746,0.288,0.49783549783549785,0.11098269351829577,0.15488514158255257
WA,combined,1.5,medium,303,0.020555555555555556,-0.0054004210403803855,0.39864864864864863,0.4309623430962343,0.11970598337071504,0.16550481795708938
WA,combined,1.5,medium,304,0.0175,-0.010675383314647742,0.31746031746031744,0.44761904761904764,0.11020016574306964,0.16095550216237206
WA,combined,1.5,medium,305,0.017916666666666668,0.02556556677279964,0.34108527131782945,0.5065502183406113,0.14576940375153444,0.16285040556167915
WA,combined,1.5,medium,306,0.017777777777777778,-0.009788378133575243,0.390625,0.5022026431718062,0.11262417088386593,0.1622204706581874
WA,combined,1.5,medium,307,0.019166666666666665,-0.013117450599444727,0.2898550724637681,0.44052863436123346,0.11258318290941409,0.16739398768179845
WA,combined,1.5,medium,308,0.02125,-0.011702934761949618,0.4117647058823529,0.41201716738197425,0.11892383764762632,0.15754198002686204
WA,combined,2.0,medium,301,0.026805555555555555,-0.028541328454676787,0.5181347150259067,0.6129753914988815,0.13024659587211776,0.18979902953323452
WA,combined,2.0,medium,302,0.03111111111111111,-0.07090544834768288,0.5267857142857143,0.602,0.12212343315221597,0.18931258789877414
WA,combined,2.0,medium,303,0.030694444444444444,-0.04880613412766764,0.5067873303167421,0.5899581589958159,0.11521925299051901,0.18515628167705014
WA,combined,2.0,medium,304,0.028333333333333332,-0.05143499625168636,0.5490196078431373,0.6017699115044248,0.10594529830984889,0.19101717259902407
WA,combined,2.0,medium,305,0.030694444444444444,-0.0499380375663135,0.5158371040723982,0.59026369168357,0.14246111549821847,0.18738607247172573
WA,combined,2.0,medium,306,0.02361111111111111,-0.008479196877517336,0.35294117647058826,0.639080459770115,0.11006302924541515,0.16608623508607623
WA,combined,2.0,medium,307,0.03319444444444444,-0.09869362328618339,0.5271966527196653,0.5443037974683544,0.11963467133477469,0.20650452997025118
WA,combined,2.0,medium,308,0.03111111111111111,-0.0766813073840639,0.5625,0.5720620842572062,0.1234133804301828,0.1940119852422552
WA,combined,2.5,medium,301,0.03847222222222222,-0.09292238274784716,0.5992779783393501,0.7066974595842956,0.11726316851635188,0.23126209879434537
WA,combined,2.5,medium,302,0.04555555555555556,-0.14576155045755002,0.649390243902439,0.6794871794871795,0.11389357632068038,0.2826446622481432
WA,combined,2.5,medium,303,0.04819444444444444,-0.15230303166643314,0.6887608069164265,0.6622662266226622,0.11347310259262784,0.30204483825881284
WA,combined,2.5,medium,304,0.03777777777777778,-0.09189419976018577,0.5882352941176471,0.7093301435406698,0.11336171432751742,0.2291417873298379
WA,combined,2.5,medium,305,0.04416666666666667,-0.1152226533556685,0.610062893081761,0.694006309148265,0.13614310021108658,0.26799007184189994
WA,combined,2.5,medium,306,0.030416666666666668,-0.06375075101563875,0.6073059360730594,0.7536585365853659,0.11940780400261441,0.18723945112311993
WA,combined,2.5,medium,307,0.04402777777777778,-0.13383029865780566,0.6309148264984227,0.676605504587156,0.11959209878505372,0.2748927350592885
WA,combined,2.5,medium,308,0.044305555555555556,-0.1287579874095786,0.6206896551724138,0.6547192353643967,0.12473320889845503,0.26983639993565073
WA,combined,3.0,medium,301,0.05541666666666667,-0.171918695292816,0.7443609022556391,0.7568493150684932,0.11565744660334182,0.3552619374861202
WA,combined,3.0,medium,302,0.06541666666666666,-0.25003309288933906,0.8004246284501062,0.7258687258687259,0.11775044642771859,0.5031571294236732
WA,combined,3.0,medium,303,0.06402777777777778,-0.229831777887609,0.7245119305856833,0.7198417930125247,0.11475834276476617,0.4907531393619465
WA,combined,3.0,medium,304,0.05305555555555556,-0.16295129003644465,0.6675392670157068,0.7539410555174777,0.11350470700137012,0.34713506346871165
WA,combined,3.0,medium,305,0.06291666666666666,-0.2204231369546383,0.7483443708609272,0.729099157485418,0.1282784928498238,0.44272960575240583
WA,combined,3.0,medium,306,0.04902777777777778,-0.1392452651708548,0.7082152974504249,0.779532967032967,0.11925523197011663,0.29655881829830444
WA,combined,3.0,medium,307,0.06652777777777778,-0.25107309528164923,0.755741127348643,0.7121820615796519,0.11593269358594378,0.5111327055530865
WA,combined,3.0,medium,308,0.060833333333333336,-0.19750933825576314,0.7146118721461188,0.7145877378435518,0.13030145029268406,0.4093315330320228
WA,combined,3.5,medium,301,0.07430555555555556,-0.24824977664015518,0.7962616822429907,0.7802649611694837,0.12040854446066797,0.5927745954041448
WA,combined,3.5,medium,302,0.07861111111111112,-0.2904859273477304,0.7915194346289752,0.7716049382716049,0.11868131836455435,0.6822234062229801
WA,combined,3.5,medium,303,0.08972222222222222,-0.34578480325092115,0.846749226006192,0.7199248120300752,0.1156443356073034,0.87144725078246
WA,combined,3.5,medium,304,0.075,-0.2679665716550407,0.7796296296296297,0.7764116575591985,0.10842822241039363,0.6085849837690513
WA,combined,3.5,medium,305,0.08680555555555555,-0.3197880616543104,0.848,0.7387551113130395,0.12420440469346002,0.7660345818458849
WA,combined,3.5,medium,306,0.06805555555555555,-0.21717878859040293,0.789795918367347,0.804155614500442,0.11868218675514296,0.4975088139692643
WA,combined,3.5,medium,307,0.08097222222222222,-0.3026196120543777,0.8147512864493996,0.7523191094619666,0.11766810900809895,0.6967682384116795
WA,combined,3.5,medium,308,0.08722222222222223,-0.3297820420099495,0.8535031847133758,0.7308420056764428,0.12359973605944374,0.7835572112356358
WA,combined,4.0,medium,301,0.09305555555555556,-0.33841931666892144,0.8432835820895522,0.7827169274537695,0.12311297641383452,0.9059056677074485
WA,combined,4.0,medium,302,0.09694444444444444,-0.3743785857415661,0.8553008595988538,0.7723261560183551,0.11818153019399553,0.9734508657264075
WA,combined,4.0,medium,303,0.09847222222222222,-0.3874942890918674,0.8617771509167842,0.7446560435289545,0.1171272217077211,0.9900271002710027
WA,combined,4.0,medium,304,0.09361111111111112,-0.353487729148294,0.8160237388724035,0.7762589928057554,0.1144168255213905,0.9507464164891799
WA,combined,4.0,medium,305,0.09902777777777778,-0.37360726372849834,0.8681626928471248,0.7542468856172141,0.1292279853181449,0.9738039215686274
WA,combined,4.0,medium,306,0.0926388888888889,-0.34449776089224526,0.8425787106446777,0.7859380438565959,0.11415204942371927,0.8968397623989404
WA,combined,4.0,medium,307,0.09666666666666666,-0.36990192123572463,0.8333333333333334,0.7591543978859947,0.11023837642327462,0.9572830836116702
WA,combined,4.0,medium,308,0.09819444444444445,-0.37613750703148197,0.867043847241867,0.754234098607452,0.12577840103109506,0.9603259722375079
WA,combined,5.0,medium,301,0.10430555555555555,-0.39584465178662964,0.8748335552596538,0.7882786130714943,0.12250795985676431,0.9933333333333333
WA,combined,5.0,medium,302,0.10180555555555555,-0.40600638296699443,0.859481582537517,0.7788649706457925,0.11405819391097057,1.0
WA,combined,5.0,medium,303,0.10347222222222222,-0.40772724280155914,0.8738255033557047,0.7726063829787234,0.11126037863976392,0.9966666666666667
WA,combined,5.0,medium,304,0.10125,-0.38941093647272673,0.8765432098765432,0.7992266508030934,0.10925865550348894,0.9966666666666667
WA,combined,5.0,medium,305,0.10333333333333333,-0.404073723344997,0.8709677419354839,0.7719471947194719,0.12712894537093603,1.0
WA,combined,5.0,medium,306,0.10388888888888889,-0.37986468303917814,0.8836898395721925,0.8073471676948962,0.11633662770760957,0.9966666666666667
WA,combined,5.0,medium,307,0.10291666666666667,-0.4252191520086488,0.8677462887989204,0.7741617357001972,0.11660052068468085,1.0
WA,combined,5.0,medium,308,0.10486111111111111,-0.41765107223534165,0.8860927152317881,0.7674341007674341,0.12232798138082039,1.0
WA,combined,6.0,medium,301,0.1075,-0.41168615838353095,0.8708010335917312,0.7787312289304321,0.115274272288926,1.0
WA,combined,6.0,medium,302,0.10444444444444445,-0.42697444442001775,0.863031914893617,0.7688031393067364,0.11765463359416449,1.0
WA,combined,6.0,medium,303,0.10736111111111112,-0.42926059221353424,0.8771021992238034,0.7598650927487353,0.11479000752208496,1.0
WA,combined,6.0,medium,304,0.105,-0.41007949336677174,0.873015873015873,0.7858888210140501,0.11297771526630329,0.9966666666666667
WA,combined,6.0,medium,305,0.10694444444444444,-0.42098577300085677,0.8831168831168831,0.7680077871512005,0.1327362429046058,1.0
WA,combined,6.0,medium,306,0.1076388888888889,-0.410812090227762,0.8877419354838709,0.7914235705950992,0.1095334793531119,1.0
WA,combined,6.0,medium,307,0.10736111111111112,-0.4327151172184423,0.8706338939197931,0.764163372859025,0.10854677967105723,1.0
WA,combined,6.0,medium,308,0.10597222222222222,-0.43385780585622913,0.8558322411533421,0.763,0.12501002787470974,1.0
WA,combined,0.0,strong,301,0.00375,0.06109775909235174,0.0,0.07142857142857142,0.21105817970907723,0.17255986702920467
WA,combined,0.0,strong,302,0.002916666666666667,0.1231885332839273,0.047619047619047616,0.08695652173913043,0.20347425727886234,0.16738404703176626
WA,combined,0.0,strong,303,0.002638888888888889,0.07774990514043166,0.0,0.10526315789473684,0.19810656387755943,0.17682513860009968
WA,combined,0.0,strong,304,0.0025,0.05599146564142289,0.05555555555555555,0.058823529411764705,0.199807689616355,0.18148866018213325
WA,combined,0.0,strong,305,0.004027777777777778,0.0698142265014825,0.10344827586206896,0.12903225806451613,0.20596114115090147,0.18356602424652124
WA,combined,0.0,strong,306,0.002638888888888889,0.08366853386242384,0.05263157894736842,0.15,0.204056328728213,0.17925971677773755
WA,combined,0.0,strong,307,0.004861111111111111,0.08768707311657101,0.14285714285714285,0.0,0.20453838368791566,0.17019606308847918
WA,combined,0.0,strong,308,0.003611111111111111,0.104792572041328,0.0,0.16,0.19906872021598812,0.168036304655909
WA,combined,0.5,strong,301,0.006388888888888889,0.07003138830522716,0.10869565217391304,0.3050847457627119,0.16123925653088825,0.16569016442141538
WA,combined,0.5,strong,302,0.007222222222222222,0.08028651887289245,0.07692307692307693,0.1206896551724138,0.15682171451993304,0.15289217071709454
WA,combined,0.5,strong,303,0.0077777777777777776,-0.009808981221594218,0.35714285714285715,0.21311475409836064,0.15387926452702796,0.15972039563572926
WA,combined,0.5,strong,304,0.006111111111111111,0.07798186939228137,0.09090909090909091,0.20833333333333334,0.1572207679578098,0.1693662564556372
WA,combined,0.5,strong,305,0.007083333333333333,0.04120213373137795,0.17647058823529413,0.21052631578947367,0.1683418142164965,0.179316233053684
WA,combined,0.5,strong,306,0.006388888888888889,0.10433220990198772,0.15217391304347827,0.2037037037037037,0.15616722432341626,0.1602965108147618
WA,combined,0.5,strong,307,0.007361111111111111,0.019889684681973527,0.07547169811320754,0.12280701754385964,0.16167278359659407,0.16686229760666185
WA,combined,0.5,strong,308,0.008055555555555555,0.03948976887890459,0.20689655172413793,0.203125,0.1604398047360601,0.16912838932380778
WA,combined,1.0,strong,301,0.013333333333333334,0.023340147650627144,0.2708333333333333,0.366412213740458,0.1319965854977453,0.15212446339811506
WA,combined,1.0,strong,302,0.013333333333333334,-0.005670899103863434,0.3020833333333333,0.29838709677419356,0.12762685967813778,0.15066130351093177
WA,combined,1.0,strong,303,0.015555555555555555,0.013177035151383276,0.33035714285714285,0.2857142857142857,0.13373291029672446,0.1656447645316659
WA,combined,1.0,strong,304,0.010694444444444444,0.04313496610372399,0.18181818181818182,0.33980582524271846,0.12351534342014665,0.1583837518417676
WA,combined,1.0,strong,305,0.011944444444444445,0.035907159044389805,0.313953488372093,0.4015748031496063,0.14888819768132563,0.15706373367660628
WA,combined,1.0,strong,306,0.012083333333333333,0.054135159805246594,0.19540229885057472,0.37398373983739835,0.13356295790953296,0.15525892172207761
WA,combined,1.0,strong,307,0.013194444444444444,0.014286876767876308,0.29473684210526313,0.3089430894308943,0.1282812084104584,0.1630863886040521
WA,combined,1.0,strong,308,0.012361111111111111,0.041005725292216286,0.3146067415730337,0.3389830508474576,0.13423228950831664,0.15172567520244268
WA,combined,1.5,strong,301,0.017222222222222222,0.0208946811015311,0.41935483870967744,0.5443037974683544,0.13673366995270708,0.15612874112863345
WA,combined,1.5,strong,302,0.019166666666666665,-0.03916738899237312,0.3695652173913043,0.4940239043824701,0.10554678511790055,0.15578086899788035
WA,combined,1.5,strong,303,0.02388888888888889,-0.04712307222887926,0.48255813953488375,0.44525547445255476,0.11684615019252025,0.17975020129938823
WA,combined,1.5,strong,304,0.01611111111111111,-0.00563607813619394,0.3275862068965517,0.4908256880733945,0.11709019385465681,0.16629132801617924
WA,combined,1.5,strong,305,0.02013888888888889,-0.014515910544211667,0.3793103448275862,0.4883720930232558,0.14615229206891184,0.16645875943482855
WA,combined,1.5,strong,306,0.015694444444444445,0.026676785104363675,0.37168141592920356,0.5431034482758621,0.11795304463962895,0.15640495530204107
WA,combined,1.5,strong,307,0.024166666666666666,-0.06167349137158361,0.43103448275862066,0.44,0.11586648109839354,0.18235512471822218
WA,combined,1.5,strong,308,0.020972222222222222,-0.013977764628701385,0.39072847682119205,0.432,0.1289390994284624,0.16752193015963585
WA,combined,2.0,strong,301,0.027916666666666666,-0.065079516049665,0.5422885572139303,0.6463414634146342,0.1231293042179381,0.19164406433886835
WA,combined,2.0,strong,302,0.03027777777777778,-0.07735833048599983,0.5275229357798165,0.6199616122840691,0.12200790151499456,0.1983073811916104
WA,combined,2.0,strong,303,0.03305555555555555,-0.0926389296959448,0.5378151260504201,0.5936920222634509,0.11508553127298247,0.2098958727162353
WA,combined,2.0,strong,304,0.02666666666666667,-0.039350390787445025,0.46875,0.643298969072165,0.10434511303633746,0.18569738127142082
WA,combined,2.0,strong,305,0.03,-0.052514753353443876,0.5787037037037037,0.6594982078853047,0.13579590801214966,0.18512947493175871
WA,combined,2.0,strong,306,0.025694444444444443,-0.025116767139385238,0.5513513513513514,0.6693877551020408,0.118095466696737,0.1761281421163593
WA,combined,2.0,strong,307,0.03194444444444444,-0.08745102666270307,0.5173913043478261,0.5895953757225434,0.11446275064658364,0.21742590070778373
WA,combined,2.0,strong,308,0.03277777777777778,-0.07955003986647043,0.4957627118644068,0.574,0.12941230352815405,0.19968898976968408
WA,combined,2.5,strong,301,0.03944444444444444,-0.1028252109249608,0.6056338028169014,0.7232049947970863,0.1252913489433035,0.24038760138027337
WA,combined,2.5,strong,302,0.044305555555555556,-0.146150384098249,0.6833855799373041,0.7212178877259753,0.11543523960694242,0.28932411933755464
WA,combined,2.5,strong,303,0.04597222222222222,-0.1452022893985284,0.6586102719033232,0.7072691552062869,0.11143680451884778,0.30008164749461136
WA,combined,2.5,strong,304,0.03875,-0.10566364956944066,0.6057347670250897,0.7171270718232045,0.10872511373354381,0.24428179776679135
WA,combined,2.5,strong,305,0.042777777777777776,-0.1292229228730033,0.6525974025974026,0.7215686274509804,0.14302445517023465,0.2668935995307345
WA,combined,2.5,strong,306,0.03236111111111111,-0.071760353189253,0.5708154506437768,0.7664804469273743,0.11333972178553764,0.19781237955755968
WA,combined,2.5,strong,307,0.04638888888888889,-0.16158424551723657,0.6706586826347305,0.7138755980861244,0.11891116868430925,0.29730217541306286
WA,combined,2.5,strong,308,0.04027777777777778,-0.10865072738633608,0.593103448275862,0.7237394957983193,0.1242881758835833,0.23252724614074727
WA,combined,3.0,strong,301,0.051527777777777777,-0.14056324988436966,0.692722371967655,0.7955367913148371,0.11816745329688567,0.31624990962897287
WA,combined,3.0,strong,302,0.06111111111111111,-0.21206877117898668,0.7295454545454545,0.7625649913344887,0.12035421216204532,0.446916472154932
WA,combined,3.0,strong,303,0.06861111111111111,-0.24350677045619765,0.7692307692307693,0.7380675203725262,0.10309023718423971,0.5316961099766897
WA,combined,3.0,strong,304,0.056805555555555554,-0.1898168386177508,0.7799511002444988,0.7728380024360536,0.10354770158072958,0.3960288504249213
WA,combined,3.0,strong,305,0.06152777777777778,-0.19764485374078786,0.7900677200902935,0.7614788312462731,0.13147270349814114,0.41272227040378456
WA,combined,3.0,strong,306,0.05,-0.15132493986712856,0.6888888888888889,0.7946650124069479,0.11874716839243793,0.3119575814663697
WA,combined,3.0,strong,307,0.06333333333333334,-0.2424890883938929,0.7390350877192983,0.7507489514679448,0.12443047969718866,0.47787195735745075
WA,combined,3.0,strong,308,0.06333333333333334,-0.20450253871489488,0.7412280701754386,0.753562945368171,0.12356533560460269,0.4222229013577417
WA,combined,3.5,strong,301,0.07597222222222222,-0.2595011352990253,0.7915904936014625,0.7932471863276365,0.11542372112890835,0.6303663684617744
WA,combined,3.5,strong,302,0.08777777777777777,-0.33406908247745287,0.8481012658227848,0.757537688442211,0.11371632986479048,0.8416590661770302
WA,combined,3.5,strong,303,0.08527777777777777,-0.33268114047683134,0.8224755700325733,0.7654628476546285,0.10965503747167031,0.8112492151294671
WA,combined,3.5,strong,304,0.07569444444444444,-0.27572061670540715,0.8165137614678899,0.7842127842127842,0.1102398970533488,0.6575200404600859
WA,combined,3.5,strong,305,0.08458333333333333,-0.31476699751603837,0.8160919540229885,0.7738095238095238,0.13668583471323764,0.7628907392077705
WA,combined,3.5,strong,306,0.07,-0.23309128323050077,0.8174603174603174,0.8195337620578779,0.11625800074876234,0.5048057972833201
WA,combined,3.5,strong,307,0.08375,-0.32701413621337677,0.8524046434494196,0.7569597878921785,0.11683735535036387,0.791450293180031
WA,combined,3.5,strong,308,0.08680555555555555,-0.3284280614775876,0.8432,0.7463608292898103,0.12798595968164017,0.7872321384225807
WA,combined,4.0,strong,301,0.09763888888888889,-0.35971432342248744,0.8435277382645804,0.780388151174668,0.11573008416567689,0.96347278841748
WA,combined,4.0,strong,302,0.09625,-0.3886549592106254,0.8542568542568543,0.7752808988764045,0.11729815533180431,0.9933333333333333
WA,combined,4.0,strong,303,0.09805555555555556,-0.37878414675703637,0.8640226628895185,0.7661174785100286,0.11624870703150776,0.980019723865878
WA,combined,4.0,strong,304,0.09166666666666666,-0.3501912526164235,0.8560606060606061,0.7965367965367965,0.11266303872781279,0.9036634080667408
WA,combined,4.0,strong,305,0.09930555555555555,-0.3781622149921961,0.8531468531468531,0.7661319073083779,0.1377504163504148,0.9834901960784315
WA,combined,4.0,strong,306,0.0875,-0.30451247256015984,0.8333333333333334,0.8162283515073765,0.1131730382679113,0.7735629067225112
WA,combined,4.0,strong,307,0.0975,-0.38737076890792577,0.8846153846153846,0.7683757619218358,0.12429377361320493,0.9866908212560386
WA,combined,4.0,strong,308,0.1,-0.37439204510216306,0.8569444444444444,0.7690960056061668,0.12505822656868326,0.9702293413805315
WA,combined,5.0,strong,301,0.10263888888888889,-0.40115552649854597,0.871447902571042,0.7908476658476659,0.12267079275795134,1.0
WA,combined,5.0,strong,302,0.10125,-0.41681043300833903,0.8641975308641975,0.7775590551181102,0.10921288033117266,0.9966666666666667
WA,combined,5.0,strong,303,0.10291666666666667,-0.40712044168222233,0.8744939271255061,0.773288814691152,0.10679669155720133,0.9966666666666667
WA,combined,5.0,strong,304,0.1025,-0.39186482347588386,0.8726287262872628,0.8005865102639296,0.10724150876973303,1.0
WA,combined,5.0,strong,305,0.10555555555555556,-0.39634912262587885,0.8763157894736842,0.7808304714330315,0.13417594167189933,1.0
WA,combined,5.0,strong,306,0.10347222222222222,-0.3856504727796122,0.8966442953020134,0.8081118881118882,0.12148396491325618,1.0
WA,combined,5.0,strong,307,0.10402777777777777,-0.41499212302962074,0.8664886515353805,0.7760416666666666,0.11375259530173892,1.0
WA,combined,5.0,strong,308,0.10458333333333333,-0.4173547357427992,0.8831341301460823,0.7746249184605349,0.12292507655263474,0.9966666666666667
WA,combined,6.0,strong,301,0.10902777777777778,-0.41093493490905497,0.8598726114649682,0.7806646525679758,0.12220252429165301,1.0
WA,combined,6.0,strong,302,0.10416666666666667,-0.43302997121196846,0.86,0.7698621142481944,0.11729429877349597,1.0
WA,combined,6.0,strong,303,0.10708333333333334,-0.43525925672449006,0.8910505836575876,0.7585390598579641,0.11414289107839314,0.9966666666666667
WA,combined,6.0,strong,304,0.10569444444444444,-0.4226924663194789,0.8817345597897503,0.7826893353941268,0.11644695757549463,1.0
WA,combined,6.0,strong,305,0.10805555555555556,-0.43690276968566366,0.8868894601542416,0.7587837837837837,0.13100216498453957,1.0
WA,combined,6.0,strong,306,0.10527777777777778,-0.41359724495180755,0.8759894459102903,0.792679355783309,0.11277772859600504,1.0
WA,combined,6.0,strong,307,0.10652777777777778,-0.43400834606647887,0.8722294654498044,0.7646668876367252,0.11275025105786145,1.0
WA,combined,6.0,strong,308,0.10666666666666667,-0.42573605774141443,0.8580729166666666,0.7681300813008131,0.12525996545244725,1.0
WA,combined,0.0,weak,301,0.004722222222222222,0.10892122477534191,0.0,0.12121212121212122,0.20447824877971935,0.1628372620464315
WA,combined,0.0,weak,302,0.0031944444444444446,0.05630418288813782,0.043478260869565216,0.08695652173913043,0.1972038616150947,0.16054924327014666
WA,combined,0.0,weak,303,0.0025,0.07525730686591862,0.0,0.10526315789473684,0.2007969515419206,0.1662823886908301
WA,combined,0.0,weak,304,0.0030555555555555557,0.09471909911250136,0.045454545454545456,0.18181818181818182,0.1985571283146612,0.17111290560971046
WA,combined,0.0,weak,305,0.0044444444444444444,0.12409004376293628,0.1875,0.06451612903225806,0.2010763676179562,0.16136062936159098
WA,combined,0.0,weak,306,0.0031944444444444446,0.09726409981499462,0.0,0.14814814814814814,0.1991731909741655,0.15827858891729116
WA,combined,0.0,weak,307,0.0044444444444444444,0.036697841126974794,0.0625,0.06451612903225806,0.20386817427373993,0.15791759016932624
WA,combined,0.0,weak,308,0.0038888888888888888,0.07426420233920614,0.07142857142857142,0.1935483870967742,0.2027552373237358,0.15925649390515798
WA,combined,0.5,weak,301,0.007083333333333333,0.058546131242776724,0.11764705882352941,0.21311475409836064,0.16191640994307424,0.16378043138260812
WA,combined,0.5,weak,302,0.00625,0.07411746779738304,0.13333333333333333,0.19607843137254902,0.1597393085224114,0.14314372531904784
WA,combined,0.5,weak,303,0.006805555555555555,0.06823256392778067,0.061224489795918366,0.1346153846153846,0.1576134441188565,0.15340795062712706
WA,combined,0.5,weak,304,0.006666666666666667,0.10187088860339555,0.10416666666666667,0.19230769230769232,0.1584193121200763,0.15040321544112464
WA,combined,0.5,weak,305,0.006111111111111111,0.04358523231729825,0.1590909090909091,0.2982456140350877,0.17126663391586264,0.15848160376257017
WA,combined,0.5,weak,306,0.005555555555555556,0.10697920828549268,0.025,0.2962962962962963,0.16517315847811204,0.16073168371681412
WA,combined,0.5,weak,307,0.008194444444444445,0.07042229323746464,0.13559322033898305,0.22727272727272727,0.16451108212048363,0.15871850047127498
WA,combined,0.5,weak,308,0.006805555555555555,0.06728395411101139,0.16326530612244897,0.2,0.15839053410039353,0.1596115730274273
WA,combined,1.0,weak,301,0.012222222222222223,0.045265952545063305,0.2159090909090909,0.3445378151260504,0.13740849301095295,0.15739081695167756
WA,combined,1.0,weak,302,0.011944444444444445,0.03133663961307547,0.20930232558139536,0.32456140350877194,0.12722101570022942,0.144993751064387
WA,combined,1.0,weak,303,0.012916666666666667,0.013577913690307173,0.23655913978494625,0.25833333333333336,0.13181200753167352,0.15722259175005723
WA,combined,1.0,weak,304,0.011944444444444445,0.0436437150872569,0.18604651162790697,0.30097087378640774,0.11693086500831508,0.15090353947176277
WA,combined,1.0,weak,305,0.011527777777777777,0.06598416601973958,0.2891566265060241,0.3504273504273504,0.16023187776127662,0.15086491089133175
WA,combined,1.0,weak,306,0.01,0.07941156393114399,0.16666666666666666,0.36538461538461536,0.12859575751681476,0.16031134074719586
WA,combined,1.0,weak,307,0.012777777777777779,0.02410818579912635,0.2391304347826087,0.25862068965517243,0.126253855801019,0.15003531641154974
WA,combined,1.0,weak,308,0.012083333333333333,0.0314537631711536,0.21839080459770116,0.2897196261682243,0.12804989750339144,0.15041837007109218
WA,combined,1.5,weak,301,0.01611111111111111,0.028596293184140215,0.25,0.5114155251141552,0.12616281631452783,0.15798640717532508
WA,combined,1.5,weak,302,0.01902777777777778,-0.012534549169662497,0.29927007299270075,0.4622222222222222,0.11855427931805039,0.1572578596588691
WA,combined,1.5,weak,303,0.021111111111111112,-0.006981980957989428,0.3684210526315789,0.41379310344827586,0.11849775074361024,0.1689228713916247
WA,combined,1.5,weak,304,0.019444444444444445,-0.009540848584621002,0.35714285714285715,0.4187192118226601,0.11475982183317938,0.17014829407154858
WA,combined,1.5,weak,305,0.017083333333333332,0.025863214926207405,0.34959349593495936,0.5238095238095238,0.15103260018424522,0.15520107190556162
WA,combined,1.5,weak,306,0.015555555555555555,0.03157829209873878,0.30357142857142855,0.48223350253807107,0.11678494533722479,0.15115924858846994
WA,combined,1.5,weak,307,0.019583333333333335,-0.009123187761161243,0.425531914893617,0.4343891402714932,0.11423753238012564,0.16221408134238055
WA,combined,1.5,weak,308,0.02013888888888889,0.010833465599411313,0.3103448275862069,0.40789473684210525,0.11962629869381702,0.15610246728118787
WA,combined,2.0,weak,301,0.025416666666666667,-0.0168229432138395,0.40437158469945356,0.6220657276995305,0.11625041216319933,0.1725526621439728
WA,combined,2.0,weak,302,0.02861111111111111,-0.0628378408049449,0.5728155339805825,0.571753986332574,0.1199496796895121,0.18000595873679767
WA,combined,2.0,weak,303,0.029027777777777777,-0.03582994093966801,0.507177033492823,0.5645161290322581,0.12443701330231405,0.18407085995296374
WA,combined,2.0,weak,304,0.026944444444444444,-0.04724178712498204,0.5051546391752577,0.6004672897196262,0.11187916273732694,0.1824143649832514
WA,combined,2.0,weak,305,0.029027777777777777,-0.04921014850906188,0.5358851674641149,0.5730593607305936,0.14019917140277302,0.18207636777793065
WA,combined,2.0,weak,306,0.024305555555555556,-0.000973788613731253,0.4342857142857143,0.6359102244389028,0.12089414028831787,0.15428821546896254
WA,combined,2.0,weak,307,0.03333333333333333,-0.07621144670020313,0.55,0.5023474178403756,0.12067526559566177,0.20468063717427204
WA,combined,2.0,weak,308,0.02861111111111111,-0.05114199946633881,0.5242718446601942,0.5523809523809524,0.12646510043410933,0.1724548807766691
WA,combined,2.5,weak,301,0.036944444444444446,-0.07035015937448051,0.5639097744360902,0.6920152091254753,0.12905032046229548,0.22467590591690006
WA,combined,2.5,weak,302,0.03916666666666667,-0.1093949479990383,0.5851063829787234,0.6847290640394089,0.1155182442918022,0.23026994348045635
WA,combined,2.5,weak,303,0.04513888888888889,-0.1487610035368301,0.683076923076923,0.6313823163138231,0.11713524766214213,0.2815632721648383
WA,combined,2.5,weak,304,0.03777777777777778,-0.053478273735088025,0.5330882352941176,0.6875,0.10110639349655935,0.22280076634973625
WA,combined,2.5,weak,305,0.043611111111111114,-0.12695699321710854,0.6337579617834395,0.6581818181818182,0.14375334189218394,0.25178607536016445
WA,combined,2.5,weak,306,0.0325,-0.030341283869006256,0.4829059829059829,0.7220026350461133,0.11733843146307253,0.18755193204486717
WA,combined,2.5,weak,307,0.043194444444444445,-0.13796498097789198,0.6141479099678456,0.6344647519582245,0.12631839492978217,0.27587699247681363
WA,combined,2.5,weak,308,0.04138888888888889,-0.10181844975788473,0.6040268456375839,0.6251728907330567,0.12442607368659066,0.2548780279717165
WA,combined,3.0,weak,301,0.05416666666666667,-0.1618813509288071,0.717948717948718,0.7269200930954228,0.1242419427585585,0.34451424696323113
WA,combined,3.0,weak,302,0.06180555555555556,-0.22333295365006353,0.7235955056179775,0.6992592592592592,0.11903701524089226,0.4686372926899101
WA,combined,3.0,weak,303,0.06388888888888888,-0.2280371638485343,0.7695652173913043,0.6953937592867756,0.11869303045265445,0.4744288872062194
WA,combined,3.0,weak,304,0.05375,-0.16012858346065248,0.7209302325581395,0.73896499238965,0.10909972992610371,0.3461086282503996
WA,combined,3.0,weak,305,0.06,-0.1891120790590001,0.7291666666666666,0.7192224622030238,0.130858686711503,0.392530269434432
WA,combined,3.0,weak,306,0.04763888888888889,-0.11571165033321507,0.641399416909621,0.7607692307692308,0.11185516955625192,0.28584874504615126
WA,combined,3.0,weak,307,0.058888888888888886,-0.2006511331429902,0.7216981132075472,0.7057915057915058,0.1201649188917794,0.4040320692287354
WA,combined,3.0,weak,308,0.058611111111111114,-0.1953945024485962,0.7298578199052133,0.70234375,0.12503154742015232,0.3935756411134675
WA,combined,3.5,weak,301,0.07180555555555555,-0.24060459910643084,0.793036750483559,0.7697176241480039,0.11928345874045682,0.566879599280932
WA,combined,3.5,weak,302,0.0811111111111111,-0.3007062638070911,0.8133561643835616,0.7236976506639428,0.12079221959792323,0.7436790809579952
WA,combined,3.5,weak,303,0.08347222222222223,-0.31697708734782204,0.8136439267886856,0.7101147028154328,0.11132482952812273,0.7613533889692564
WA,combined,3.5,weak,304,0.07222222222222222,-0.2494442756139934,0.8038461538461539,0.7652605459057072,0.10313105907976165,0.565111009653457
WA,combined,3.5,weak,305,0.08402777777777778,-0.30250170348754074,0.8363636363636363,0.7228177641653905,0.13309061020110827,0.7211676403961998
WA,combined,3.5,weak,306,0.06097222222222222,-0.17771937759787107,0.7608200455580866,0.812618595825427,0.11655404553644205,0.39819602908805063
WA,combined,3.5,weak,307,0.08097222222222222,-0.30929548131007606,0.7941680960548885,0.7164811870694223,0.11095498635512414,0.7342578673311065
WA,combined,3.5,weak,308,0.07819444444444444,-0.28070205744871074,0.8063943161634103,0.7311492459698388,0.12122789650050252,0.6525857578177707
WA,combined,4.0,weak,301,0.09402777777777778,-0.3352997579202669,0.8478581979320532,0.7639419404125286,0.12108403001556751,0.8686395111566347
WA,combined,4.0,weak,302,0.09361111111111112,-0.3567775797416397,0.8234421364985163,0.7630582891748675,0.12252120316139964,0.9278653540583317
WA,combined,4.0,weak,303,0.09527777777777778,-0.38346126575970946,0.8673469387755102,0.7380655873806559,0.11461834108689987,0.9472125225674013
WA,combined,4.0,weak,304,0.09305555555555556,-0.34191327730396565,0.8552238805970149,0.7733383121732637,0.11647405746659867,0.8754721841932632
WA,combined,4.0,weak,305,0.09652777777777778,-0.3634304152095327,0.8446043165467626,0.7478397486252946,0.13315461403541118,0.9473214312302564
WA,combined,4.0,weak,306,0.09083333333333334,-0.3220355730336637,0.8425076452599388,0.7862266857962698,0.10706892125975863,0.8166349842166
WA,combined,4.0,weak,307,0.09527777777777778,-0.37163891093013074,0.8440233236151603,0.7495029821073559,0.11121988496187829,0.9475179030769092
WA,combined,4.0,weak,308,0.09777777777777778,-0.3826240126713563,0.8806818181818182,0.736734693877551,0.11951196088982792,0.9539717435109848
WA,combined,5.0,weak,301,0.10222222222222223,-0.3986155693647984,0.875,0.7839370078740158,0.1190620301597774,0.9866666666666667
WA,combined,5.0,weak,302,0.09986111111111111,-0.4035385009231924,0.8609179415855355,0.7798948751642576,0.1149942540903009,0.9866666666666667
WA,combined,5.0,weak,303,0.1025,-0.40953781704109493,0.8726287262872628,0.7692568713946386,0.11794600717877342,1.0
WA,combined,5.0,weak,304,0.10041666666666667,-0.39468611112544394,0.8589211618257261,0.7946674839105118,0.11255202984077577,0.9966666666666667
WA,combined,5.0,weak,305,0.10388888888888889,-0.40514646567572077,0.8622994652406417,0.7713242615333554,0.1350451159534924,0.9866925064599483
WA,combined,5.0,weak,306,0.10291666666666667,-0.34896277494924877,0.8609986504723347,0.8166219839142091,0.11436087166082853,0.99
WA,combined,5.0,weak,307,0.10416666666666667,-0.4043084063054197,0.8706666666666667,0.7760314341846758,0.11343014447640215,0.9966666666666667
WA,combined,5.0,weak,308,0.10361111111111111,-0.4167274182342044,0.8739946380697051,0.7621658670322139,0.12117613727414626,0.9867123287671232
WA,combined,6.0,weak,301,0.10708333333333334,-0.4118948577305205,0.8625162127107653,0.7793167128347184,0.12444450253215474,1.0
WA,combined,6.0,weak,302,0.10472222222222222,-0.4249276399183033,0.8594164456233422,0.7685704853086828,0.11732478138057674,1.0
WA,combined,6.0,weak,303,0.1075,-0.4260745844090241,0.8798449612403101,0.761968085106383,0.11251217229725773,1.0
WA,combined,6.0,weak,304,0.10513888888888889,-0.41498551601834544,0.8877146631439894,0.7841328413284133,0.1093119443008836,0.9966666666666667
WA,combined,6.0,weak,305,0.10819444444444444,-0.4265961581050777,0.865211810012837,0.7624750499001997,0.12615416758594156,1.0
WA,combined,6.0,weak,306,0.10777777777777778,-0.403512032267749,0.8994845360824743,0.7913858775271022,0.11680554550757734,0.9966666666666667
WA,combined,6.0,weak,307,0.10611111111111111,-0.43175923219519263,0.8337696335078534,0.7619047619047619,0.11487905277558175,1.0
WA,combined,6.0,weak,308,0.1075,-0.4306662169091301,0.8669250645994832,0.7650147686248769,0.1191619534433462,1.0
